Timestamp,PIT502,Normal/Attack
28/12/2015 10:00:00 AM,1.649953,Normal
28/12/2015 10:01:00 AM,1.649953,Normal
28/12/2015 10:02:00 AM,1.665972,Normal
28/12/2015 10:03:00 AM,1.681991,Normal
28/12/2015 10:04:00 AM,1.746067,Normal
28/12/2015 10:05:00 AM,1.681991,Normal
28/12/2015 10:06:00 AM,1.617916,Normal
28/12/2015 10:07:00 AM,1.617916,Normal
28/12/2015 10:08:00 AM,1.69801,Normal
28/12/2015 10:09:00 AM,1.746067,Normal
28/12/2015 10:10:00 AM,1.649953,Normal
28/12/2015 10:11:00 AM,1.746067,Normal
28/12/2015 10:12:00 AM,1.730048,Normal
28/12/2015 10:13:00 AM,1.649953,Normal
28/12/2015 10:14:00 AM,1.730048,Normal
28/12/2015 10:15:00 AM,1.681991,Normal
28/12/2015 10:16:00 AM,1.69801,Normal
28/12/2015 10:17:00 AM,1.665972,Normal
28/12/2015 10:18:00 AM,1.69801,Normal
28/12/2015 10:19:00 AM,1.69801,Normal
28/12/2015 10:20:00 AM,1.69801,Normal
28/12/2015 10:21:00 AM,1.69801,Normal
28/12/2015 10:22:00 AM,1.617916,Normal
28/12/2015 10:23:00 AM,1.762086,Normal
28/12/2015 10:24:00 AM,1.649953,Normal
28/12/2015 10:25:00 AM,1.665972,Normal
28/12/2015 10:26:00 AM,1.649953,Normal
28/12/2015 10:27:00 AM,1.665972,Normal
28/12/2015 10:28:00 AM,1.601897,Normal
28/12/2015 10:29:00 AM,1.681991,Normal
28/12/2015 10:45:40 AM,1.762086,Normal
28/12/2015 10:46:40 AM,1.746067,Normal
28/12/2015 10:47:40 AM,1.730048,Normal
28/12/2015 10:48:40 AM,1.762086,Normal
28/12/2015 10:49:40 AM,1.585878,Normal
28/12/2015 10:50:40 AM,1.601897,Normal
28/12/2015 10:59:03 AM,1.730048,Normal
28/12/2015 11:00:03 AM,1.681991,Normal
28/12/2015 11:01:03 AM,1.681991,Normal
28/12/2015 11:02:03 AM,1.69801,Normal
28/12/2015 11:03:03 AM,1.681991,Normal
28/12/2015 11:04:03 AM,1.681991,Normal
28/12/2015 11:05:03 AM,1.810143,Normal
28/12/2015 11:06:03 AM,1.762086,Normal
28/12/2015 11:07:03 AM,1.69801,Normal
28/12/2015 11:08:03 AM,1.69801,Normal
28/12/2015 11:09:03 AM,1.730048,Normal
28/12/2015 11:10:03 AM,1.730048,Normal
28/12/2015 11:11:03 AM,1.778105,Normal
28/12/2015 11:12:03 AM,1.649953,Normal
28/12/2015 11:13:03 AM,1.681991,Normal
28/12/2015 11:14:03 AM,1.762086,Normal
28/12/2015 11:15:03 AM,1.778105,Normal
28/12/2015 11:16:03 AM,1.681991,Normal
28/12/2015 11:17:03 AM,1.746067,Normal
28/12/2015 11:18:03 AM,1.730048,Normal
28/12/2015 11:19:03 AM,1.746067,Normal
28/12/2015 11:20:03 AM,1.746067,Normal
28/12/2015 11:21:03 AM,1.649953,Normal
28/12/2015 11:28:26 AM,1.762086,Normal
28/12/2015 11:29:26 AM,1.730048,Normal
28/12/2015 11:30:26 AM,1.69801,Normal
28/12/2015 11:31:26 AM,1.681991,Normal
28/12/2015 11:32:26 AM,1.730048,Normal
28/12/2015 11:33:26 AM,1.730048,Normal
28/12/2015 11:34:26 AM,1.746067,Normal
28/12/2015 11:35:26 AM,1.730048,Normal
28/12/2015 11:36:26 AM,1.665972,Normal
28/12/2015 11:37:26 AM,1.778105,Normal
28/12/2015 11:38:26 AM,1.601897,Normal
28/12/2015 11:39:26 AM,1.681991,Normal
28/12/2015 11:40:26 AM,1.617916,Normal
28/12/2015 11:41:26 AM,1.665972,Normal
28/12/2015 11:42:26 AM,1.649953,Normal
28/12/2015 11:43:26 AM,1.69801,Normal
28/12/2015 11:44:26 AM,1.746067,Normal
28/12/2015 11:45:26 AM,1.762086,Normal
28/12/2015 11:46:26 AM,1.762086,Normal
28/12/2015 11:47:26 AM,1.665972,Normal
28/12/2015 11:54:56 AM,1.69801,Normal
28/12/2015 11:55:56 AM,1.762086,Normal
28/12/2015 11:56:56 AM,1.69801,Normal
28/12/2015 11:57:56 AM,1.69801,Normal
28/12/2015 11:58:56 AM,1.762086,Normal
28/12/2015 11:59:56 AM,1.730048,Normal
28/12/2015 12:04:12 PM,1.746067,Normal
28/12/2015 12:05:12 PM,1.810143,Normal
28/12/2015 12:06:12 PM,1.730048,Normal
28/12/2015 12:07:12 PM,1.730048,Normal
28/12/2015 12:08:12 PM,1.746067,Normal
28/12/2015 12:16:21 PM,1.730048,Normal
28/12/2015 12:17:21 PM,1.649953,Normal
28/12/2015 12:18:21 PM,1.69801,Normal
28/12/2015 12:19:21 PM,1.810143,Normal
28/12/2015 12:20:21 PM,1.746067,Normal
28/12/2015 12:21:21 PM,1.746067,Normal
28/12/2015 12:22:21 PM,1.681991,Normal
28/12/2015 12:23:21 PM,1.762086,Normal
28/12/2015 12:24:21 PM,1.810143,Normal
28/12/2015 12:25:21 PM,1.762086,Normal
28/12/2015 12:26:21 PM,1.681991,Normal
28/12/2015 12:27:21 PM,1.746067,Normal
28/12/2015 12:28:21 PM,1.681991,Normal
28/12/2015 12:29:21 PM,1.826162,Normal
28/12/2015 12:30:21 PM,1.762086,Normal
28/12/2015 12:31:21 PM,1.665972,Normal
28/12/2015 12:32:21 PM,1.681991,Normal
28/12/2015 12:33:21 PM,1.665972,Normal
28/12/2015 12:34:21 PM,1.746067,Normal
28/12/2015 12:35:21 PM,1.69801,Normal
28/12/2015 12:36:21 PM,1.746067,Normal
28/12/2015 12:37:21 PM,1.778105,Normal
28/12/2015 12:38:21 PM,1.762086,Normal
28/12/2015 12:39:21 PM,1.730048,Normal
28/12/2015 12:40:21 PM,1.746067,Normal
28/12/2015 12:41:21 PM,1.730048,Normal
28/12/2015 12:42:21 PM,1.730048,Normal
28/12/2015 12:43:21 PM,1.778105,Normal
28/12/2015 12:44:21 PM,1.778105,Normal
28/12/2015 12:45:21 PM,1.778105,Normal
28/12/2015 12:46:21 PM,1.730048,Normal
28/12/2015 12:47:21 PM,1.730048,Normal
28/12/2015 12:48:21 PM,1.69801,Normal
28/12/2015 12:49:21 PM,1.746067,Normal
28/12/2015 12:50:21 PM,1.730048,Normal
28/12/2015 12:51:21 PM,1.746067,Normal
28/12/2015 12:52:21 PM,1.746067,Normal
28/12/2015 12:53:21 PM,1.778105,Normal
28/12/2015 12:54:21 PM,1.69801,Normal
28/12/2015 12:55:21 PM,1.762086,Normal
28/12/2015 12:56:21 PM,1.762086,Normal
28/12/2015 12:57:21 PM,1.746067,Normal
28/12/2015 12:58:21 PM,1.778105,Normal
28/12/2015 12:59:21 PM,1.778105,Normal
28/12/2015 1:00:21 PM,1.778105,Normal
28/12/2015 1:01:21 PM,1.746067,Normal
28/12/2015 1:02:21 PM,1.746067,Normal
28/12/2015 1:03:21 PM,1.746067,Normal
28/12/2015 1:04:21 PM,1.778105,Normal
28/12/2015 1:05:21 PM,1.746067,Normal
28/12/2015 1:06:21 PM,1.810143,Normal
28/12/2015 1:07:21 PM,1.762086,Normal
28/12/2015 1:08:21 PM,1.762086,Normal
28/12/2015 1:09:21 PM,1.762086,Normal
28/12/2015 1:26:25 PM,1.665972,Normal
28/12/2015 1:27:25 PM,1.762086,Normal
28/12/2015 1:28:25 PM,1.730048,Normal
28/12/2015 1:29:25 PM,1.617916,Normal
28/12/2015 1:30:25 PM,1.601897,Normal
28/12/2015 1:31:25 PM,1.585878,Normal
28/12/2015 1:32:25 PM,1.601897,Normal
28/12/2015 1:33:25 PM,1.649953,Normal
28/12/2015 1:34:25 PM,1.601897,Normal
28/12/2015 1:35:25 PM,1.649953,Normal
28/12/2015 1:36:25 PM,1.665972,Normal
28/12/2015 1:37:25 PM,1.649953,Normal
28/12/2015 1:38:25 PM,1.69801,Normal
28/12/2015 1:39:25 PM,1.69801,Normal
28/12/2015 1:40:25 PM,1.69801,Normal
28/12/2015 1:41:25 PM,1.69801,Normal
28/12/2015 1:42:25 PM,1.746067,Normal
28/12/2015 1:43:25 PM,1.810143,Normal
28/12/2015 1:44:25 PM,1.730048,Normal
28/12/2015 1:45:25 PM,1.730048,Normal
28/12/2015 1:46:25 PM,1.730048,Normal
28/12/2015 1:47:25 PM,1.681991,Normal
28/12/2015 1:48:25 PM,1.69801,Normal
28/12/2015 1:49:25 PM,1.730048,Normal
28/12/2015 1:50:25 PM,1.810143,Normal
28/12/2015 1:51:25 PM,1.746067,Normal
28/12/2015 1:52:25 PM,1.746067,Normal
28/12/2015 1:53:25 PM,1.69801,Normal
28/12/2015 1:54:25 PM,1.730048,Normal
28/12/2015 1:55:25 PM,1.730048,Normal
28/12/2015 1:56:25 PM,1.778105,Normal
28/12/2015 1:57:25 PM,1.746067,Normal
28/12/2015 1:58:25 PM,1.746067,Normal
28/12/2015 1:59:25 PM,1.762086,Normal
28/12/2015 2:00:25 PM,1.730048,Normal
28/12/2015 2:01:25 PM,1.665972,Normal
28/12/2015 2:02:25 PM,1.730048,Normal
28/12/2015 2:03:25 PM,1.730048,Normal
28/12/2015 2:04:25 PM,1.746067,Normal
28/12/2015 2:05:25 PM,1.762086,Normal
28/12/2015 2:06:25 PM,1.778105,Normal
28/12/2015 2:07:25 PM,1.746067,Normal
28/12/2015 2:08:25 PM,1.746067,Normal
28/12/2015 2:09:25 PM,1.746067,Normal
28/12/2015 2:10:25 PM,1.681991,Normal
28/12/2015 2:11:25 PM,1.746067,Normal
28/12/2015 2:12:25 PM,1.746067,Normal
28/12/2015 2:13:25 PM,1.746067,Normal
28/12/2015 2:14:25 PM,1.730048,Normal
28/12/2015 2:15:25 PM,1.778105,Normal
28/12/2015 2:28:26 PM,1.601897,Normal
28/12/2015 2:29:26 PM,1.730048,Normal
28/12/2015 2:30:26 PM,1.585878,Normal
28/12/2015 2:31:26 PM,1.585878,Normal
28/12/2015 2:32:26 PM,1.585878,Normal
28/12/2015 2:33:26 PM,1.537821,Normal
28/12/2015 2:34:26 PM,1.601897,Normal
28/12/2015 2:35:26 PM,1.569859,Normal
28/12/2015 2:36:26 PM,1.617916,Normal
28/12/2015 2:37:26 PM,1.585878,Normal
28/12/2015 2:38:26 PM,1.585878,Normal
28/12/2015 2:39:26 PM,1.537821,Normal
28/12/2015 2:40:26 PM,1.537821,Normal
28/12/2015 2:41:26 PM,1.537821,Normal
28/12/2015 2:42:26 PM,1.537821,Normal
28/12/2015 2:43:26 PM,1.585878,Normal
28/12/2015 2:44:26 PM,1.585878,Normal
28/12/2015 2:45:26 PM,1.505783,Normal
28/12/2015 2:46:26 PM,1.569859,Normal
28/12/2015 2:47:26 PM,1.601897,Normal
28/12/2015 2:48:26 PM,1.601897,Normal
28/12/2015 2:49:26 PM,1.569859,Normal
28/12/2015 2:50:26 PM,1.601897,Normal
28/12/2015 2:51:26 PM,1.585878,Normal
28/12/2015 2:52:26 PM,1.585878,Normal
28/12/2015 2:53:26 PM,1.585878,Normal
28/12/2015 2:54:26 PM,1.569859,Normal
28/12/2015 2:55:26 PM,1.569859,Normal
28/12/2015 2:56:26 PM,1.569859,Normal
28/12/2015 2:57:26 PM,1.617916,Normal
28/12/2015 2:58:26 PM,1.585878,Normal
28/12/2015 2:59:26 PM,1.585878,Normal
28/12/2015 3:00:26 PM,1.585878,Normal
28/12/2015 3:01:26 PM,1.585878,Normal
28/12/2015 3:02:26 PM,1.585878,Normal
28/12/2015 3:03:26 PM,1.585878,Normal
28/12/2015 3:04:26 PM,1.585878,Normal
28/12/2015 3:05:26 PM,1.537821,Normal
28/12/2015 3:06:26 PM,1.601897,Normal
28/12/2015 3:07:26 PM,1.585878,Normal
28/12/2015 3:08:26 PM,1.505783,Normal
28/12/2015 3:09:26 PM,1.569859,Normal
28/12/2015 3:10:26 PM,1.537821,Normal
28/12/2015 3:11:26 PM,1.617916,Normal
28/12/2015 3:12:26 PM,1.601897,Normal
28/12/2015 3:13:26 PM,1.601897,Normal
28/12/2015 3:14:26 PM,1.585878,Normal
28/12/2015 3:15:26 PM,1.585878,Normal
28/12/2015 3:16:26 PM,1.569859,Normal
28/12/2015 3:17:26 PM,1.585878,Normal
28/12/2015 3:18:26 PM,1.585878,Normal
28/12/2015 3:19:26 PM,1.585878,Normal
28/12/2015 3:20:26 PM,1.585878,Normal
28/12/2015 3:21:26 PM,1.585878,Normal
28/12/2015 3:22:26 PM,1.585878,Normal
28/12/2015 3:23:26 PM,1.585878,Normal
28/12/2015 3:24:26 PM,1.489764,Normal
28/12/2015 3:25:26 PM,1.585878,Normal
28/12/2015 3:26:26 PM,1.585878,Normal
28/12/2015 3:27:26 PM,1.585878,Normal
28/12/2015 3:28:26 PM,1.617916,Normal
28/12/2015 3:29:26 PM,1.585878,Normal
28/12/2015 3:30:26 PM,1.585878,Normal
28/12/2015 3:31:26 PM,1.585878,Normal
28/12/2015 3:32:26 PM,1.585878,Normal
28/12/2015 3:33:26 PM,1.585878,Normal
28/12/2015 3:34:26 PM,1.585878,Normal
28/12/2015 3:35:26 PM,1.585878,Normal
28/12/2015 3:36:26 PM,1.489764,Normal
28/12/2015 3:37:26 PM,1.601897,Normal
28/12/2015 3:38:26 PM,1.601897,Normal
28/12/2015 3:39:26 PM,1.569859,Normal
28/12/2015 3:40:26 PM,1.569859,Normal
28/12/2015 3:41:26 PM,1.569859,Normal
28/12/2015 3:42:26 PM,1.569859,Normal
28/12/2015 3:43:26 PM,1.569859,Normal
28/12/2015 3:44:26 PM,1.569859,Normal
28/12/2015 3:45:26 PM,1.569859,Normal
28/12/2015 3:46:26 PM,1.569859,Normal
28/12/2015 3:47:26 PM,1.569859,Normal
28/12/2015 3:48:26 PM,1.537821,Normal
28/12/2015 3:49:26 PM,1.617916,Normal
28/12/2015 3:50:26 PM,1.601897,Normal
28/12/2015 3:51:26 PM,1.601897,Normal
28/12/2015 3:52:26 PM,1.601897,Normal
28/12/2015 3:53:26 PM,1.537821,Normal
28/12/2015 3:54:26 PM,1.585878,Normal
28/12/2015 3:55:26 PM,1.585878,Normal
28/12/2015 3:56:26 PM,1.585878,Normal
28/12/2015 3:57:26 PM,1.585878,Normal
28/12/2015 3:58:26 PM,1.585878,Normal
28/12/2015 3:59:26 PM,1.617916,Normal
28/12/2015 4:00:26 PM,1.601897,Normal
28/12/2015 4:01:26 PM,1.601897,Normal
28/12/2015 4:02:26 PM,1.601897,Normal
28/12/2015 4:03:26 PM,1.601897,Normal
28/12/2015 4:04:26 PM,1.585878,Normal
28/12/2015 4:05:26 PM,1.601897,Normal
28/12/2015 4:06:26 PM,1.601897,Normal
28/12/2015 4:07:26 PM,1.601897,Normal
28/12/2015 4:08:26 PM,1.585878,Normal
28/12/2015 4:09:26 PM,1.585878,Normal
28/12/2015 4:10:26 PM,1.585878,Normal
28/12/2015 4:11:26 PM,1.585878,Normal
28/12/2015 4:12:26 PM,1.617916,Normal
28/12/2015 4:13:26 PM,1.569859,Normal
28/12/2015 4:14:26 PM,1.601897,Normal
28/12/2015 4:15:26 PM,1.521802,Normal
28/12/2015 4:16:26 PM,1.585878,Normal
28/12/2015 4:17:26 PM,1.585878,Normal
28/12/2015 4:18:26 PM,1.585878,Normal
28/12/2015 4:19:26 PM,1.585878,Normal
28/12/2015 4:20:26 PM,1.585878,Normal
28/12/2015 4:21:26 PM,1.617916,Normal
28/12/2015 4:22:26 PM,1.585878,Normal
28/12/2015 4:23:26 PM,1.601897,Normal
28/12/2015 4:24:26 PM,1.585878,Normal
28/12/2015 4:25:26 PM,1.585878,Normal
28/12/2015 4:26:26 PM,1.649953,Normal
28/12/2015 4:27:26 PM,1.585878,Normal
28/12/2015 4:28:26 PM,1.585878,Normal
28/12/2015 4:29:26 PM,1.585878,Normal
28/12/2015 4:30:26 PM,1.601897,Normal
28/12/2015 4:31:26 PM,1.649953,Normal
28/12/2015 4:32:26 PM,1.601897,Normal
28/12/2015 4:33:26 PM,1.617916,Normal
28/12/2015 4:34:26 PM,1.585878,Normal
28/12/2015 4:35:26 PM,1.617916,Normal
28/12/2015 4:36:26 PM,1.617916,Normal
28/12/2015 4:37:26 PM,1.585878,Normal
28/12/2015 4:38:26 PM,1.617916,Normal
28/12/2015 4:39:26 PM,1.537821,Normal
28/12/2015 4:40:26 PM,1.585878,Normal
28/12/2015 4:41:26 PM,1.665972,Normal
28/12/2015 4:42:26 PM,1.585878,Normal
28/12/2015 4:43:26 PM,1.601897,Normal
28/12/2015 4:44:26 PM,1.601897,Normal
28/12/2015 4:45:26 PM,1.730048,Normal
28/12/2015 4:46:26 PM,1.569859,Normal
28/12/2015 4:47:26 PM,1.681991,Normal
28/12/2015 4:48:26 PM,1.585878,Normal
28/12/2015 4:49:26 PM,1.69801,Normal
28/12/2015 4:50:26 PM,1.601897,Normal
28/12/2015 4:51:26 PM,1.601897,Normal
28/12/2015 4:52:26 PM,1.601897,Normal
28/12/2015 4:53:26 PM,1.601897,Normal
28/12/2015 4:54:26 PM,1.601897,Normal
28/12/2015 4:55:26 PM,1.585878,Normal
28/12/2015 4:56:26 PM,1.601897,Normal
28/12/2015 4:57:26 PM,1.617916,Normal
28/12/2015 4:58:26 PM,1.601897,Normal
28/12/2015 4:59:26 PM,1.601897,Normal
28/12/2015 5:00:26 PM,1.537821,Normal
28/12/2015 5:01:26 PM,1.601897,Normal
28/12/2015 5:02:26 PM,1.601897,Normal
28/12/2015 5:03:26 PM,1.569859,Normal
28/12/2015 5:04:26 PM,1.601897,Normal
28/12/2015 5:05:26 PM,1.601897,Normal
28/12/2015 5:06:26 PM,1.601897,Normal
28/12/2015 5:07:26 PM,1.601897,Normal
28/12/2015 5:08:26 PM,1.585878,Normal
28/12/2015 5:09:26 PM,1.585878,Normal
28/12/2015 5:10:26 PM,1.585878,Normal
28/12/2015 5:11:26 PM,1.585878,Normal
28/12/2015 5:12:26 PM,1.601897,Normal
28/12/2015 5:13:26 PM,1.601897,Normal
28/12/2015 5:14:26 PM,1.585878,Normal
28/12/2015 5:15:26 PM,1.585878,Normal
28/12/2015 5:16:26 PM,1.601897,Normal
28/12/2015 5:17:26 PM,1.649953,Normal
28/12/2015 5:18:26 PM,1.601897,Normal
28/12/2015 5:19:26 PM,1.569859,Normal
28/12/2015 5:20:26 PM,1.601897,Normal
28/12/2015 5:21:26 PM,1.585878,Normal
28/12/2015 5:22:26 PM,1.585878,Normal
28/12/2015 5:23:26 PM,1.585878,Normal
28/12/2015 5:24:26 PM,1.585878,Normal
28/12/2015 5:25:26 PM,1.585878,Normal
28/12/2015 5:26:26 PM,1.601897,Normal
28/12/2015 5:27:26 PM,1.585878,Normal
28/12/2015 5:28:26 PM,1.601897,Normal
28/12/2015 5:29:26 PM,1.601897,Normal
28/12/2015 5:30:26 PM,1.601897,Normal
28/12/2015 5:31:26 PM,1.601897,Normal
28/12/2015 5:32:26 PM,1.569859,Normal
28/12/2015 5:33:26 PM,1.569859,Normal
28/12/2015 5:34:26 PM,1.569859,Normal
28/12/2015 5:35:26 PM,1.585878,Normal
28/12/2015 5:36:26 PM,1.585878,Normal
28/12/2015 5:37:26 PM,1.601897,Normal
28/12/2015 5:38:26 PM,1.585878,Normal
28/12/2015 5:39:26 PM,1.601897,Normal
28/12/2015 5:40:26 PM,1.601897,Normal
28/12/2015 5:41:26 PM,1.601897,Normal
28/12/2015 5:42:26 PM,1.585878,Normal
28/12/2015 5:43:26 PM,1.585878,Normal
28/12/2015 5:44:26 PM,1.585878,Normal
28/12/2015 5:45:26 PM,1.585878,Normal
28/12/2015 5:46:26 PM,1.585878,Normal
28/12/2015 5:47:26 PM,1.601897,Normal
28/12/2015 5:48:26 PM,1.569859,Normal
28/12/2015 5:49:26 PM,1.569859,Normal
28/12/2015 5:50:26 PM,1.617916,Normal
28/12/2015 5:51:26 PM,1.585878,Normal
28/12/2015 5:52:26 PM,1.585878,Normal
28/12/2015 5:53:26 PM,1.585878,Normal
28/12/2015 5:54:26 PM,1.601897,Normal
28/12/2015 5:55:26 PM,1.601897,Normal
28/12/2015 5:56:26 PM,1.569859,Normal
28/12/2015 5:57:26 PM,1.569859,Normal
28/12/2015 5:58:26 PM,1.601897,Normal
28/12/2015 5:59:26 PM,1.601897,Normal
28/12/2015 6:00:26 PM,1.617916,Normal
28/12/2015 6:01:26 PM,1.601897,Normal
28/12/2015 6:02:26 PM,1.601897,Normal
28/12/2015 6:03:26 PM,1.601897,Normal
28/12/2015 6:04:26 PM,1.649953,Normal
28/12/2015 6:05:26 PM,1.601897,Normal
28/12/2015 6:06:26 PM,1.617916,Normal
28/12/2015 6:07:26 PM,1.601897,Normal
28/12/2015 6:08:26 PM,1.585878,Normal
28/12/2015 6:09:26 PM,1.601897,Normal
28/12/2015 6:10:26 PM,1.585878,Normal
28/12/2015 6:11:26 PM,1.665972,Normal
28/12/2015 6:12:26 PM,1.665972,Normal
28/12/2015 6:13:26 PM,1.601897,Normal
28/12/2015 6:14:26 PM,1.601897,Normal
28/12/2015 6:15:26 PM,1.601897,Normal
28/12/2015 6:16:26 PM,1.681991,Normal
28/12/2015 6:17:26 PM,1.569859,Normal
28/12/2015 6:18:26 PM,1.730048,Normal
28/12/2015 6:19:26 PM,1.489764,Normal
28/12/2015 6:20:26 PM,1.585878,Normal
28/12/2015 6:21:26 PM,1.665972,Normal
28/12/2015 6:22:26 PM,1.617916,Normal
28/12/2015 6:23:26 PM,1.649953,Normal
28/12/2015 6:24:26 PM,1.649953,Normal
28/12/2015 6:25:26 PM,1.585878,Normal
28/12/2015 6:26:26 PM,1.649953,Normal
28/12/2015 6:27:26 PM,1.649953,Normal
28/12/2015 6:28:26 PM,1.585878,Normal
28/12/2015 6:29:26 PM,1.617916,Normal
28/12/2015 6:30:26 PM,1.537821,Normal
28/12/2015 6:31:26 PM,1.585878,Normal
28/12/2015 6:32:26 PM,1.762086,Normal
28/12/2015 6:33:26 PM,1.521802,Normal
28/12/2015 6:34:26 PM,1.569859,Normal
28/12/2015 6:35:26 PM,1.617916,Normal
28/12/2015 6:36:26 PM,1.601897,Normal
28/12/2015 6:37:26 PM,1.585878,Normal
28/12/2015 6:38:26 PM,1.601897,Normal
28/12/2015 6:39:26 PM,1.585878,Normal
28/12/2015 6:40:26 PM,1.585878,Normal
28/12/2015 6:41:26 PM,1.585878,Normal
28/12/2015 6:42:26 PM,1.617916,Normal
28/12/2015 6:43:26 PM,1.617916,Normal
28/12/2015 6:44:26 PM,1.585878,Normal
28/12/2015 6:45:26 PM,1.601897,Normal
28/12/2015 6:46:26 PM,1.601897,Normal
28/12/2015 6:47:26 PM,1.601897,Normal
28/12/2015 6:48:26 PM,1.601897,Normal
28/12/2015 6:49:26 PM,1.585878,Normal
28/12/2015 6:50:26 PM,1.585878,Normal
28/12/2015 6:51:26 PM,1.585878,Normal
28/12/2015 6:52:26 PM,1.617916,Normal
28/12/2015 6:53:26 PM,1.649953,Normal
28/12/2015 6:54:26 PM,1.601897,Normal
28/12/2015 6:55:26 PM,1.569859,Normal
28/12/2015 6:56:26 PM,1.585878,Normal
28/12/2015 6:57:26 PM,1.601897,Normal
28/12/2015 6:58:26 PM,1.601897,Normal
28/12/2015 6:59:26 PM,1.617916,Normal
28/12/2015 7:00:26 PM,1.617916,Normal
28/12/2015 7:01:26 PM,1.601897,Normal
28/12/2015 7:02:26 PM,1.601897,Normal
28/12/2015 7:03:26 PM,1.601897,Normal
28/12/2015 7:04:26 PM,1.585878,Normal
28/12/2015 7:05:26 PM,1.585878,Normal
28/12/2015 7:06:26 PM,1.601897,Normal
28/12/2015 7:07:26 PM,1.569859,Normal
28/12/2015 7:08:26 PM,1.585878,Normal
28/12/2015 7:09:26 PM,1.585878,Normal
28/12/2015 7:10:26 PM,1.585878,Normal
28/12/2015 7:11:26 PM,1.585878,Normal
28/12/2015 7:12:26 PM,1.537821,Normal
28/12/2015 7:13:26 PM,1.569859,Normal
28/12/2015 7:14:26 PM,1.569859,Normal
28/12/2015 7:15:26 PM,1.601897,Normal
28/12/2015 7:16:26 PM,1.569859,Normal
28/12/2015 7:17:26 PM,1.537821,Normal
28/12/2015 7:18:26 PM,1.585878,Normal
28/12/2015 7:19:26 PM,1.537821,Normal
28/12/2015 7:20:26 PM,1.489764,Normal
28/12/2015 7:21:26 PM,1.457726,Normal
28/12/2015 7:22:26 PM,1.489764,Normal
28/12/2015 7:23:26 PM,1.489764,Normal
28/12/2015 7:24:26 PM,1.537821,Normal
28/12/2015 7:25:26 PM,1.457726,Normal
28/12/2015 7:26:26 PM,1.585878,Normal
28/12/2015 7:27:26 PM,1.441707,Normal
28/12/2015 7:28:26 PM,1.521802,Normal
28/12/2015 7:29:26 PM,1.409669,Normal
28/12/2015 7:30:26 PM,1.457726,Normal
28/12/2015 7:31:26 PM,1.505783,Normal
28/12/2015 7:32:26 PM,1.457726,Normal
28/12/2015 7:33:26 PM,1.585878,Normal
28/12/2015 7:34:26 PM,1.425688,Normal
28/12/2015 7:35:26 PM,1.345593,Normal
28/12/2015 7:36:26 PM,1.409669,Normal
28/12/2015 7:37:26 PM,1.425688,Normal
28/12/2015 7:38:26 PM,1.425688,Normal
28/12/2015 7:39:26 PM,1.361612,Normal
28/12/2015 7:40:26 PM,1.377631,Normal
28/12/2015 7:41:26 PM,1.377631,Normal
28/12/2015 7:42:26 PM,1.377631,Normal
28/12/2015 7:43:26 PM,1.409669,Normal
28/12/2015 7:44:26 PM,1.377631,Normal
28/12/2015 7:45:26 PM,1.409669,Normal
28/12/2015 7:46:26 PM,1.409669,Normal
28/12/2015 7:47:26 PM,1.377631,Normal
28/12/2015 7:48:26 PM,1.409669,Normal
28/12/2015 7:49:26 PM,1.297536,Normal
28/12/2015 7:50:26 PM,1.409669,Normal
28/12/2015 7:51:26 PM,1.281517,Normal
28/12/2015 7:52:26 PM,1.361612,Normal
28/12/2015 7:53:26 PM,1.281517,Normal
28/12/2015 7:54:26 PM,1.281517,Normal
28/12/2015 7:55:26 PM,1.297536,Normal
28/12/2015 7:56:26 PM,1.297536,Normal
28/12/2015 7:57:26 PM,1.265498,Normal
28/12/2015 7:58:26 PM,1.249479,Normal
28/12/2015 7:59:26 PM,1.281517,Normal
28/12/2015 8:00:26 PM,1.249479,Normal
28/12/2015 8:01:26 PM,1.265498,Normal
28/12/2015 8:02:26 PM,1.217441,Normal
28/12/2015 8:03:26 PM,1.281517,Normal
28/12/2015 8:04:26 PM,1.457726,Normal
28/12/2015 8:05:26 PM,1.329574,Normal
28/12/2015 8:06:26 PM,1.217441,Normal
28/12/2015 8:07:26 PM,1.249479,Normal
28/12/2015 8:08:26 PM,1.249479,Normal
28/12/2015 8:09:26 PM,1.185403,Normal
28/12/2015 8:10:26 PM,1.217441,Normal
28/12/2015 8:11:26 PM,1.217441,Normal
28/12/2015 8:12:26 PM,1.201422,Normal
28/12/2015 8:13:26 PM,1.201422,Normal
28/12/2015 8:14:26 PM,1.201422,Normal
28/12/2015 8:15:26 PM,1.201422,Normal
28/12/2015 8:16:26 PM,1.217441,Normal
28/12/2015 8:17:26 PM,1.201422,Normal
28/12/2015 8:18:26 PM,1.185403,Normal
28/12/2015 8:19:26 PM,1.201422,Normal
28/12/2015 8:20:26 PM,1.201422,Normal
28/12/2015 8:21:26 PM,1.201422,Normal
28/12/2015 8:22:26 PM,1.201422,Normal
28/12/2015 8:23:26 PM,1.217441,Normal
28/12/2015 8:24:26 PM,1.201422,Normal
28/12/2015 8:25:26 PM,1.201422,Normal
28/12/2015 8:26:26 PM,1.201422,Normal
28/12/2015 8:27:26 PM,1.121328,Normal
28/12/2015 8:28:26 PM,1.137347,Normal
28/12/2015 8:29:26 PM,1.185403,Normal
28/12/2015 8:30:26 PM,1.185403,Normal
28/12/2015 8:31:26 PM,1.185403,Normal
28/12/2015 8:32:26 PM,1.185403,Normal
28/12/2015 8:33:26 PM,1.217441,Normal
28/12/2015 8:34:26 PM,1.201422,Normal
28/12/2015 8:35:26 PM,1.137347,Normal
28/12/2015 8:36:26 PM,1.169384,Normal
28/12/2015 8:37:26 PM,1.169384,Normal
28/12/2015 8:38:26 PM,1.121328,Normal
28/12/2015 8:39:26 PM,1.121328,Normal
28/12/2015 8:40:26 PM,1.169384,Normal
28/12/2015 8:41:26 PM,1.169384,Normal
28/12/2015 8:42:26 PM,1.08929,Normal
28/12/2015 8:43:26 PM,1.08929,Normal
28/12/2015 8:44:26 PM,1.185403,Normal
28/12/2015 8:45:26 PM,1.025214,Normal
28/12/2015 8:46:26 PM,1.185403,Normal
28/12/2015 8:47:26 PM,1.009195,Normal
28/12/2015 8:48:26 PM,1.185403,Normal
28/12/2015 8:49:26 PM,1.121328,Normal
28/12/2015 8:50:26 PM,1.08929,Normal
28/12/2015 8:51:26 PM,1.08929,Normal
28/12/2015 8:52:26 PM,1.249479,Normal
28/12/2015 8:53:26 PM,1.105309,Normal
28/12/2015 8:54:26 PM,1.08929,Normal
28/12/2015 8:55:26 PM,1.057252,Normal
28/12/2015 8:56:26 PM,1.025214,Normal
28/12/2015 8:57:26 PM,1.185403,Normal
28/12/2015 8:58:26 PM,1.105309,Normal
28/12/2015 8:59:26 PM,1.105309,Normal
28/12/2015 9:00:26 PM,1.057252,Normal
28/12/2015 9:01:26 PM,1.105309,Normal
28/12/2015 9:02:26 PM,1.025214,Normal
28/12/2015 9:03:26 PM,1.08929,Normal
28/12/2015 9:04:26 PM,1.041233,Normal
28/12/2015 9:05:26 PM,1.105309,Normal
28/12/2015 9:06:26 PM,1.105309,Normal
28/12/2015 9:07:26 PM,1.08929,Normal
28/12/2015 9:08:26 PM,1.105309,Normal
28/12/2015 9:09:26 PM,0.945119,Normal
28/12/2015 9:10:26 PM,1.009195,Normal
28/12/2015 9:11:26 PM,1.009195,Normal
28/12/2015 9:12:26 PM,1.121328,Normal
28/12/2015 9:13:26 PM,1.08929,Normal
28/12/2015 9:14:26 PM,1.137347,Normal
28/12/2015 9:15:26 PM,0.9291,Normal
28/12/2015 9:16:26 PM,1.137347,Normal
28/12/2015 9:17:26 PM,1.041233,Normal
28/12/2015 9:18:26 PM,1.025214,Normal
28/12/2015 9:19:26 PM,1.025214,Normal
28/12/2015 9:20:26 PM,1.041233,Normal
28/12/2015 9:21:26 PM,1.009195,Normal
28/12/2015 9:22:26 PM,1.009195,Normal
28/12/2015 9:23:26 PM,1.041233,Normal
28/12/2015 9:24:26 PM,1.025214,Normal
28/12/2015 9:25:26 PM,1.025214,Normal
28/12/2015 9:26:26 PM,1.025214,Normal
28/12/2015 9:27:26 PM,1.009195,Normal
28/12/2015 9:28:26 PM,1.025214,Normal
28/12/2015 9:29:26 PM,1.009195,Normal
28/12/2015 9:30:26 PM,1.025214,Normal
28/12/2015 9:31:26 PM,0.9771569,Normal
28/12/2015 9:32:26 PM,0.9771569,Normal
28/12/2015 9:33:26 PM,0.9771569,Normal
28/12/2015 9:34:26 PM,0.945119,Normal
28/12/2015 9:35:26 PM,1.025214,Normal
28/12/2015 9:36:26 PM,0.961138,Normal
28/12/2015 9:37:26 PM,1.025214,Normal
28/12/2015 9:38:26 PM,0.9771569,Normal
28/12/2015 9:39:26 PM,0.9771569,Normal
28/12/2015 9:40:26 PM,0.9771569,Normal
28/12/2015 9:41:26 PM,1.025214,Normal
28/12/2015 9:42:26 PM,1.057252,Normal
28/12/2015 9:43:26 PM,1.009195,Normal
28/12/2015 9:44:26 PM,1.057252,Normal
28/12/2015 9:45:26 PM,1.009195,Normal
28/12/2015 9:46:26 PM,1.025214,Normal
28/12/2015 9:47:26 PM,1.025214,Normal
28/12/2015 9:48:26 PM,1.009195,Normal
28/12/2015 9:49:26 PM,1.041233,Normal
28/12/2015 9:50:26 PM,1.041233,Normal
28/12/2015 9:51:26 PM,1.025214,Normal
28/12/2015 9:52:26 PM,1.057252,Normal
28/12/2015 9:53:26 PM,1.025214,Normal
28/12/2015 9:54:26 PM,1.009195,Normal
28/12/2015 9:55:26 PM,1.025214,Normal
28/12/2015 9:56:26 PM,1.009195,Normal
28/12/2015 9:57:26 PM,1.009195,Normal
28/12/2015 9:58:26 PM,0.961138,Normal
28/12/2015 9:59:26 PM,1.009195,Normal
28/12/2015 10:00:26 PM,1.009195,Normal
28/12/2015 10:01:26 PM,1.009195,Normal
28/12/2015 10:02:26 PM,0.9771569,Normal
28/12/2015 10:03:26 PM,0.961138,Normal
28/12/2015 10:04:26 PM,1.025214,Normal
28/12/2015 10:05:26 PM,1.009195,Normal
28/12/2015 10:06:26 PM,1.041233,Normal
28/12/2015 10:07:26 PM,0.961138,Normal
28/12/2015 10:08:26 PM,1.08929,Normal
28/12/2015 10:09:26 PM,1.009195,Normal
28/12/2015 10:10:26 PM,0.8970621,Normal
28/12/2015 10:11:26 PM,1.009195,Normal
28/12/2015 10:12:26 PM,1.009195,Normal
28/12/2015 10:13:26 PM,1.009195,Normal
28/12/2015 10:14:26 PM,1.009195,Normal
28/12/2015 10:15:26 PM,0.961138,Normal
28/12/2015 10:16:26 PM,1.025214,Normal
28/12/2015 10:17:26 PM,0.961138,Normal
28/12/2015 10:18:26 PM,1.025214,Normal
28/12/2015 10:19:26 PM,1.025214,Normal
28/12/2015 10:20:26 PM,1.025214,Normal
28/12/2015 10:21:26 PM,1.009195,Normal
28/12/2015 10:22:26 PM,1.057252,Normal
28/12/2015 10:23:26 PM,0.9291,Normal
28/12/2015 10:24:26 PM,1.009195,Normal
28/12/2015 10:25:26 PM,1.009195,Normal
28/12/2015 10:26:26 PM,0.961138,Normal
28/12/2015 10:27:26 PM,0.945119,Normal
28/12/2015 10:28:26 PM,1.121328,Normal
28/12/2015 10:29:26 PM,1.041233,Normal
28/12/2015 10:30:26 PM,1.025214,Normal
28/12/2015 10:31:26 PM,0.9771569,Normal
28/12/2015 10:32:26 PM,1.009195,Normal
28/12/2015 10:33:26 PM,0.9771569,Normal
28/12/2015 10:34:26 PM,1.009195,Normal
28/12/2015 10:35:26 PM,0.9291,Normal
28/12/2015 10:36:26 PM,1.025214,Normal
28/12/2015 10:37:26 PM,1.009195,Normal
28/12/2015 10:38:26 PM,1.009195,Normal
28/12/2015 10:39:26 PM,0.9771569,Normal
28/12/2015 10:40:26 PM,0.9771569,Normal
28/12/2015 10:41:26 PM,0.9771569,Normal
28/12/2015 10:42:26 PM,0.961138,Normal
28/12/2015 10:43:26 PM,0.9771569,Normal
28/12/2015 10:44:26 PM,0.9771569,Normal
28/12/2015 10:45:26 PM,0.9771569,Normal
28/12/2015 10:46:26 PM,0.9771569,Normal
28/12/2015 10:47:26 PM,0.8810431,Normal
28/12/2015 10:48:26 PM,0.9771569,Normal
28/12/2015 10:49:26 PM,1.009195,Normal
28/12/2015 10:50:26 PM,1.025214,Normal
28/12/2015 10:51:26 PM,0.9771569,Normal
28/12/2015 10:52:26 PM,1.009195,Normal
28/12/2015 10:53:26 PM,1.009195,Normal
28/12/2015 10:54:26 PM,0.961138,Normal
28/12/2015 10:55:26 PM,1.009195,Normal
28/12/2015 10:56:26 PM,0.945119,Normal
28/12/2015 10:57:26 PM,0.9771569,Normal
28/12/2015 10:58:26 PM,0.9771569,Normal
28/12/2015 10:59:26 PM,1.009195,Normal
28/12/2015 11:00:26 PM,0.9771569,Normal
28/12/2015 11:01:26 PM,0.9771569,Normal
28/12/2015 11:02:26 PM,0.9771569,Normal
28/12/2015 11:03:26 PM,0.9771569,Normal
28/12/2015 11:04:26 PM,0.9771569,Normal
28/12/2015 11:05:26 PM,0.9771569,Normal
28/12/2015 11:06:26 PM,0.9771569,Normal
28/12/2015 11:07:26 PM,0.961138,Normal
28/12/2015 11:08:26 PM,0.945119,Normal
28/12/2015 11:09:26 PM,1.009195,Normal
28/12/2015 11:10:26 PM,0.961138,Normal
28/12/2015 11:11:26 PM,0.961138,Normal
28/12/2015 11:12:26 PM,1.009195,Normal
28/12/2015 11:13:26 PM,0.961138,Normal
28/12/2015 11:14:26 PM,0.961138,Normal
28/12/2015 11:15:26 PM,0.9291,Normal
28/12/2015 11:16:26 PM,0.9771569,Normal
28/12/2015 11:17:26 PM,0.9771569,Normal
28/12/2015 11:18:26 PM,0.9771569,Normal
28/12/2015 11:19:26 PM,0.9771569,Normal
28/12/2015 11:20:26 PM,0.9771569,Normal
28/12/2015 11:21:26 PM,0.961138,Normal
28/12/2015 11:22:26 PM,0.961138,Normal
28/12/2015 11:23:26 PM,0.945119,Normal
28/12/2015 11:24:26 PM,0.961138,Normal
28/12/2015 11:25:26 PM,0.961138,Normal
28/12/2015 11:26:26 PM,1.025214,Normal
28/12/2015 11:27:26 PM,1.009195,Normal
28/12/2015 11:28:26 PM,1.025214,Normal
28/12/2015 11:29:26 PM,0.961138,Normal
28/12/2015 11:30:26 PM,0.9771569,Normal
28/12/2015 11:31:26 PM,0.9771569,Normal
28/12/2015 11:32:26 PM,0.9771569,Normal
28/12/2015 11:33:26 PM,0.9771569,Normal
28/12/2015 11:34:26 PM,1.025214,Normal
28/12/2015 11:35:26 PM,0.961138,Normal
28/12/2015 11:36:26 PM,0.945119,Normal
28/12/2015 11:37:26 PM,0.961138,Normal
28/12/2015 11:38:26 PM,0.961138,Normal
28/12/2015 11:39:26 PM,1.009195,Normal
28/12/2015 11:40:26 PM,1.009195,Normal
28/12/2015 11:41:26 PM,0.9771569,Normal
28/12/2015 11:42:26 PM,0.9771569,Normal
28/12/2015 11:43:26 PM,0.9771569,Normal
28/12/2015 11:44:26 PM,0.945119,Normal
28/12/2015 11:45:26 PM,0.9771569,Normal
28/12/2015 11:46:26 PM,0.8810431,Normal
28/12/2015 11:47:26 PM,0.9771569,Normal
28/12/2015 11:48:26 PM,1.009195,Normal
28/12/2015 11:49:26 PM,0.9291,Normal
28/12/2015 11:50:26 PM,0.8490052,Normal
28/12/2015 11:51:26 PM,1.009195,Normal
28/12/2015 11:52:26 PM,0.9291,Normal
28/12/2015 11:53:26 PM,1.025214,Normal
28/12/2015 11:54:26 PM,0.945119,Normal
28/12/2015 11:55:26 PM,0.8970621,Normal
28/12/2015 11:56:26 PM,0.8650241,Normal
28/12/2015 11:57:26 PM,1.009195,Normal
28/12/2015 11:58:26 PM,1.009195,Normal
28/12/2015 11:59:26 PM,0.945119,Normal
29/12/2015 12:00:26 AM,0.9771569,Normal
29/12/2015 12:01:26 AM,0.9291,Normal
29/12/2015 12:02:26 AM,0.9771569,Normal
29/12/2015 12:03:26 AM,1.041233,Normal
29/12/2015 12:04:26 AM,0.9291,Normal
29/12/2015 12:05:26 AM,0.9291,Normal
29/12/2015 12:06:26 AM,0.8650241,Normal
29/12/2015 12:07:26 AM,0.961138,Normal
29/12/2015 12:08:26 AM,0.961138,Normal
29/12/2015 12:09:26 AM,0.9771569,Normal
29/12/2015 12:10:26 AM,0.945119,Normal
29/12/2015 12:11:26 AM,0.9771569,Normal
29/12/2015 12:12:26 AM,0.9771569,Normal
29/12/2015 12:13:26 AM,1.009195,Normal
29/12/2015 12:14:26 AM,0.8970621,Normal
29/12/2015 12:15:26 AM,0.9771569,Normal
29/12/2015 12:16:26 AM,0.9771569,Normal
29/12/2015 12:17:26 AM,0.961138,Normal
29/12/2015 12:18:26 AM,0.961138,Normal
29/12/2015 12:19:26 AM,0.961138,Normal
29/12/2015 12:20:26 AM,0.9771569,Normal
29/12/2015 12:21:26 AM,0.8650241,Normal
29/12/2015 12:22:26 AM,0.9771569,Normal
29/12/2015 12:23:26 AM,0.9771569,Normal
29/12/2015 12:24:26 AM,1.009195,Normal
29/12/2015 12:25:26 AM,0.961138,Normal
29/12/2015 12:26:26 AM,0.8810431,Normal
29/12/2015 12:27:26 AM,0.9291,Normal
29/12/2015 12:28:26 AM,0.961138,Normal
29/12/2015 12:29:26 AM,1.009195,Normal
29/12/2015 12:30:26 AM,0.9771569,Normal
29/12/2015 12:31:26 AM,0.8490052,Normal
29/12/2015 12:32:26 AM,0.945119,Normal
29/12/2015 12:33:26 AM,0.9291,Normal
29/12/2015 12:34:26 AM,0.9771569,Normal
29/12/2015 12:35:26 AM,0.961138,Normal
29/12/2015 12:36:26 AM,0.961138,Normal
29/12/2015 12:37:26 AM,1.025214,Normal
29/12/2015 12:38:26 AM,0.961138,Normal
29/12/2015 12:39:26 AM,1.025214,Normal
29/12/2015 12:40:26 AM,0.961138,Normal
29/12/2015 12:41:26 AM,0.961138,Normal
29/12/2015 12:42:26 AM,0.961138,Normal
29/12/2015 12:43:26 AM,1.025214,Normal
29/12/2015 12:44:26 AM,0.945119,Normal
29/12/2015 12:45:26 AM,0.9771569,Normal
29/12/2015 12:46:26 AM,0.9771569,Normal
29/12/2015 12:47:26 AM,0.9771569,Normal
29/12/2015 12:48:26 AM,0.9771569,Normal
29/12/2015 12:49:26 AM,0.945119,Normal
29/12/2015 12:50:26 AM,0.9771569,Normal
29/12/2015 12:51:26 AM,0.9771569,Normal
29/12/2015 12:52:26 AM,0.9771569,Normal
29/12/2015 12:53:26 AM,0.945119,Normal
29/12/2015 12:54:26 AM,1.025214,Normal
29/12/2015 12:55:26 AM,0.961138,Normal
29/12/2015 12:56:26 AM,0.9771569,Normal
29/12/2015 12:57:26 AM,0.961138,Normal
29/12/2015 12:58:26 AM,0.961138,Normal
29/12/2015 12:59:26 AM,0.961138,Normal
29/12/2015 1:00:26 AM,0.961138,Normal
29/12/2015 1:01:26 AM,0.945119,Normal
29/12/2015 1:02:26 AM,1.025214,Normal
29/12/2015 1:03:26 AM,0.961138,Normal
29/12/2015 1:04:26 AM,0.8490052,Normal
29/12/2015 1:05:26 AM,0.9771569,Normal
29/12/2015 1:06:26 AM,0.9771569,Normal
29/12/2015 1:07:26 AM,0.9771569,Normal
29/12/2015 1:08:26 AM,0.9771569,Normal
29/12/2015 1:09:26 AM,1.025214,Normal
29/12/2015 1:10:26 AM,0.961138,Normal
29/12/2015 1:11:26 AM,0.961138,Normal
29/12/2015 1:12:26 AM,0.8970621,Normal
29/12/2015 1:13:26 AM,0.9771569,Normal
29/12/2015 1:14:26 AM,0.9771569,Normal
29/12/2015 1:15:26 AM,0.961138,Normal
29/12/2015 1:16:26 AM,0.945119,Normal
29/12/2015 1:17:26 AM,0.961138,Normal
29/12/2015 1:18:26 AM,0.9771569,Normal
29/12/2015 1:19:26 AM,0.961138,Normal
29/12/2015 1:20:26 AM,0.8970621,Normal
29/12/2015 1:21:26 AM,0.8970621,Normal
29/12/2015 1:22:26 AM,1.025214,Normal
29/12/2015 1:23:26 AM,0.961138,Normal
29/12/2015 1:24:26 AM,0.961138,Normal
29/12/2015 1:25:26 AM,0.9771569,Normal
29/12/2015 1:26:26 AM,0.961138,Normal
29/12/2015 1:27:26 AM,0.9771569,Normal
29/12/2015 1:28:26 AM,0.9771569,Normal
29/12/2015 1:29:26 AM,1.009195,Normal
29/12/2015 1:30:26 AM,0.9771569,Normal
29/12/2015 1:31:26 AM,0.945119,Normal
29/12/2015 1:32:26 AM,0.9291,Normal
29/12/2015 1:33:26 AM,0.9771569,Normal
29/12/2015 1:34:26 AM,0.9771569,Normal
29/12/2015 1:35:26 AM,0.9291,Normal
29/12/2015 1:36:26 AM,0.945119,Normal
29/12/2015 1:37:26 AM,0.961138,Normal
29/12/2015 1:38:26 AM,0.961138,Normal
29/12/2015 1:39:26 AM,1.009195,Normal
29/12/2015 1:40:26 AM,0.945119,Normal
29/12/2015 1:41:26 AM,0.945119,Normal
29/12/2015 1:42:26 AM,0.961138,Normal
29/12/2015 1:43:26 AM,0.961138,Normal
29/12/2015 1:44:26 AM,0.8650241,Normal
29/12/2015 1:45:26 AM,0.961138,Normal
29/12/2015 1:46:26 AM,0.8650241,Normal
29/12/2015 1:47:26 AM,0.945119,Normal
29/12/2015 1:48:26 AM,0.961138,Normal
29/12/2015 1:49:26 AM,0.8970621,Normal
29/12/2015 1:50:26 AM,0.945119,Normal
29/12/2015 1:51:26 AM,0.945119,Normal
29/12/2015 1:52:26 AM,0.945119,Normal
29/12/2015 1:53:26 AM,1.009195,Normal
29/12/2015 1:54:26 AM,0.961138,Normal
29/12/2015 1:55:26 AM,0.9771569,Normal
29/12/2015 1:56:26 AM,0.9291,Normal
29/12/2015 1:57:26 AM,0.961138,Normal
29/12/2015 1:58:26 AM,0.961138,Normal
29/12/2015 1:59:26 AM,0.9771569,Normal
29/12/2015 2:00:26 AM,0.9771569,Normal
29/12/2015 2:01:26 AM,1.009195,Normal
29/12/2015 2:02:26 AM,0.945119,Normal
29/12/2015 2:03:26 AM,0.9771569,Normal
29/12/2015 2:04:26 AM,1.025214,Normal
29/12/2015 2:05:26 AM,0.945119,Normal
29/12/2015 2:06:26 AM,0.9771569,Normal
29/12/2015 2:07:26 AM,0.9771569,Normal
29/12/2015 2:08:26 AM,0.9771569,Normal
29/12/2015 2:09:26 AM,0.9771569,Normal
29/12/2015 2:10:26 AM,0.945119,Normal
29/12/2015 2:11:26 AM,0.945119,Normal
29/12/2015 2:12:26 AM,1.025214,Normal
29/12/2015 2:13:26 AM,0.9771569,Normal
29/12/2015 2:14:26 AM,1.009195,Normal
29/12/2015 2:15:26 AM,0.945119,Normal
29/12/2015 2:16:26 AM,0.9771569,Normal
29/12/2015 2:17:26 AM,0.8970621,Normal
29/12/2015 2:18:26 AM,0.9771569,Normal
29/12/2015 2:19:26 AM,0.961138,Normal
29/12/2015 2:20:26 AM,0.9771569,Normal
29/12/2015 2:21:26 AM,0.8650241,Normal
29/12/2015 2:22:26 AM,1.041233,Normal
29/12/2015 2:23:26 AM,0.9771569,Normal
29/12/2015 2:24:26 AM,0.8970621,Normal
29/12/2015 2:25:26 AM,0.961138,Normal
29/12/2015 2:26:26 AM,0.945119,Normal
29/12/2015 2:27:26 AM,0.9291,Normal
29/12/2015 2:28:26 AM,0.945119,Normal
29/12/2015 2:29:26 AM,0.945119,Normal
29/12/2015 2:30:26 AM,0.961138,Normal
29/12/2015 2:31:26 AM,1.025214,Normal
29/12/2015 2:32:26 AM,0.9771569,Normal
29/12/2015 2:33:26 AM,0.9771569,Normal
29/12/2015 2:34:26 AM,1.009195,Normal
29/12/2015 2:35:26 AM,0.9291,Normal
29/12/2015 2:36:26 AM,0.961138,Normal
29/12/2015 2:37:26 AM,0.961138,Normal
29/12/2015 2:38:26 AM,1.041233,Normal
29/12/2015 2:39:26 AM,0.9771569,Normal
29/12/2015 2:40:26 AM,0.9771569,Normal
29/12/2015 2:41:26 AM,0.9771569,Normal
29/12/2015 2:42:26 AM,0.9771569,Normal
29/12/2015 2:43:26 AM,0.8970621,Normal
29/12/2015 2:44:26 AM,0.9291,Normal
29/12/2015 2:45:26 AM,0.961138,Normal
29/12/2015 2:46:26 AM,0.9771569,Normal
29/12/2015 2:47:26 AM,0.9771569,Normal
29/12/2015 2:48:26 AM,0.9771569,Normal
29/12/2015 2:49:26 AM,0.9771569,Normal
29/12/2015 2:50:26 AM,0.9771569,Normal
29/12/2015 2:51:26 AM,0.9771569,Normal
29/12/2015 2:52:26 AM,0.9771569,Normal
29/12/2015 2:53:26 AM,0.945119,Normal
29/12/2015 2:54:26 AM,0.961138,Normal
29/12/2015 2:55:26 AM,1.009195,Normal
29/12/2015 2:56:26 AM,0.961138,Normal
29/12/2015 2:57:26 AM,0.9771569,Normal
29/12/2015 2:58:26 AM,0.9771569,Normal
29/12/2015 2:59:26 AM,0.9771569,Normal
29/12/2015 3:00:26 AM,1.025214,Normal
29/12/2015 3:01:26 AM,0.961138,Normal
29/12/2015 3:02:26 AM,0.961138,Normal
29/12/2015 3:03:26 AM,0.961138,Normal
29/12/2015 3:04:26 AM,1.009195,Normal
29/12/2015 3:05:26 AM,1.009195,Normal
29/12/2015 3:06:26 AM,1.025214,Normal
29/12/2015 3:07:26 AM,1.009195,Normal
29/12/2015 3:08:26 AM,0.8650241,Normal
29/12/2015 3:09:26 AM,0.961138,Normal
29/12/2015 3:10:26 AM,0.8970621,Normal
29/12/2015 3:11:26 AM,0.945119,Normal
29/12/2015 3:12:26 AM,0.961138,Normal
29/12/2015 3:13:26 AM,1.009195,Normal
29/12/2015 3:14:26 AM,1.009195,Normal
29/12/2015 3:15:26 AM,0.9771569,Normal
29/12/2015 3:16:26 AM,0.961138,Normal
29/12/2015 3:17:26 AM,1.009195,Normal
29/12/2015 3:18:26 AM,1.009195,Normal
29/12/2015 3:19:26 AM,1.009195,Normal
29/12/2015 3:20:26 AM,0.961138,Normal
29/12/2015 3:21:26 AM,0.9771569,Normal
29/12/2015 3:22:26 AM,0.9291,Normal
29/12/2015 3:23:26 AM,0.945119,Normal
29/12/2015 3:24:26 AM,0.9771569,Normal
29/12/2015 3:25:26 AM,0.8810431,Normal
29/12/2015 3:26:26 AM,1.025214,Normal
29/12/2015 3:27:26 AM,1.009195,Normal
29/12/2015 3:28:26 AM,0.945119,Normal
29/12/2015 3:29:26 AM,1.009195,Normal
29/12/2015 3:30:26 AM,1.009195,Normal
29/12/2015 3:31:26 AM,0.961138,Normal
29/12/2015 3:32:26 AM,0.961138,Normal
29/12/2015 3:33:26 AM,1.009195,Normal
29/12/2015 3:34:26 AM,0.945119,Normal
29/12/2015 3:35:26 AM,0.961138,Normal
29/12/2015 3:36:26 AM,0.9291,Normal
29/12/2015 3:37:26 AM,0.9771569,Normal
29/12/2015 3:38:26 AM,0.9771569,Normal
29/12/2015 3:39:26 AM,0.961138,Normal
29/12/2015 3:40:26 AM,0.961138,Normal
29/12/2015 3:41:26 AM,0.961138,Normal
29/12/2015 3:42:26 AM,0.8970621,Normal
29/12/2015 3:43:26 AM,0.9771569,Normal
29/12/2015 3:44:26 AM,0.961138,Normal
29/12/2015 3:45:26 AM,0.9771569,Normal
29/12/2015 3:46:26 AM,1.009195,Normal
29/12/2015 3:47:26 AM,1.009195,Normal
29/12/2015 3:48:26 AM,0.9771569,Normal
29/12/2015 3:49:26 AM,0.9771569,Normal
29/12/2015 3:50:26 AM,0.9771569,Normal
29/12/2015 3:51:26 AM,0.9771569,Normal
29/12/2015 3:52:26 AM,0.9771569,Normal
29/12/2015 3:53:26 AM,0.9771569,Normal
29/12/2015 3:54:26 AM,0.961138,Normal
29/12/2015 3:55:26 AM,0.961138,Normal
29/12/2015 3:56:26 AM,0.945119,Normal
29/12/2015 3:57:26 AM,0.961138,Normal
29/12/2015 3:58:26 AM,1.041233,Normal
29/12/2015 3:59:26 AM,1.025214,Normal
29/12/2015 4:00:26 AM,1.025214,Normal
29/12/2015 4:01:26 AM,1.009195,Normal
29/12/2015 4:02:26 AM,1.08929,Normal
29/12/2015 4:03:26 AM,0.9291,Normal
29/12/2015 4:04:26 AM,1.009195,Normal
29/12/2015 4:05:26 AM,1.009195,Normal
29/12/2015 4:06:26 AM,0.8169672,Normal
29/12/2015 4:07:26 AM,1.025214,Normal
29/12/2015 4:08:26 AM,0.9771569,Normal
29/12/2015 4:09:26 AM,0.9771569,Normal
29/12/2015 4:10:26 AM,0.9771569,Normal
29/12/2015 4:11:26 AM,0.9771569,Normal
29/12/2015 4:12:26 AM,0.9771569,Normal
29/12/2015 4:13:26 AM,0.9771569,Normal
29/12/2015 4:14:26 AM,0.9771569,Normal
29/12/2015 4:15:26 AM,0.945119,Normal
29/12/2015 4:16:26 AM,1.009195,Normal
29/12/2015 4:17:26 AM,0.961138,Normal
29/12/2015 4:18:26 AM,0.961138,Normal
29/12/2015 4:19:26 AM,1.009195,Normal
29/12/2015 4:20:26 AM,0.945119,Normal
29/12/2015 4:21:26 AM,1.025214,Normal
29/12/2015 4:22:26 AM,1.025214,Normal
29/12/2015 4:23:26 AM,1.025214,Normal
29/12/2015 4:24:26 AM,1.025214,Normal
29/12/2015 4:25:26 AM,0.9771569,Normal
29/12/2015 4:26:26 AM,0.961138,Normal
29/12/2015 4:27:26 AM,1.009195,Normal
29/12/2015 4:28:26 AM,0.9771569,Normal
29/12/2015 4:29:26 AM,0.9771569,Normal
29/12/2015 4:30:26 AM,1.041233,Normal
29/12/2015 4:31:26 AM,1.025214,Normal
29/12/2015 4:32:26 AM,1.08929,Normal
29/12/2015 4:33:26 AM,0.961138,Normal
29/12/2015 4:34:26 AM,1.025214,Normal
29/12/2015 4:35:26 AM,1.009195,Normal
29/12/2015 4:36:26 AM,1.009195,Normal
29/12/2015 4:37:26 AM,0.9771569,Normal
29/12/2015 4:38:26 AM,0.8970621,Normal
29/12/2015 4:39:26 AM,1.009195,Normal
29/12/2015 4:40:26 AM,0.961138,Normal
29/12/2015 4:41:26 AM,0.9291,Normal
29/12/2015 4:42:26 AM,0.961138,Normal
29/12/2015 4:43:26 AM,1.025214,Normal
29/12/2015 4:44:26 AM,1.009195,Normal
29/12/2015 4:45:26 AM,1.009195,Normal
29/12/2015 4:46:26 AM,0.9771569,Normal
29/12/2015 4:47:26 AM,0.9771569,Normal
29/12/2015 4:48:26 AM,0.9771569,Normal
29/12/2015 4:49:26 AM,1.025214,Normal
29/12/2015 4:50:26 AM,0.9771569,Normal
29/12/2015 4:51:26 AM,0.961138,Normal
29/12/2015 4:52:26 AM,1.025214,Normal
29/12/2015 4:53:26 AM,0.9771569,Normal
29/12/2015 4:54:26 AM,0.9771569,Normal
29/12/2015 4:55:26 AM,0.8650241,Normal
29/12/2015 4:56:26 AM,0.9771569,Normal
29/12/2015 4:57:26 AM,0.8650241,Normal
29/12/2015 4:58:26 AM,0.945119,Normal
29/12/2015 4:59:26 AM,1.025214,Normal
29/12/2015 5:00:26 AM,0.961138,Normal
29/12/2015 5:01:26 AM,0.961138,Normal
29/12/2015 5:02:26 AM,0.961138,Normal
29/12/2015 5:03:26 AM,1.009195,Normal
29/12/2015 5:04:26 AM,1.009195,Normal
29/12/2015 5:05:26 AM,0.9771569,Normal
29/12/2015 5:06:26 AM,0.945119,Normal
29/12/2015 5:07:26 AM,0.9291,Normal
29/12/2015 5:08:26 AM,0.9771569,Normal
29/12/2015 5:09:26 AM,0.961138,Normal
29/12/2015 5:10:26 AM,1.025214,Normal
29/12/2015 5:11:26 AM,0.9771569,Normal
29/12/2015 5:12:26 AM,0.9771569,Normal
29/12/2015 5:13:26 AM,0.961138,Normal
29/12/2015 5:14:26 AM,0.961138,Normal
29/12/2015 5:15:26 AM,0.961138,Normal
29/12/2015 5:16:26 AM,0.961138,Normal
29/12/2015 5:17:26 AM,0.961138,Normal
29/12/2015 5:18:26 AM,0.961138,Normal
29/12/2015 5:19:26 AM,0.961138,Normal
29/12/2015 5:20:26 AM,0.8970621,Normal
29/12/2015 5:21:26 AM,0.945119,Normal
29/12/2015 5:22:26 AM,0.9771569,Normal
29/12/2015 5:23:26 AM,0.961138,Normal
29/12/2015 5:24:26 AM,0.961138,Normal
29/12/2015 5:25:26 AM,0.9771569,Normal
29/12/2015 5:26:26 AM,1.009195,Normal
29/12/2015 5:27:26 AM,1.009195,Normal
29/12/2015 5:28:26 AM,1.041233,Normal
29/12/2015 5:29:26 AM,0.945119,Normal
29/12/2015 5:30:26 AM,0.8970621,Normal
29/12/2015 5:31:26 AM,0.945119,Normal
29/12/2015 5:32:26 AM,0.945119,Normal
29/12/2015 5:33:26 AM,0.8970621,Normal
29/12/2015 5:34:26 AM,0.961138,Normal
29/12/2015 5:35:26 AM,0.945119,Normal
29/12/2015 5:36:26 AM,0.945119,Normal
29/12/2015 5:37:26 AM,0.9771569,Normal
29/12/2015 5:38:26 AM,0.945119,Normal
29/12/2015 5:39:26 AM,0.8650241,Normal
29/12/2015 5:40:26 AM,0.9771569,Normal
29/12/2015 5:41:26 AM,0.961138,Normal
29/12/2015 5:42:26 AM,0.9771569,Normal
29/12/2015 5:43:26 AM,0.8009483,Normal
29/12/2015 5:44:26 AM,1.009195,Normal
29/12/2015 5:45:26 AM,0.961138,Normal
29/12/2015 5:46:26 AM,0.945119,Normal
29/12/2015 5:47:26 AM,0.8650241,Normal
29/12/2015 5:48:26 AM,0.9771569,Normal
29/12/2015 5:49:26 AM,1.041233,Normal
29/12/2015 5:50:26 AM,0.961138,Normal
29/12/2015 5:51:26 AM,0.9771569,Normal
29/12/2015 5:52:26 AM,0.945119,Normal
29/12/2015 5:53:26 AM,0.9291,Normal
29/12/2015 5:54:26 AM,0.8970621,Normal
29/12/2015 5:55:26 AM,0.945119,Normal
29/12/2015 5:56:26 AM,0.9291,Normal
29/12/2015 5:57:26 AM,0.8970621,Normal
29/12/2015 5:58:26 AM,0.945119,Normal
29/12/2015 5:59:26 AM,0.8970621,Normal
29/12/2015 6:00:26 AM,0.961138,Normal
29/12/2015 6:01:26 AM,0.8810431,Normal
29/12/2015 6:02:26 AM,0.8490052,Normal
29/12/2015 6:03:26 AM,0.945119,Normal
29/12/2015 6:04:26 AM,0.8810431,Normal
29/12/2015 6:05:26 AM,1.009195,Normal
29/12/2015 6:06:26 AM,0.9291,Normal
29/12/2015 6:07:26 AM,0.9291,Normal
29/12/2015 6:08:26 AM,0.8169672,Normal
29/12/2015 6:09:26 AM,0.8810431,Normal
29/12/2015 6:10:26 AM,0.8970621,Normal
29/12/2015 6:11:26 AM,0.8810431,Normal
29/12/2015 6:12:26 AM,0.945119,Normal
29/12/2015 6:13:26 AM,0.945119,Normal
29/12/2015 6:14:26 AM,0.8810431,Normal
29/12/2015 6:15:26 AM,0.961138,Normal
29/12/2015 6:16:26 AM,0.8810431,Normal
29/12/2015 6:17:26 AM,0.8810431,Normal
29/12/2015 6:18:26 AM,0.9291,Normal
29/12/2015 6:19:26 AM,0.8810431,Normal
29/12/2015 6:20:26 AM,0.9291,Normal
29/12/2015 6:21:26 AM,0.961138,Normal
29/12/2015 6:22:26 AM,0.961138,Normal
29/12/2015 6:23:26 AM,0.8810431,Normal
29/12/2015 6:24:26 AM,0.961138,Normal
29/12/2015 6:25:26 AM,0.8810431,Normal
29/12/2015 6:26:26 AM,0.9771569,Normal
29/12/2015 6:27:26 AM,0.8169672,Normal
29/12/2015 6:28:26 AM,0.8970621,Normal
29/12/2015 6:29:26 AM,0.9291,Normal
29/12/2015 6:42:27 AM,0.8009483,Normal
29/12/2015 6:43:27 AM,0.9291,Normal
29/12/2015 6:44:27 AM,0.9291,Normal
29/12/2015 6:45:27 AM,0.8970621,Normal
29/12/2015 6:46:27 AM,0.8810431,Normal
29/12/2015 6:47:27 AM,0.8169672,Normal
29/12/2015 6:48:27 AM,0.8490052,Normal
29/12/2015 6:49:27 AM,1.025214,Normal
29/12/2015 6:50:27 AM,0.9291,Normal
29/12/2015 6:51:27 AM,0.8650241,Normal
29/12/2015 6:52:27 AM,0.8490052,Normal
29/12/2015 6:53:27 AM,0.9291,Normal
29/12/2015 6:54:27 AM,0.8810431,Normal
29/12/2015 6:55:27 AM,0.8810431,Normal
29/12/2015 6:56:27 AM,0.8650241,Normal
29/12/2015 6:57:27 AM,0.8810431,Normal
29/12/2015 6:58:27 AM,0.8169672,Normal
29/12/2015 6:59:27 AM,0.8169672,Normal
29/12/2015 7:00:27 AM,0.8490052,Normal
29/12/2015 7:01:27 AM,0.7689104,Normal
29/12/2015 7:02:27 AM,0.7849293,Normal
29/12/2015 7:03:27 AM,0.7849293,Normal
29/12/2015 7:04:27 AM,0.8169672,Normal
29/12/2015 7:05:27 AM,0.8490052,Normal
29/12/2015 7:06:27 AM,0.8490052,Normal
29/12/2015 7:07:27 AM,0.8490052,Normal
29/12/2015 7:08:27 AM,0.8650241,Normal
29/12/2015 7:09:27 AM,0.7368724,Normal
29/12/2015 7:10:27 AM,0.8169672,Normal
29/12/2015 7:11:27 AM,0.8169672,Normal
29/12/2015 7:12:27 AM,0.8490052,Normal
29/12/2015 7:13:27 AM,0.8490052,Normal
29/12/2015 7:14:27 AM,0.7689104,Normal
29/12/2015 7:15:27 AM,0.8490052,Normal
29/12/2015 7:16:27 AM,0.8490052,Normal
29/12/2015 7:17:27 AM,0.8490052,Normal
29/12/2015 7:18:27 AM,0.8490052,Normal
29/12/2015 7:19:27 AM,0.8970621,Normal
29/12/2015 7:20:27 AM,0.8490052,Normal
29/12/2015 7:21:27 AM,0.8650241,Normal
29/12/2015 7:22:27 AM,0.945119,Normal
29/12/2015 7:23:27 AM,0.9771569,Normal
29/12/2015 7:24:27 AM,0.961138,Normal
29/12/2015 7:25:27 AM,0.8650241,Normal
29/12/2015 7:26:27 AM,0.945119,Normal
29/12/2015 7:27:27 AM,1.041233,Normal
29/12/2015 7:28:27 AM,1.009195,Normal
29/12/2015 7:29:27 AM,1.009195,Normal
29/12/2015 7:30:27 AM,1.025214,Normal
29/12/2015 7:31:27 AM,1.057252,Normal
29/12/2015 7:32:27 AM,1.105309,Normal
29/12/2015 7:33:27 AM,1.105309,Normal
29/12/2015 7:34:27 AM,1.121328,Normal
29/12/2015 7:35:27 AM,1.137347,Normal
29/12/2015 7:36:27 AM,1.185403,Normal
29/12/2015 7:37:27 AM,1.185403,Normal
29/12/2015 7:38:27 AM,1.169384,Normal
29/12/2015 7:39:27 AM,1.185403,Normal
29/12/2015 7:40:27 AM,1.265498,Normal
29/12/2015 7:41:27 AM,1.185403,Normal
29/12/2015 7:42:27 AM,1.185403,Normal
29/12/2015 7:43:27 AM,1.201422,Normal
29/12/2015 7:44:27 AM,1.201422,Normal
29/12/2015 7:45:27 AM,1.201422,Normal
29/12/2015 7:46:27 AM,1.201422,Normal
29/12/2015 7:47:27 AM,1.217441,Normal
29/12/2015 7:48:27 AM,1.265498,Normal
29/12/2015 7:49:27 AM,1.249479,Normal
29/12/2015 7:50:27 AM,1.249479,Normal
29/12/2015 7:51:27 AM,1.281517,Normal
29/12/2015 7:52:27 AM,1.265498,Normal
29/12/2015 7:53:27 AM,1.249479,Normal
29/12/2015 7:54:27 AM,1.329574,Normal
29/12/2015 7:55:27 AM,1.361612,Normal
29/12/2015 7:56:27 AM,1.377631,Normal
29/12/2015 7:57:27 AM,1.329574,Normal
29/12/2015 7:58:27 AM,1.345593,Normal
29/12/2015 7:59:27 AM,1.345593,Normal
29/12/2015 8:00:27 AM,1.345593,Normal
29/12/2015 8:01:27 AM,1.361612,Normal
29/12/2015 8:02:27 AM,1.361612,Normal
29/12/2015 8:03:27 AM,1.361612,Normal
29/12/2015 8:04:27 AM,1.361612,Normal
29/12/2015 8:05:27 AM,1.329574,Normal
29/12/2015 8:06:27 AM,1.345593,Normal
29/12/2015 8:07:27 AM,1.329574,Normal
29/12/2015 8:08:27 AM,1.409669,Normal
29/12/2015 8:09:27 AM,1.361612,Normal
29/12/2015 8:10:27 AM,1.377631,Normal
29/12/2015 8:11:27 AM,1.345593,Normal
29/12/2015 8:12:27 AM,1.377631,Normal
29/12/2015 8:13:27 AM,1.377631,Normal
29/12/2015 8:14:27 AM,1.345593,Normal
29/12/2015 8:15:27 AM,1.361612,Normal
29/12/2015 8:16:27 AM,1.377631,Normal
29/12/2015 8:17:27 AM,1.377631,Normal
29/12/2015 8:18:27 AM,1.377631,Normal
29/12/2015 8:19:27 AM,1.409669,Normal
29/12/2015 8:20:27 AM,1.361612,Normal
29/12/2015 8:21:27 AM,1.361612,Normal
29/12/2015 8:22:27 AM,1.409669,Normal
29/12/2015 8:23:27 AM,1.409669,Normal
29/12/2015 8:24:27 AM,1.409669,Normal
29/12/2015 8:25:27 AM,1.409669,Normal
29/12/2015 8:26:27 AM,1.409669,Normal
29/12/2015 8:27:27 AM,1.409669,Normal
29/12/2015 8:28:27 AM,1.425688,Normal
29/12/2015 8:29:27 AM,1.377631,Normal
29/12/2015 8:30:27 AM,1.377631,Normal
29/12/2015 8:31:27 AM,1.441707,Normal
29/12/2015 8:32:27 AM,1.409669,Normal
29/12/2015 8:33:27 AM,1.409669,Normal
29/12/2015 8:34:27 AM,1.441707,Normal
29/12/2015 8:35:27 AM,1.409669,Normal
29/12/2015 8:36:27 AM,1.329574,Normal
29/12/2015 8:37:27 AM,1.361612,Normal
29/12/2015 8:38:27 AM,1.457726,Normal
29/12/2015 8:39:27 AM,1.489764,Normal
29/12/2015 8:40:27 AM,1.457726,Normal
29/12/2015 8:41:27 AM,1.441707,Normal
29/12/2015 8:42:27 AM,1.377631,Normal
29/12/2015 8:43:27 AM,1.441707,Normal
29/12/2015 8:44:27 AM,1.457726,Normal
29/12/2015 8:45:27 AM,1.441707,Normal
29/12/2015 8:46:27 AM,1.489764,Normal
29/12/2015 8:47:27 AM,1.521802,Normal
29/12/2015 8:48:27 AM,1.569859,Normal
29/12/2015 8:49:27 AM,1.425688,Normal
29/12/2015 8:50:27 AM,1.457726,Normal
29/12/2015 8:51:27 AM,1.425688,Normal
29/12/2015 8:52:27 AM,1.489764,Normal
29/12/2015 8:53:27 AM,1.409669,Normal
29/12/2015 8:54:27 AM,1.457726,Normal
29/12/2015 8:55:27 AM,1.505783,Normal
29/12/2015 8:56:27 AM,1.457726,Normal
29/12/2015 8:57:27 AM,1.457726,Normal
29/12/2015 8:58:27 AM,1.505783,Normal
29/12/2015 8:59:27 AM,1.409669,Normal
29/12/2015 9:00:27 AM,1.425688,Normal
29/12/2015 9:01:27 AM,1.489764,Normal
29/12/2015 9:02:27 AM,1.441707,Normal
29/12/2015 9:03:27 AM,1.521802,Normal
29/12/2015 9:04:27 AM,1.521802,Normal
29/12/2015 9:05:27 AM,1.505783,Normal
29/12/2015 9:06:27 AM,1.409669,Normal
29/12/2015 9:07:27 AM,1.361612,Normal
29/12/2015 9:08:27 AM,1.425688,Normal
29/12/2015 9:09:27 AM,1.489764,Normal
29/12/2015 9:10:27 AM,1.489764,Normal
29/12/2015 9:11:27 AM,1.521802,Normal
29/12/2015 9:12:27 AM,1.489764,Normal
29/12/2015 9:13:27 AM,1.537821,Normal
29/12/2015 9:14:27 AM,1.521802,Normal
29/12/2015 9:15:27 AM,1.569859,Normal
29/12/2015 9:16:27 AM,1.441707,Normal
29/12/2015 9:17:27 AM,1.505783,Normal
29/12/2015 9:18:27 AM,1.569859,Normal
29/12/2015 9:19:27 AM,1.457726,Normal
29/12/2015 9:20:27 AM,1.489764,Normal
29/12/2015 9:21:27 AM,1.489764,Normal
29/12/2015 9:22:27 AM,1.521802,Normal
29/12/2015 9:23:27 AM,1.425688,Normal
29/12/2015 9:24:27 AM,1.505783,Normal
29/12/2015 9:25:27 AM,1.489764,Normal
29/12/2015 9:26:27 AM,1.457726,Normal
29/12/2015 9:27:27 AM,1.457726,Normal
29/12/2015 9:28:27 AM,1.505783,Normal
29/12/2015 9:29:27 AM,1.489764,Normal
29/12/2015 9:30:27 AM,1.489764,Normal
29/12/2015 9:31:27 AM,1.601897,Normal
29/12/2015 9:32:27 AM,1.457726,Normal
29/12/2015 9:33:27 AM,1.489764,Normal
29/12/2015 9:34:27 AM,1.457726,Normal
29/12/2015 9:35:27 AM,1.569859,Normal
29/12/2015 9:36:27 AM,1.489764,Normal
29/12/2015 9:37:27 AM,1.537821,Normal
29/12/2015 9:38:27 AM,1.537821,Normal
29/12/2015 9:39:27 AM,1.441707,Normal
29/12/2015 9:40:27 AM,1.441707,Normal
29/12/2015 9:41:27 AM,1.505783,Normal
29/12/2015 9:42:27 AM,1.457726,Normal
29/12/2015 9:43:27 AM,1.505783,Normal
29/12/2015 9:44:27 AM,1.521802,Normal
29/12/2015 9:45:27 AM,1.409669,Normal
29/12/2015 9:46:27 AM,1.601897,Normal
29/12/2015 9:47:27 AM,1.537821,Normal
29/12/2015 9:48:27 AM,1.537821,Normal
29/12/2015 9:49:27 AM,1.505783,Normal
29/12/2015 9:50:27 AM,1.505783,Normal
29/12/2015 9:51:27 AM,1.489764,Normal
29/12/2015 9:52:27 AM,1.537821,Normal
29/12/2015 9:53:27 AM,1.521802,Normal
29/12/2015 9:54:27 AM,1.505783,Normal
29/12/2015 9:55:27 AM,1.521802,Normal
29/12/2015 9:56:27 AM,1.441707,Normal
29/12/2015 9:57:27 AM,1.569859,Normal
29/12/2015 9:58:27 AM,1.569859,Normal
29/12/2015 9:59:27 AM,1.617916,Normal
29/12/2015 10:00:27 AM,1.505783,Normal
29/12/2015 10:01:27 AM,1.377631,Normal
29/12/2015 10:02:27 AM,1.489764,Normal
29/12/2015 10:03:27 AM,1.457726,Normal
29/12/2015 10:04:27 AM,1.537821,Normal
29/12/2015 10:05:27 AM,1.457726,Normal
29/12/2015 10:06:27 AM,1.537821,Normal
29/12/2015 10:07:27 AM,1.505783,Normal
29/12/2015 10:08:27 AM,1.409669,Normal
29/12/2015 10:09:27 AM,1.441707,Normal
29/12/2015 10:10:27 AM,1.457726,Normal
29/12/2015 10:11:27 AM,1.617916,Normal
29/12/2015 10:12:27 AM,1.441707,Normal
29/12/2015 10:13:27 AM,1.537821,Normal
29/12/2015 10:14:27 AM,1.425688,Normal
29/12/2015 10:15:27 AM,1.569859,Normal
29/12/2015 10:16:27 AM,1.457726,Normal
29/12/2015 10:17:27 AM,1.457726,Normal
29/12/2015 10:18:27 AM,1.425688,Normal
29/12/2015 10:19:27 AM,1.505783,Normal
29/12/2015 10:20:27 AM,1.489764,Normal
29/12/2015 10:21:27 AM,1.569859,Normal
29/12/2015 10:22:27 AM,1.505783,Normal
29/12/2015 10:23:27 AM,1.489764,Normal
29/12/2015 10:24:27 AM,1.505783,Normal
29/12/2015 10:25:27 AM,1.457726,Normal
29/12/2015 10:26:27 AM,1.537821,Normal
29/12/2015 10:27:27 AM,1.505783,Normal
29/12/2015 10:28:27 AM,1.537821,Normal
29/12/2015 10:29:27 AM,1.585878,Normal
29/12/2015 10:30:27 AM,1.505783,Normal
29/12/2015 10:31:27 AM,1.505783,Normal
29/12/2015 10:32:27 AM,1.521802,Normal
29/12/2015 10:33:27 AM,1.537821,Normal
29/12/2015 10:34:27 AM,1.505783,Normal
29/12/2015 10:35:27 AM,1.489764,Normal
29/12/2015 10:36:27 AM,1.457726,Normal
29/12/2015 10:37:27 AM,1.441707,Normal
29/12/2015 10:38:27 AM,1.585878,Normal
29/12/2015 10:39:27 AM,1.361612,Normal
29/12/2015 10:40:27 AM,1.457726,Normal
29/12/2015 10:41:27 AM,1.409669,Normal
29/12/2015 10:42:27 AM,1.457726,Normal
29/12/2015 10:43:27 AM,1.457726,Normal
29/12/2015 10:44:27 AM,1.425688,Normal
29/12/2015 10:45:27 AM,1.537821,Normal
29/12/2015 10:46:27 AM,1.441707,Normal
29/12/2015 10:47:27 AM,1.585878,Normal
29/12/2015 10:48:27 AM,1.425688,Normal
29/12/2015 10:49:27 AM,1.457726,Normal
29/12/2015 10:50:27 AM,1.409669,Normal
29/12/2015 10:51:27 AM,1.537821,Normal
29/12/2015 10:52:27 AM,1.441707,Normal
29/12/2015 10:53:27 AM,1.409669,Normal
29/12/2015 10:54:27 AM,1.457726,Normal
29/12/2015 10:55:27 AM,1.457726,Normal
29/12/2015 10:56:27 AM,1.489764,Normal
29/12/2015 10:57:27 AM,1.377631,Normal
29/12/2015 10:58:27 AM,1.329574,Normal
29/12/2015 10:59:27 AM,1.505783,Normal
29/12/2015 11:00:27 AM,1.505783,Normal
29/12/2015 11:01:27 AM,1.425688,Normal
29/12/2015 11:02:27 AM,1.505783,Normal
29/12/2015 11:03:27 AM,1.441707,Normal
29/12/2015 11:04:27 AM,1.441707,Normal
29/12/2015 11:05:27 AM,1.457726,Normal
29/12/2015 11:06:27 AM,1.489764,Normal
29/12/2015 11:07:27 AM,1.425688,Normal
29/12/2015 11:08:27 AM,1.441707,Normal
29/12/2015 11:09:27 AM,1.585878,Normal
29/12/2015 11:10:27 AM,1.489764,Normal
29/12/2015 11:15:20 AM,1.409669,Normal
29/12/2015 11:16:20 AM,1.425688,Normal
29/12/2015 11:17:20 AM,1.441707,Normal
29/12/2015 11:18:20 AM,1.441707,Normal
29/12/2015 11:19:20 AM,1.409669,Normal
29/12/2015 11:20:20 AM,1.569859,Normal
29/12/2015 11:21:20 AM,1.409669,Normal
29/12/2015 11:22:20 AM,1.569859,Normal
29/12/2015 11:23:20 AM,1.489764,Normal
29/12/2015 11:24:20 AM,1.441707,Normal
29/12/2015 11:25:20 AM,1.537821,Normal
29/12/2015 11:26:20 AM,1.569859,Normal
29/12/2015 11:27:20 AM,1.505783,Normal
29/12/2015 11:28:20 AM,1.457726,Normal
29/12/2015 11:29:20 AM,1.521802,Normal
29/12/2015 11:30:20 AM,1.505783,Normal
29/12/2015 11:31:20 AM,1.521802,Normal
29/12/2015 11:32:20 AM,1.537821,Normal
29/12/2015 11:33:20 AM,1.521802,Normal
29/12/2015 11:34:20 AM,1.537821,Normal
29/12/2015 11:35:20 AM,1.505783,Normal
29/12/2015 11:43:31 AM,1.537821,Normal
29/12/2015 11:44:31 AM,1.537821,Normal
29/12/2015 11:45:31 AM,1.537821,Normal
29/12/2015 11:46:31 AM,1.569859,Normal
29/12/2015 11:47:31 AM,1.585878,Normal
29/12/2015 11:48:31 AM,1.537821,Normal
29/12/2015 11:49:31 AM,1.457726,Normal
29/12/2015 11:50:31 AM,1.505783,Normal
29/12/2015 11:51:31 AM,1.569859,Normal
29/12/2015 11:52:31 AM,1.457726,Normal
29/12/2015 11:53:31 AM,1.489764,Normal
29/12/2015 11:54:31 AM,1.489764,Normal
29/12/2015 11:55:31 AM,1.521802,Normal
29/12/2015 11:56:31 AM,1.521802,Normal
29/12/2015 12:02:07 PM,1.649953,Normal
29/12/2015 12:03:07 PM,1.521802,Normal
29/12/2015 12:04:07 PM,1.537821,Normal
29/12/2015 12:05:07 PM,1.537821,Normal
29/12/2015 12:06:07 PM,1.537821,Normal
29/12/2015 12:07:07 PM,1.537821,Normal
29/12/2015 12:08:07 PM,1.505783,Normal
29/12/2015 12:09:07 PM,1.537821,Normal
29/12/2015 12:10:07 PM,1.569859,Normal
29/12/2015 12:11:07 PM,1.441707,Normal
29/12/2015 12:12:07 PM,1.505783,Normal
29/12/2015 12:13:07 PM,1.505783,Normal
29/12/2015 12:14:07 PM,1.537821,Normal
29/12/2015 12:15:07 PM,1.537821,Normal
29/12/2015 12:16:07 PM,1.537821,Normal
29/12/2015 12:17:07 PM,1.521802,Normal
29/12/2015 12:18:07 PM,1.665972,Normal
29/12/2015 12:19:07 PM,1.521802,Normal
29/12/2015 12:20:07 PM,1.537821,Normal
29/12/2015 12:21:07 PM,1.537821,Normal
29/12/2015 12:22:07 PM,1.521802,Normal
29/12/2015 12:23:07 PM,1.489764,Normal
29/12/2015 12:24:07 PM,1.569859,Normal
29/12/2015 12:25:07 PM,1.505783,Normal
29/12/2015 12:26:07 PM,1.505783,Normal
29/12/2015 12:27:07 PM,1.505783,Normal
29/12/2015 12:28:07 PM,1.489764,Normal
29/12/2015 12:29:07 PM,1.489764,Normal
29/12/2015 12:30:07 PM,1.585878,Normal
29/12/2015 12:31:07 PM,1.377631,Normal
29/12/2015 12:32:07 PM,1.489764,Normal
29/12/2015 12:33:07 PM,1.425688,Normal
29/12/2015 12:34:07 PM,1.377631,Normal
29/12/2015 12:35:07 PM,1.441707,Normal
29/12/2015 12:36:07 PM,1.377631,Normal
29/12/2015 12:37:07 PM,1.457726,Normal
29/12/2015 12:38:07 PM,1.489764,Normal
29/12/2015 12:39:07 PM,1.489764,Normal
29/12/2015 12:40:07 PM,1.505783,Normal
29/12/2015 12:41:07 PM,1.457726,Normal
29/12/2015 12:42:07 PM,1.521802,Normal
29/12/2015 12:43:07 PM,1.489764,Normal
29/12/2015 12:44:07 PM,1.489764,Normal
29/12/2015 12:45:07 PM,1.409669,Normal
29/12/2015 12:46:07 PM,1.505783,Normal
29/12/2015 12:47:07 PM,1.377631,Normal
29/12/2015 12:48:07 PM,1.457726,Normal
29/12/2015 12:49:07 PM,1.537821,Normal
29/12/2015 12:50:07 PM,1.425688,Normal
29/12/2015 12:51:07 PM,1.377631,Normal
29/12/2015 12:52:07 PM,1.361612,Normal
29/12/2015 12:53:07 PM,1.521802,Normal
29/12/2015 12:54:07 PM,1.489764,Normal
29/12/2015 12:55:07 PM,1.441707,Normal
29/12/2015 12:56:07 PM,1.457726,Normal
29/12/2015 12:57:07 PM,1.537821,Normal
29/12/2015 12:58:07 PM,1.441707,Normal
29/12/2015 12:59:07 PM,1.457726,Normal
29/12/2015 1:00:07 PM,1.425688,Normal
29/12/2015 1:01:07 PM,1.409669,Normal
29/12/2015 1:02:07 PM,1.441707,Normal
29/12/2015 1:03:07 PM,1.377631,Normal
29/12/2015 1:04:07 PM,1.441707,Normal
29/12/2015 1:05:07 PM,1.441707,Normal
29/12/2015 1:06:07 PM,1.425688,Normal
29/12/2015 1:07:07 PM,1.441707,Normal
29/12/2015 1:08:07 PM,1.409669,Normal
29/12/2015 1:09:07 PM,1.409669,Normal
29/12/2015 1:10:07 PM,1.409669,Normal
29/12/2015 1:11:07 PM,1.361612,Normal
29/12/2015 1:12:07 PM,1.409669,Normal
29/12/2015 1:13:07 PM,1.409669,Normal
29/12/2015 1:14:07 PM,1.425688,Normal
29/12/2015 1:15:07 PM,1.425688,Normal
29/12/2015 1:16:07 PM,1.425688,Normal
29/12/2015 1:17:07 PM,1.489764,Normal
29/12/2015 1:18:07 PM,1.505783,Normal
29/12/2015 1:19:07 PM,1.425688,Normal
29/12/2015 1:20:07 PM,1.457726,Normal
29/12/2015 1:21:07 PM,1.425688,Normal
29/12/2015 1:22:07 PM,1.377631,Normal
29/12/2015 1:23:07 PM,1.425688,Normal
29/12/2015 1:24:07 PM,1.441707,Normal
29/12/2015 1:25:07 PM,1.425688,Normal
29/12/2015 1:26:07 PM,1.377631,Normal
29/12/2015 1:27:07 PM,1.409669,Normal
29/12/2015 1:28:07 PM,1.409669,Normal
29/12/2015 1:29:07 PM,1.489764,Normal
29/12/2015 1:30:07 PM,1.425688,Normal
29/12/2015 1:31:07 PM,1.425688,Normal
29/12/2015 1:32:07 PM,1.441707,Normal
29/12/2015 1:33:07 PM,1.457726,Normal
29/12/2015 1:34:07 PM,1.409669,Normal
29/12/2015 1:35:07 PM,1.425688,Normal
29/12/2015 1:36:07 PM,1.489764,Normal
29/12/2015 1:37:07 PM,1.409669,Normal
29/12/2015 1:38:07 PM,1.409669,Normal
29/12/2015 1:39:07 PM,1.409669,Normal
29/12/2015 1:40:07 PM,1.425688,Normal
29/12/2015 1:41:07 PM,1.345593,Normal
29/12/2015 1:42:07 PM,1.377631,Normal
29/12/2015 1:43:07 PM,1.409669,Normal
29/12/2015 1:44:07 PM,1.425688,Normal
29/12/2015 1:45:07 PM,1.489764,Normal
29/12/2015 1:46:07 PM,1.489764,Normal
29/12/2015 1:47:07 PM,1.425688,Normal
29/12/2015 1:48:07 PM,1.361612,Normal
29/12/2015 1:49:07 PM,1.409669,Normal
29/12/2015 1:50:07 PM,1.409669,Normal
29/12/2015 1:51:07 PM,1.409669,Normal
29/12/2015 1:52:07 PM,1.409669,Normal
29/12/2015 1:53:07 PM,1.425688,Normal
29/12/2015 1:54:07 PM,1.489764,Normal
29/12/2015 1:55:07 PM,1.441707,Normal
29/12/2015 1:56:07 PM,1.457726,Normal
29/12/2015 1:57:07 PM,1.425688,Normal
29/12/2015 1:58:07 PM,1.425688,Normal
29/12/2015 1:59:07 PM,1.425688,Normal
29/12/2015 2:00:07 PM,1.425688,Normal
29/12/2015 2:01:07 PM,1.425688,Normal
29/12/2015 2:02:07 PM,1.345593,Normal
29/12/2015 2:03:07 PM,1.521802,Normal
29/12/2015 2:04:07 PM,1.425688,Normal
29/12/2015 2:05:07 PM,1.409669,Normal
29/12/2015 2:06:07 PM,1.409669,Normal
29/12/2015 2:07:07 PM,1.409669,Normal
29/12/2015 2:08:07 PM,1.409669,Normal
29/12/2015 2:09:07 PM,1.409669,Normal
29/12/2015 2:10:07 PM,1.441707,Normal
29/12/2015 2:11:07 PM,1.409669,Normal
29/12/2015 2:12:07 PM,1.425688,Normal
29/12/2015 2:13:07 PM,1.425688,Normal
29/12/2015 2:14:07 PM,1.441707,Normal
29/12/2015 2:15:07 PM,1.441707,Normal
29/12/2015 2:16:07 PM,1.409669,Normal
29/12/2015 2:17:07 PM,1.409669,Normal
29/12/2015 2:18:07 PM,1.505783,Normal
29/12/2015 2:19:07 PM,1.425688,Normal
29/12/2015 2:20:07 PM,1.409669,Normal
29/12/2015 2:21:07 PM,1.409669,Normal
29/12/2015 2:22:07 PM,1.409669,Normal
29/12/2015 2:23:07 PM,1.505783,Normal
29/12/2015 2:24:07 PM,1.425688,Normal
29/12/2015 2:25:07 PM,1.425688,Normal
29/12/2015 2:26:07 PM,1.377631,Normal
29/12/2015 2:27:07 PM,1.441707,Normal
29/12/2015 2:28:07 PM,1.409669,Normal
29/12/2015 2:29:07 PM,1.425688,Normal
29/12/2015 2:30:07 PM,1.441707,Normal
29/12/2015 2:31:07 PM,1.425688,Normal
29/12/2015 2:32:07 PM,1.489764,Normal
29/12/2015 2:33:07 PM,1.441707,Normal
29/12/2015 2:34:07 PM,1.441707,Normal
29/12/2015 2:35:07 PM,1.425688,Normal
29/12/2015 2:36:07 PM,1.409669,Normal
29/12/2015 2:37:07 PM,1.425688,Normal
29/12/2015 2:38:07 PM,1.441707,Normal
29/12/2015 2:51:04 PM,1.489764,Normal
29/12/2015 2:52:04 PM,1.457726,Normal
29/12/2015 2:53:04 PM,1.441707,Normal
29/12/2015 2:54:04 PM,1.505783,Normal
29/12/2015 2:55:04 PM,1.489764,Normal
29/12/2015 2:56:04 PM,1.505783,Normal
29/12/2015 2:57:04 PM,1.441707,Normal
29/12/2015 2:58:04 PM,1.521802,Normal
29/12/2015 2:59:04 PM,1.425688,Normal
29/12/2015 3:00:04 PM,1.425688,Normal
29/12/2015 3:01:04 PM,1.457726,Normal
29/12/2015 3:02:04 PM,1.441707,Normal
29/12/2015 3:03:04 PM,1.457726,Normal
29/12/2015 3:04:04 PM,1.425688,Normal
29/12/2015 3:05:04 PM,1.441707,Normal
29/12/2015 3:06:04 PM,1.457726,Normal
29/12/2015 3:07:04 PM,1.441707,Normal
29/12/2015 3:08:04 PM,1.441707,Normal
29/12/2015 3:09:04 PM,1.457726,Normal
29/12/2015 3:10:04 PM,1.457726,Normal
29/12/2015 3:11:04 PM,1.409669,Normal
29/12/2015 3:12:04 PM,1.489764,Normal
29/12/2015 3:13:04 PM,1.521802,Normal
29/12/2015 3:14:04 PM,1.409669,Normal
29/12/2015 3:15:04 PM,1.441707,Normal
29/12/2015 3:16:04 PM,1.457726,Normal
29/12/2015 3:17:04 PM,1.505783,Normal
29/12/2015 3:18:04 PM,1.441707,Normal
29/12/2015 3:19:04 PM,1.537821,Normal
29/12/2015 3:20:04 PM,1.457726,Normal
29/12/2015 3:21:04 PM,1.457726,Normal
29/12/2015 3:22:04 PM,1.425688,Normal
29/12/2015 3:23:04 PM,1.505783,Normal
29/12/2015 3:24:04 PM,1.457726,Normal
29/12/2015 3:25:04 PM,1.441707,Normal
29/12/2015 3:26:04 PM,1.441707,Normal
29/12/2015 3:27:04 PM,1.521802,Normal
29/12/2015 3:28:04 PM,1.521802,Normal
29/12/2015 3:29:04 PM,1.425688,Normal
29/12/2015 3:30:04 PM,1.457726,Normal
29/12/2015 3:31:04 PM,1.409669,Normal
29/12/2015 3:32:04 PM,1.505783,Normal
29/12/2015 3:33:04 PM,1.457726,Normal
29/12/2015 3:34:04 PM,1.457726,Normal
29/12/2015 3:35:04 PM,1.457726,Normal
29/12/2015 3:36:04 PM,1.425688,Normal
29/12/2015 3:37:04 PM,1.489764,Normal
29/12/2015 3:38:04 PM,1.441707,Normal
29/12/2015 3:39:04 PM,1.569859,Normal
29/12/2015 3:40:04 PM,1.489764,Normal
29/12/2015 3:41:04 PM,1.409669,Normal
29/12/2015 3:42:04 PM,1.537821,Normal
29/12/2015 3:43:04 PM,1.505783,Normal
29/12/2015 3:44:04 PM,1.377631,Normal
29/12/2015 3:45:04 PM,1.457726,Normal
29/12/2015 3:46:04 PM,1.521802,Normal
29/12/2015 3:47:04 PM,1.505783,Normal
29/12/2015 3:48:04 PM,1.409669,Normal
29/12/2015 3:49:04 PM,1.569859,Normal
29/12/2015 3:50:04 PM,1.537821,Normal
29/12/2015 3:51:04 PM,1.537821,Normal
29/12/2015 3:52:04 PM,1.569859,Normal
29/12/2015 3:53:04 PM,1.505783,Normal
29/12/2015 3:54:04 PM,1.617916,Normal
29/12/2015 3:55:04 PM,1.537821,Normal
29/12/2015 3:56:04 PM,1.569859,Normal
29/12/2015 3:57:04 PM,1.569859,Normal
29/12/2015 3:58:04 PM,1.537821,Normal
29/12/2015 3:59:04 PM,1.537821,Normal
29/12/2015 4:00:04 PM,1.569859,Normal
29/12/2015 4:01:04 PM,1.601897,Normal
29/12/2015 4:02:04 PM,1.569859,Normal
29/12/2015 4:03:04 PM,1.681991,Normal
29/12/2015 4:04:04 PM,1.425688,Normal
29/12/2015 4:05:04 PM,1.505783,Normal
29/12/2015 4:06:04 PM,1.537821,Normal
29/12/2015 4:07:04 PM,1.521802,Normal
29/12/2015 4:08:04 PM,1.601897,Normal
29/12/2015 4:09:04 PM,1.585878,Normal
29/12/2015 4:10:04 PM,1.569859,Normal
29/12/2015 4:11:04 PM,1.585878,Normal
29/12/2015 4:12:04 PM,1.585878,Normal
29/12/2015 4:13:04 PM,1.585878,Normal
29/12/2015 4:14:04 PM,1.569859,Normal
29/12/2015 4:15:04 PM,1.569859,Normal
29/12/2015 4:16:04 PM,1.617916,Normal
29/12/2015 4:17:04 PM,1.585878,Normal
29/12/2015 4:18:04 PM,1.585878,Normal
29/12/2015 4:19:04 PM,1.810143,Normal
29/12/2015 4:20:04 PM,1.569859,Normal
29/12/2015 4:21:04 PM,1.569859,Normal
29/12/2015 4:22:04 PM,1.569859,Normal
29/12/2015 4:23:04 PM,1.569859,Normal
29/12/2015 4:24:04 PM,1.601897,Normal
29/12/2015 4:25:04 PM,1.537821,Normal
29/12/2015 4:26:04 PM,1.585878,Normal
29/12/2015 4:27:04 PM,1.569859,Normal
29/12/2015 4:28:04 PM,1.601897,Normal
29/12/2015 4:29:04 PM,1.537821,Normal
29/12/2015 4:30:04 PM,1.537821,Normal
29/12/2015 4:31:04 PM,1.521802,Normal
29/12/2015 4:32:04 PM,1.569859,Normal
29/12/2015 4:33:04 PM,1.569859,Normal
29/12/2015 4:34:04 PM,1.601897,Normal
29/12/2015 4:35:04 PM,1.537821,Normal
29/12/2015 4:36:04 PM,1.537821,Normal
29/12/2015 4:37:04 PM,1.569859,Normal
29/12/2015 4:38:04 PM,1.521802,Normal
29/12/2015 4:39:04 PM,1.569859,Normal
29/12/2015 4:40:04 PM,1.569859,Normal
29/12/2015 4:41:04 PM,1.569859,Normal
29/12/2015 4:42:04 PM,1.489764,Normal
29/12/2015 4:43:04 PM,1.585878,Normal
29/12/2015 4:44:04 PM,1.585878,Normal
29/12/2015 4:45:04 PM,1.505783,Normal
29/12/2015 4:46:04 PM,1.569859,Normal
29/12/2015 4:47:04 PM,1.537821,Normal
29/12/2015 4:48:04 PM,1.521802,Normal
29/12/2015 4:49:04 PM,1.537821,Normal
29/12/2015 4:50:04 PM,1.537821,Normal
29/12/2015 4:51:04 PM,1.617916,Normal
29/12/2015 4:52:04 PM,1.601897,Normal
29/12/2015 4:53:04 PM,1.521802,Normal
29/12/2015 4:54:04 PM,1.505783,Normal
29/12/2015 4:55:04 PM,1.585878,Normal
29/12/2015 4:56:04 PM,1.521802,Normal
29/12/2015 4:57:04 PM,1.649953,Normal
29/12/2015 4:58:04 PM,1.585878,Normal
29/12/2015 4:59:04 PM,1.585878,Normal
29/12/2015 5:00:04 PM,1.585878,Normal
29/12/2015 5:01:04 PM,1.601897,Normal
29/12/2015 5:02:04 PM,1.585878,Normal
29/12/2015 5:03:04 PM,1.537821,Normal
29/12/2015 5:04:04 PM,1.585878,Normal
29/12/2015 5:05:04 PM,1.569859,Normal
29/12/2015 5:06:04 PM,1.569859,Normal
29/12/2015 5:07:04 PM,1.601897,Normal
29/12/2015 5:08:04 PM,1.601897,Normal
29/12/2015 5:09:04 PM,1.569859,Normal
29/12/2015 5:10:04 PM,1.569859,Normal
29/12/2015 5:11:04 PM,1.489764,Normal
29/12/2015 5:12:04 PM,1.569859,Normal
29/12/2015 5:13:04 PM,1.569859,Normal
29/12/2015 5:14:04 PM,1.569859,Normal
29/12/2015 5:15:04 PM,1.617916,Normal
29/12/2015 5:16:04 PM,1.505783,Normal
29/12/2015 5:17:04 PM,1.569859,Normal
29/12/2015 5:18:04 PM,1.601897,Normal
29/12/2015 5:19:04 PM,1.569859,Normal
29/12/2015 5:20:04 PM,1.537821,Normal
29/12/2015 5:21:04 PM,1.585878,Normal
29/12/2015 5:22:04 PM,1.585878,Normal
29/12/2015 5:23:04 PM,1.569859,Normal
29/12/2015 5:24:04 PM,1.569859,Normal
29/12/2015 5:25:04 PM,1.569859,Normal
29/12/2015 5:26:04 PM,1.569859,Normal
29/12/2015 5:27:04 PM,1.585878,Normal
29/12/2015 5:28:04 PM,1.585878,Normal
29/12/2015 5:29:04 PM,1.585878,Normal
29/12/2015 5:30:04 PM,1.601897,Normal
29/12/2015 5:31:04 PM,1.601897,Normal
29/12/2015 5:32:04 PM,1.585878,Normal
29/12/2015 5:33:04 PM,1.601897,Normal
29/12/2015 5:34:04 PM,1.521802,Normal
29/12/2015 5:35:04 PM,1.601897,Normal
29/12/2015 5:36:04 PM,1.569859,Normal
29/12/2015 5:37:04 PM,1.537821,Normal
29/12/2015 5:38:04 PM,1.585878,Normal
29/12/2015 5:39:04 PM,1.585878,Normal
29/12/2015 5:40:04 PM,1.521802,Normal
29/12/2015 5:41:04 PM,1.585878,Normal
29/12/2015 5:42:04 PM,1.537821,Normal
29/12/2015 5:43:04 PM,1.537821,Normal
29/12/2015 5:44:04 PM,1.569859,Normal
29/12/2015 5:45:04 PM,1.489764,Normal
29/12/2015 5:46:04 PM,1.585878,Normal
29/12/2015 5:47:04 PM,1.617916,Normal
29/12/2015 5:48:04 PM,1.569859,Normal
29/12/2015 5:49:04 PM,1.521802,Normal
29/12/2015 5:50:04 PM,1.569859,Normal
29/12/2015 5:51:04 PM,1.537821,Normal
29/12/2015 5:52:04 PM,1.569859,Normal
29/12/2015 5:53:04 PM,1.585878,Normal
29/12/2015 5:54:04 PM,1.585878,Normal
29/12/2015 5:55:04 PM,1.537821,Normal
29/12/2015 5:56:04 PM,1.585878,Normal
29/12/2015 5:57:04 PM,1.569859,Normal
29/12/2015 5:58:04 PM,1.585878,Normal
29/12/2015 5:59:04 PM,1.585878,Normal
29/12/2015 6:00:04 PM,1.537821,Normal
29/12/2015 6:01:04 PM,1.569859,Normal
29/12/2015 6:02:04 PM,1.569859,Normal
29/12/2015 6:03:04 PM,1.569859,Normal
29/12/2015 6:04:04 PM,1.569859,Normal
29/12/2015 6:05:04 PM,1.649953,Normal
29/12/2015 6:06:04 PM,1.505783,Normal
29/12/2015 6:07:04 PM,1.601897,Normal
29/12/2015 6:08:04 PM,1.585878,Normal
29/12/2015 6:09:04 PM,1.601897,Normal
29/12/2015 6:10:04 PM,1.585878,Normal
29/12/2015 6:15:23 PM,1.569859,Normal
29/12/2015 6:22:58 PM,1.569859,Normal
29/12/2015 6:23:58 PM,1.569859,Normal
29/12/2015 6:24:58 PM,1.537821,Normal
29/12/2015 6:25:58 PM,1.585878,Normal
29/12/2015 6:26:58 PM,1.585878,Normal
29/12/2015 6:27:58 PM,1.601897,Normal
29/12/2015 6:28:58 PM,1.569859,Normal
29/12/2015 6:29:58 PM,1.601897,Normal
29/12/2015 6:42:59 PM,1.537821,Normal
29/12/2015 6:43:59 PM,1.585878,Normal
29/12/2015 6:44:59 PM,1.569859,Normal
29/12/2015 6:45:59 PM,1.569859,Normal
29/12/2015 6:46:59 PM,1.569859,Normal
29/12/2015 6:47:59 PM,1.665972,Normal
29/12/2015 6:48:59 PM,1.457726,Normal
29/12/2015 6:49:59 PM,1.521802,Normal
29/12/2015 6:50:59 PM,1.585878,Normal
29/12/2015 6:51:59 PM,1.537821,Normal
29/12/2015 6:52:59 PM,1.601897,Normal
29/12/2015 6:53:59 PM,1.537821,Normal
29/12/2015 6:54:59 PM,1.537821,Normal
29/12/2015 6:55:59 PM,1.569859,Normal
29/12/2015 6:56:59 PM,1.569859,Normal
29/12/2015 6:57:59 PM,1.585878,Normal
29/12/2015 6:58:59 PM,1.537821,Normal
29/12/2015 6:59:59 PM,1.505783,Normal
29/12/2015 7:00:59 PM,1.585878,Normal
29/12/2015 7:01:59 PM,1.521802,Normal
29/12/2015 7:02:59 PM,1.569859,Normal
29/12/2015 7:03:59 PM,1.505783,Normal
29/12/2015 7:04:59 PM,1.537821,Normal
29/12/2015 7:05:59 PM,1.537821,Normal
29/12/2015 7:06:59 PM,1.665972,Normal
29/12/2015 7:07:59 PM,1.617916,Normal
29/12/2015 7:08:59 PM,1.521802,Normal
29/12/2015 7:09:59 PM,1.585878,Normal
29/12/2015 7:10:59 PM,1.617916,Normal
29/12/2015 7:11:59 PM,1.521802,Normal
29/12/2015 7:12:59 PM,1.521802,Normal
29/12/2015 7:13:59 PM,1.537821,Normal
29/12/2015 7:14:59 PM,1.489764,Normal
29/12/2015 7:15:59 PM,1.505783,Normal
29/12/2015 7:16:59 PM,1.425688,Normal
29/12/2015 7:17:59 PM,1.521802,Normal
29/12/2015 7:18:59 PM,1.425688,Normal
29/12/2015 7:19:59 PM,1.457726,Normal
29/12/2015 7:20:59 PM,1.489764,Normal
29/12/2015 7:21:59 PM,1.425688,Normal
29/12/2015 7:22:59 PM,1.489764,Normal
29/12/2015 7:23:59 PM,1.489764,Normal
29/12/2015 7:24:59 PM,1.441707,Normal
29/12/2015 7:25:59 PM,1.425688,Normal
29/12/2015 7:26:59 PM,1.441707,Normal
29/12/2015 7:27:59 PM,1.409669,Normal
29/12/2015 7:28:59 PM,1.409669,Normal
29/12/2015 7:29:59 PM,1.409669,Normal
29/12/2015 7:30:59 PM,1.329574,Normal
29/12/2015 7:31:59 PM,1.441707,Normal
29/12/2015 7:32:59 PM,1.489764,Normal
29/12/2015 7:33:59 PM,1.409669,Normal
29/12/2015 7:34:59 PM,1.409669,Normal
29/12/2015 7:35:59 PM,1.361612,Normal
29/12/2015 7:36:59 PM,1.409669,Normal
29/12/2015 7:37:59 PM,1.409669,Normal
29/12/2015 7:38:59 PM,1.409669,Normal
29/12/2015 7:39:59 PM,1.409669,Normal
29/12/2015 7:40:59 PM,1.425688,Normal
29/12/2015 7:41:59 PM,1.377631,Normal
29/12/2015 7:42:59 PM,1.409669,Normal
29/12/2015 7:43:59 PM,1.281517,Normal
29/12/2015 7:44:59 PM,1.425688,Normal
29/12/2015 7:45:59 PM,1.281517,Normal
29/12/2015 7:46:59 PM,1.345593,Normal
29/12/2015 7:47:59 PM,1.377631,Normal
29/12/2015 7:48:59 PM,1.297536,Normal
29/12/2015 7:49:59 PM,1.217441,Normal
29/12/2015 7:50:59 PM,1.297536,Normal
29/12/2015 7:51:59 PM,1.281517,Normal
29/12/2015 7:52:59 PM,1.329574,Normal
29/12/2015 7:53:59 PM,1.297536,Normal
29/12/2015 7:54:59 PM,1.249479,Normal
29/12/2015 7:55:59 PM,1.297536,Normal
29/12/2015 7:56:59 PM,1.281517,Normal
29/12/2015 7:57:59 PM,1.217441,Normal
29/12/2015 7:58:59 PM,1.297536,Normal
29/12/2015 7:59:59 PM,1.249479,Normal
29/12/2015 8:00:59 PM,1.265498,Normal
29/12/2015 8:01:59 PM,1.217441,Normal
29/12/2015 8:02:59 PM,1.249479,Normal
29/12/2015 8:03:59 PM,1.249479,Normal
29/12/2015 8:04:59 PM,1.249479,Normal
29/12/2015 8:05:59 PM,1.249479,Normal
29/12/2015 8:06:59 PM,1.185403,Normal
29/12/2015 8:07:59 PM,1.249479,Normal
29/12/2015 8:08:59 PM,1.201422,Normal
29/12/2015 8:09:59 PM,1.249479,Normal
29/12/2015 8:10:59 PM,1.217441,Normal
29/12/2015 8:11:59 PM,1.265498,Normal
29/12/2015 8:12:59 PM,1.201422,Normal
29/12/2015 8:13:59 PM,1.201422,Normal
29/12/2015 8:14:59 PM,1.201422,Normal
29/12/2015 8:15:59 PM,1.201422,Normal
29/12/2015 8:16:59 PM,1.201422,Normal
29/12/2015 8:17:59 PM,1.201422,Normal
29/12/2015 8:18:59 PM,1.217441,Normal
29/12/2015 8:19:59 PM,1.041233,Normal
29/12/2015 8:20:59 PM,1.201422,Normal
29/12/2015 8:21:59 PM,1.201422,Normal
29/12/2015 8:22:59 PM,1.265498,Normal
29/12/2015 8:23:59 PM,1.201422,Normal
29/12/2015 8:24:59 PM,1.265498,Normal
29/12/2015 8:25:59 PM,1.185403,Normal
29/12/2015 8:26:59 PM,1.185403,Normal
29/12/2015 8:27:59 PM,1.185403,Normal
29/12/2015 8:28:59 PM,1.249479,Normal
29/12/2015 8:29:59 PM,1.201422,Normal
29/12/2015 8:30:59 PM,1.121328,Normal
29/12/2015 8:31:59 PM,1.137347,Normal
29/12/2015 8:32:59 PM,1.169384,Normal
29/12/2015 8:33:59 PM,1.105309,Normal
29/12/2015 8:34:59 PM,1.217441,Normal
29/12/2015 8:35:59 PM,1.057252,Normal
29/12/2015 8:36:59 PM,1.121328,Normal
29/12/2015 8:37:59 PM,1.08929,Normal
29/12/2015 8:38:59 PM,1.121328,Normal
29/12/2015 8:39:59 PM,1.08929,Normal
29/12/2015 8:40:59 PM,1.169384,Normal
29/12/2015 8:41:59 PM,1.137347,Normal
29/12/2015 8:42:59 PM,1.201422,Normal
29/12/2015 8:43:59 PM,1.121328,Normal
29/12/2015 8:44:59 PM,1.08929,Normal
29/12/2015 8:45:59 PM,1.057252,Normal
29/12/2015 8:46:59 PM,1.121328,Normal
29/12/2015 8:47:59 PM,1.009195,Normal
29/12/2015 8:48:59 PM,1.121328,Normal
29/12/2015 8:49:59 PM,1.057252,Normal
29/12/2015 8:50:59 PM,1.169384,Normal
29/12/2015 8:51:59 PM,1.121328,Normal
29/12/2015 8:52:59 PM,1.105309,Normal
29/12/2015 8:53:59 PM,1.105309,Normal
29/12/2015 8:54:59 PM,1.009195,Normal
29/12/2015 8:55:59 PM,1.08929,Normal
29/12/2015 8:56:59 PM,1.057252,Normal
29/12/2015 8:57:59 PM,1.137347,Normal
29/12/2015 8:58:59 PM,1.057252,Normal
29/12/2015 8:59:59 PM,1.057252,Normal
29/12/2015 9:00:59 PM,1.025214,Normal
29/12/2015 9:01:59 PM,1.009195,Normal
29/12/2015 9:02:59 PM,1.08929,Normal
29/12/2015 9:03:59 PM,1.041233,Normal
29/12/2015 9:04:59 PM,1.105309,Normal
29/12/2015 9:05:59 PM,1.025214,Normal
29/12/2015 9:06:59 PM,1.137347,Normal
29/12/2015 9:07:59 PM,1.169384,Normal
29/12/2015 9:08:59 PM,1.025214,Normal
29/12/2015 9:09:59 PM,1.041233,Normal
29/12/2015 9:10:59 PM,1.08929,Normal
29/12/2015 9:11:59 PM,1.105309,Normal
29/12/2015 9:12:59 PM,1.137347,Normal
29/12/2015 9:13:59 PM,1.025214,Normal
29/12/2015 9:14:59 PM,1.057252,Normal
29/12/2015 9:15:59 PM,1.057252,Normal
29/12/2015 9:16:59 PM,1.057252,Normal
29/12/2015 9:17:59 PM,1.025214,Normal
29/12/2015 9:18:59 PM,1.057252,Normal
29/12/2015 9:19:59 PM,1.08929,Normal
29/12/2015 9:20:59 PM,1.041233,Normal
29/12/2015 9:21:59 PM,1.025214,Normal
29/12/2015 9:22:59 PM,1.057252,Normal
29/12/2015 9:23:59 PM,1.057252,Normal
29/12/2015 9:24:59 PM,1.137347,Normal
29/12/2015 9:25:59 PM,1.169384,Normal
29/12/2015 9:26:59 PM,1.025214,Normal
29/12/2015 9:27:59 PM,1.121328,Normal
29/12/2015 9:28:59 PM,1.041233,Normal
29/12/2015 9:29:59 PM,1.009195,Normal
29/12/2015 9:30:59 PM,1.105309,Normal
29/12/2015 9:31:59 PM,1.025214,Normal
29/12/2015 9:32:59 PM,1.025214,Normal
29/12/2015 9:33:59 PM,1.025214,Normal
29/12/2015 9:34:59 PM,1.025214,Normal
29/12/2015 9:35:59 PM,1.025214,Normal
29/12/2015 9:36:59 PM,1.041233,Normal
29/12/2015 9:37:59 PM,1.025214,Normal
29/12/2015 9:38:59 PM,1.025214,Normal
29/12/2015 9:39:59 PM,1.025214,Normal
29/12/2015 9:40:59 PM,1.009195,Normal
29/12/2015 9:41:59 PM,0.961138,Normal
29/12/2015 9:42:59 PM,0.8810431,Normal
29/12/2015 9:43:59 PM,0.9771569,Normal
29/12/2015 9:44:59 PM,1.025214,Normal
29/12/2015 9:45:59 PM,1.025214,Normal
29/12/2015 9:46:59 PM,1.025214,Normal
29/12/2015 9:47:59 PM,0.9771569,Normal
29/12/2015 9:48:59 PM,0.9771569,Normal
29/12/2015 9:49:59 PM,1.009195,Normal
29/12/2015 9:50:59 PM,1.057252,Normal
29/12/2015 9:51:59 PM,1.009195,Normal
29/12/2015 9:52:59 PM,1.009195,Normal
29/12/2015 9:53:59 PM,0.9771569,Normal
29/12/2015 9:54:59 PM,0.945119,Normal
29/12/2015 9:55:59 PM,0.961138,Normal
29/12/2015 9:56:59 PM,1.025214,Normal
29/12/2015 9:57:59 PM,0.9771569,Normal
29/12/2015 9:58:59 PM,1.009195,Normal
29/12/2015 9:59:59 PM,0.961138,Normal
29/12/2015 10:00:59 PM,0.9771569,Normal
29/12/2015 10:01:59 PM,0.9771569,Normal
29/12/2015 10:02:59 PM,1.057252,Normal
29/12/2015 10:03:59 PM,1.057252,Normal
29/12/2015 10:04:59 PM,0.961138,Normal
29/12/2015 10:05:59 PM,1.009195,Normal
29/12/2015 10:06:59 PM,0.9771569,Normal
29/12/2015 10:07:59 PM,0.9771569,Normal
29/12/2015 10:08:59 PM,0.9771569,Normal
29/12/2015 10:09:59 PM,0.8970621,Normal
29/12/2015 10:10:59 PM,0.9771569,Normal
29/12/2015 10:11:59 PM,0.961138,Normal
29/12/2015 10:12:59 PM,0.945119,Normal
29/12/2015 10:13:59 PM,0.9291,Normal
29/12/2015 10:14:59 PM,0.9771569,Normal
29/12/2015 10:15:59 PM,1.009195,Normal
29/12/2015 10:16:59 PM,0.9291,Normal
29/12/2015 10:17:59 PM,0.9771569,Normal
29/12/2015 10:18:59 PM,0.9771569,Normal
29/12/2015 10:19:59 PM,0.945119,Normal
29/12/2015 10:20:59 PM,0.9291,Normal
29/12/2015 10:21:59 PM,0.945119,Normal
29/12/2015 10:22:59 PM,0.961138,Normal
29/12/2015 10:23:59 PM,0.945119,Normal
29/12/2015 10:24:59 PM,0.945119,Normal
29/12/2015 10:25:59 PM,0.945119,Normal
29/12/2015 10:26:59 PM,1.009195,Normal
29/12/2015 10:27:59 PM,0.9291,Normal
29/12/2015 10:28:59 PM,0.8970621,Normal
29/12/2015 10:29:59 PM,0.961138,Normal
29/12/2015 10:30:59 PM,0.9291,Normal
29/12/2015 10:31:59 PM,0.961138,Normal
29/12/2015 10:32:59 PM,0.9291,Normal
29/12/2015 10:33:59 PM,0.961138,Normal
29/12/2015 10:34:59 PM,0.9771569,Normal
29/12/2015 10:35:59 PM,0.9771569,Normal
29/12/2015 10:36:59 PM,0.9771569,Normal
29/12/2015 10:37:59 PM,0.8650241,Normal
29/12/2015 10:38:59 PM,0.961138,Normal
29/12/2015 10:39:59 PM,0.961138,Normal
29/12/2015 10:40:59 PM,0.961138,Normal
29/12/2015 10:41:59 PM,0.961138,Normal
29/12/2015 10:42:59 PM,0.961138,Normal
29/12/2015 10:43:59 PM,0.9771569,Normal
29/12/2015 10:44:59 PM,0.961138,Normal
29/12/2015 10:45:59 PM,0.945119,Normal
29/12/2015 10:46:59 PM,0.9771569,Normal
29/12/2015 10:47:59 PM,0.961138,Normal
29/12/2015 10:48:59 PM,0.961138,Normal
29/12/2015 10:49:59 PM,0.961138,Normal
29/12/2015 10:50:59 PM,0.945119,Normal
29/12/2015 10:51:59 PM,0.8970621,Normal
29/12/2015 10:52:59 PM,0.8810431,Normal
29/12/2015 10:53:59 PM,0.8810431,Normal
29/12/2015 10:54:59 PM,0,Normal
29/12/2015 11:03:42 PM,0.9771569,Normal
29/12/2015 11:04:42 PM,1.009195,Normal
29/12/2015 11:05:42 PM,0.9771569,Normal
29/12/2015 11:06:42 PM,1.025214,Normal
29/12/2015 11:07:42 PM,1.009195,Normal
29/12/2015 11:08:42 PM,0.9291,Normal
29/12/2015 11:09:42 PM,0.9291,Normal
29/12/2015 11:10:42 PM,0.9291,Normal
29/12/2015 11:11:42 PM,0.8970621,Normal
29/12/2015 11:12:42 PM,1.057252,Normal
29/12/2015 11:13:42 PM,0.9291,Normal
29/12/2015 11:14:42 PM,0.945119,Normal
29/12/2015 11:15:42 PM,0.8650241,Normal
29/12/2015 11:16:42 PM,0.8810431,Normal
29/12/2015 11:17:42 PM,0.9291,Normal
29/12/2015 11:18:42 PM,0.8650241,Normal
29/12/2015 11:19:42 PM,0.945119,Normal
29/12/2015 11:20:42 PM,0.9291,Normal
29/12/2015 11:21:42 PM,0.8650241,Normal
29/12/2015 11:22:42 PM,0.961138,Normal
29/12/2015 11:23:42 PM,0.8810431,Normal
29/12/2015 11:24:42 PM,0.8650241,Normal
29/12/2015 11:25:42 PM,0.8970621,Normal
29/12/2015 11:26:42 PM,0.8490052,Normal
29/12/2015 11:27:42 PM,0.8490052,Normal
29/12/2015 11:28:42 PM,0.9291,Normal
29/12/2015 11:29:42 PM,0.8810431,Normal
29/12/2015 11:30:42 PM,0.8810431,Normal
29/12/2015 11:31:42 PM,0.8169672,Normal
29/12/2015 11:32:42 PM,0.8169672,Normal
29/12/2015 11:33:42 PM,0.8810431,Normal
29/12/2015 11:34:42 PM,0.8009483,Normal
29/12/2015 11:35:42 PM,0.8490052,Normal
29/12/2015 11:36:42 PM,0.8650241,Normal
29/12/2015 11:37:42 PM,0.8970621,Normal
29/12/2015 11:38:42 PM,0.8970621,Normal
29/12/2015 11:39:42 PM,0.945119,Normal
29/12/2015 11:40:42 PM,0.8650241,Normal
29/12/2015 11:41:42 PM,0.8970621,Normal
29/12/2015 11:42:42 PM,0.8810431,Normal
29/12/2015 11:43:42 PM,0.8810431,Normal
29/12/2015 11:44:42 PM,0.961138,Normal
29/12/2015 11:45:42 PM,0.961138,Normal
29/12/2015 11:46:42 PM,0.8810431,Normal
29/12/2015 11:47:42 PM,0.8009483,Normal
29/12/2015 11:48:42 PM,0.8810431,Normal
29/12/2015 11:49:42 PM,0.8169672,Normal
29/12/2015 11:50:42 PM,0.8169672,Normal
29/12/2015 11:51:42 PM,0.9291,Normal
29/12/2015 11:52:42 PM,0.8490052,Normal
29/12/2015 11:53:42 PM,0.8169672,Normal
29/12/2015 11:54:42 PM,0.8490052,Normal
29/12/2015 11:55:42 PM,0.945119,Normal
29/12/2015 11:56:42 PM,0.8009483,Normal
29/12/2015 11:57:42 PM,0.7368724,Normal
29/12/2015 11:58:42 PM,0.8169672,Normal
29/12/2015 11:59:42 PM,0.8169672,Normal
30/12/2015 12:00:42 AM,0.8970621,Normal
30/12/2015 12:01:42 AM,0.8490052,Normal
30/12/2015 12:02:42 AM,0.8490052,Normal
30/12/2015 12:03:42 AM,0.8650241,Normal
30/12/2015 12:04:42 AM,0.8009483,Normal
30/12/2015 12:05:42 AM,0.8650241,Normal
30/12/2015 12:06:42 AM,0.8169672,Normal
30/12/2015 12:07:42 AM,0.7208535,Normal
30/12/2015 12:08:42 AM,0.8490052,Normal
30/12/2015 12:09:42 AM,0.8169672,Normal
30/12/2015 12:10:42 AM,0.8169672,Normal
30/12/2015 12:11:42 AM,0.8169672,Normal
30/12/2015 12:12:42 AM,0.8169672,Normal
30/12/2015 12:13:42 AM,0.8970621,Normal
30/12/2015 12:14:42 AM,0.8169672,Normal
30/12/2015 12:15:42 AM,0.8490052,Normal
30/12/2015 12:16:42 AM,0.8169672,Normal
30/12/2015 12:17:42 AM,0.8650241,Normal
30/12/2015 12:18:42 AM,0.8009483,Normal
30/12/2015 12:19:42 AM,0.8810431,Normal
30/12/2015 12:20:42 AM,0.8810431,Normal
30/12/2015 12:21:42 AM,0.8650241,Normal
30/12/2015 12:22:42 AM,0.8169672,Normal
30/12/2015 12:23:42 AM,0.7849293,Normal
30/12/2015 12:24:42 AM,0.8650241,Normal
30/12/2015 12:25:42 AM,0.8009483,Normal
30/12/2015 12:26:42 AM,0.8490052,Normal
30/12/2015 12:27:42 AM,0.8009483,Normal
30/12/2015 12:28:42 AM,0.8169672,Normal
30/12/2015 12:29:42 AM,0.8009483,Normal
30/12/2015 12:30:42 AM,0.7849293,Normal
30/12/2015 12:31:42 AM,0.8490052,Normal
30/12/2015 12:32:42 AM,0.8009483,Normal
30/12/2015 12:33:42 AM,0.8169672,Normal
30/12/2015 12:34:42 AM,0.8490052,Normal
30/12/2015 12:35:42 AM,0.8490052,Normal
30/12/2015 12:36:42 AM,0.8650241,Normal
30/12/2015 12:37:42 AM,0.8490052,Normal
30/12/2015 12:38:42 AM,0.8169672,Normal
30/12/2015 12:39:42 AM,0.8650241,Normal
30/12/2015 12:40:42 AM,0.8490052,Normal
30/12/2015 12:41:42 AM,0.8810431,Normal
30/12/2015 12:42:42 AM,0.8650241,Normal
30/12/2015 12:43:42 AM,0.8009483,Normal
30/12/2015 12:44:42 AM,0.9291,Normal
30/12/2015 12:45:42 AM,0.6888155,Normal
30/12/2015 12:46:42 AM,0.8810431,Normal
30/12/2015 12:47:42 AM,0.8970621,Normal
30/12/2015 12:48:42 AM,0.8650241,Normal
30/12/2015 12:49:42 AM,0.8810431,Normal
30/12/2015 12:50:42 AM,0.8490052,Normal
30/12/2015 12:51:42 AM,0.8650241,Normal
30/12/2015 12:52:42 AM,0.8169672,Normal
30/12/2015 12:53:42 AM,0.961138,Normal
30/12/2015 12:54:42 AM,0.8650241,Normal
30/12/2015 12:55:42 AM,0.8650241,Normal
30/12/2015 12:56:42 AM,0.8169672,Normal
30/12/2015 12:57:42 AM,0.7689104,Normal
30/12/2015 12:58:42 AM,0.7849293,Normal
30/12/2015 12:59:42 AM,0.8490052,Normal
30/12/2015 1:00:42 AM,0.8169672,Normal
30/12/2015 1:01:42 AM,0.8169672,Normal
30/12/2015 1:02:42 AM,0.8169672,Normal
30/12/2015 1:03:42 AM,0.8169672,Normal
30/12/2015 1:04:42 AM,0.8169672,Normal
30/12/2015 1:05:42 AM,0.8169672,Normal
30/12/2015 1:06:42 AM,0.8169672,Normal
30/12/2015 1:07:42 AM,1.025214,Normal
30/12/2015 1:08:42 AM,0.7849293,Normal
30/12/2015 1:09:42 AM,0.8650241,Normal
30/12/2015 1:10:42 AM,0.7849293,Normal
30/12/2015 1:11:42 AM,0.8009483,Normal
30/12/2015 1:12:42 AM,0.8490052,Normal
30/12/2015 1:13:42 AM,0.6888155,Normal
30/12/2015 1:14:42 AM,0.8490052,Normal
30/12/2015 1:15:42 AM,0.9291,Normal
30/12/2015 1:16:42 AM,0.7048345,Normal
30/12/2015 1:17:42 AM,0.8169672,Normal
30/12/2015 1:18:42 AM,0.7849293,Normal
30/12/2015 1:19:42 AM,0.8169672,Normal
30/12/2015 1:20:42 AM,0.7849293,Normal
30/12/2015 1:21:42 AM,0.8490052,Normal
30/12/2015 1:22:42 AM,0.8009483,Normal
30/12/2015 1:23:42 AM,0.8009483,Normal
30/12/2015 1:24:42 AM,0.8009483,Normal
30/12/2015 1:25:42 AM,0.8009483,Normal
30/12/2015 1:26:42 AM,0.8009483,Normal
30/12/2015 1:27:42 AM,0.8009483,Normal
30/12/2015 1:28:42 AM,0.8009483,Normal
30/12/2015 1:29:42 AM,0.8169672,Normal
30/12/2015 1:30:42 AM,0.8490052,Normal
30/12/2015 1:31:42 AM,0.8009483,Normal
30/12/2015 1:32:42 AM,0.8009483,Normal
30/12/2015 1:33:42 AM,0.7689104,Normal
30/12/2015 1:34:42 AM,0.8009483,Normal
30/12/2015 1:35:42 AM,0.8009483,Normal
30/12/2015 1:36:42 AM,0.8009483,Normal
30/12/2015 1:37:42 AM,0.7849293,Normal
30/12/2015 1:38:42 AM,0.8169672,Normal
30/12/2015 1:39:42 AM,0.8009483,Normal
30/12/2015 1:40:42 AM,0.7849293,Normal
30/12/2015 1:41:42 AM,0.8009483,Normal
30/12/2015 1:54:19 AM,0.7849293,Normal
30/12/2015 1:55:19 AM,0.7849293,Normal
30/12/2015 1:56:19 AM,0.8009483,Normal
30/12/2015 1:57:19 AM,0.8490052,Normal
30/12/2015 1:58:19 AM,0.7849293,Normal
30/12/2015 1:59:19 AM,0.7849293,Normal
30/12/2015 2:00:19 AM,0.7849293,Normal
30/12/2015 2:01:19 AM,0.7689104,Normal
30/12/2015 2:02:19 AM,0.8169672,Normal
30/12/2015 2:03:19 AM,0.7689104,Normal
30/12/2015 2:04:19 AM,0.7849293,Normal
30/12/2015 2:05:19 AM,0.7208535,Normal
30/12/2015 2:06:19 AM,0.8009483,Normal
30/12/2015 2:07:19 AM,0.8009483,Normal
30/12/2015 2:08:19 AM,0.7849293,Normal
30/12/2015 2:09:19 AM,0.8169672,Normal
30/12/2015 2:10:19 AM,0.8169672,Normal
30/12/2015 2:11:19 AM,0.7849293,Normal
30/12/2015 2:12:19 AM,0.7849293,Normal
30/12/2015 2:13:19 AM,0.7849293,Normal
30/12/2015 2:14:19 AM,0.7849293,Normal
30/12/2015 2:15:19 AM,0.7849293,Normal
30/12/2015 2:16:19 AM,0.7849293,Normal
30/12/2015 2:17:19 AM,0.7849293,Normal
30/12/2015 2:18:19 AM,0.8009483,Normal
30/12/2015 2:19:19 AM,0.8009483,Normal
30/12/2015 2:20:19 AM,0.8009483,Normal
30/12/2015 2:21:19 AM,0.8009483,Normal
30/12/2015 2:22:19 AM,0.7849293,Normal
30/12/2015 2:23:19 AM,0.7689104,Normal
30/12/2015 2:24:19 AM,0.8009483,Normal
30/12/2015 2:25:19 AM,0.8009483,Normal
30/12/2015 2:26:19 AM,0.8650241,Normal
30/12/2015 2:27:19 AM,0.8009483,Normal
30/12/2015 2:28:19 AM,0.8009483,Normal
30/12/2015 2:29:19 AM,0.8009483,Normal
30/12/2015 2:30:19 AM,0.8009483,Normal
30/12/2015 2:31:19 AM,0.8009483,Normal
30/12/2015 2:32:19 AM,0.8009483,Normal
30/12/2015 2:33:19 AM,0.8009483,Normal
30/12/2015 2:34:19 AM,0.8009483,Normal
30/12/2015 2:35:19 AM,0.8009483,Normal
30/12/2015 2:36:19 AM,0.8009483,Normal
30/12/2015 2:37:19 AM,0.8009483,Normal
30/12/2015 2:38:19 AM,0.8490052,Normal
30/12/2015 2:39:19 AM,0.7689104,Normal
30/12/2015 2:40:19 AM,0.8490052,Normal
30/12/2015 2:41:19 AM,0.7689104,Normal
30/12/2015 2:42:19 AM,0.7689104,Normal
30/12/2015 2:43:19 AM,0.7689104,Normal
30/12/2015 2:44:19 AM,0.7849293,Normal
30/12/2015 2:45:19 AM,0.7368724,Normal
30/12/2015 2:46:19 AM,0.7849293,Normal
30/12/2015 2:47:19 AM,0.7849293,Normal
30/12/2015 2:48:19 AM,0.8009483,Normal
30/12/2015 2:49:19 AM,0.8009483,Normal
30/12/2015 2:50:19 AM,0.8009483,Normal
30/12/2015 2:51:19 AM,0.8009483,Normal
30/12/2015 2:52:19 AM,0.8169672,Normal
30/12/2015 2:53:19 AM,0.7849293,Normal
30/12/2015 2:54:19 AM,0.7849293,Normal
30/12/2015 2:55:19 AM,0.7849293,Normal
30/12/2015 2:56:19 AM,0.7849293,Normal
30/12/2015 2:57:19 AM,0.7849293,Normal
30/12/2015 2:58:19 AM,0.7689104,Normal
30/12/2015 2:59:19 AM,0.8169672,Normal
30/12/2015 3:00:19 AM,0.7849293,Normal
30/12/2015 3:01:19 AM,0.7849293,Normal
30/12/2015 3:02:19 AM,0.7849293,Normal
30/12/2015 3:03:19 AM,0.7849293,Normal
30/12/2015 3:04:19 AM,0.7849293,Normal
30/12/2015 3:05:19 AM,0.8009483,Normal
30/12/2015 3:06:19 AM,0.7689104,Normal
30/12/2015 3:07:19 AM,0.8810431,Normal
30/12/2015 3:08:19 AM,0.8009483,Normal
30/12/2015 3:09:19 AM,0.7689104,Normal
30/12/2015 3:10:19 AM,0.7849293,Normal
30/12/2015 3:11:19 AM,0.7849293,Normal
30/12/2015 3:12:19 AM,0.7689104,Normal
30/12/2015 3:13:19 AM,0.7689104,Normal
30/12/2015 3:14:19 AM,0.7849293,Normal
30/12/2015 3:15:19 AM,0.7689104,Normal
30/12/2015 3:16:19 AM,0.8009483,Normal
30/12/2015 3:17:19 AM,0.7849293,Normal
30/12/2015 3:18:19 AM,0.7689104,Normal
30/12/2015 3:19:19 AM,0.7689104,Normal
30/12/2015 3:20:19 AM,0.7689104,Normal
30/12/2015 3:21:19 AM,0.7849293,Normal
30/12/2015 3:22:19 AM,0.8169672,Normal
30/12/2015 3:23:19 AM,0.8169672,Normal
30/12/2015 3:24:19 AM,0.7849293,Normal
30/12/2015 3:25:19 AM,0.7849293,Normal
30/12/2015 3:26:19 AM,0.8169672,Normal
30/12/2015 3:27:19 AM,0.7849293,Normal
30/12/2015 3:28:19 AM,0.7849293,Normal
30/12/2015 3:29:19 AM,0.8650241,Normal
30/12/2015 3:30:19 AM,0.8490052,Normal
30/12/2015 3:31:19 AM,0.7849293,Normal
30/12/2015 3:32:19 AM,0.7849293,Normal
30/12/2015 3:33:19 AM,0.7849293,Normal
30/12/2015 3:34:19 AM,0.7849293,Normal
30/12/2015 3:35:19 AM,0.7689104,Normal
30/12/2015 3:36:19 AM,0.7849293,Normal
30/12/2015 3:37:19 AM,0.7849293,Normal
30/12/2015 3:38:19 AM,0.7849293,Normal
30/12/2015 3:39:19 AM,0.7689104,Normal
30/12/2015 3:40:19 AM,0.6567776,Normal
30/12/2015 3:41:19 AM,0.7689104,Normal
30/12/2015 3:42:19 AM,0.7208535,Normal
30/12/2015 3:43:19 AM,0.7368724,Normal
30/12/2015 3:44:19 AM,0.8009483,Normal
30/12/2015 3:45:19 AM,0.6888155,Normal
30/12/2015 3:46:19 AM,0.7849293,Normal
30/12/2015 3:47:19 AM,0.7048345,Normal
30/12/2015 3:48:19 AM,0.7689104,Normal
30/12/2015 3:49:19 AM,0.8169672,Normal
30/12/2015 3:50:19 AM,0.7849293,Normal
30/12/2015 3:51:19 AM,0.8009483,Normal
30/12/2015 3:52:19 AM,0.7849293,Normal
30/12/2015 3:53:19 AM,0.7849293,Normal
30/12/2015 3:54:19 AM,0.8009483,Normal
30/12/2015 3:55:19 AM,0.7368724,Normal
30/12/2015 3:56:19 AM,0.8650241,Normal
30/12/2015 3:57:19 AM,0.8009483,Normal
30/12/2015 3:58:19 AM,0.7689104,Normal
30/12/2015 3:59:19 AM,0.7208535,Normal
30/12/2015 4:00:19 AM,0.7849293,Normal
30/12/2015 4:01:19 AM,0.8009483,Normal
30/12/2015 4:02:19 AM,0.8009483,Normal
30/12/2015 4:03:19 AM,0.7849293,Normal
30/12/2015 4:04:19 AM,0.7849293,Normal
30/12/2015 4:05:19 AM,0.7849293,Normal
30/12/2015 4:06:19 AM,0.8009483,Normal
30/12/2015 4:07:19 AM,0.8009483,Normal
30/12/2015 4:08:19 AM,0.7849293,Normal
30/12/2015 4:09:19 AM,0.7849293,Normal
30/12/2015 4:10:19 AM,0.7849293,Normal
30/12/2015 4:11:19 AM,0.7208535,Normal
30/12/2015 4:12:19 AM,0.8009483,Normal
30/12/2015 4:13:19 AM,0.8009483,Normal
30/12/2015 4:14:19 AM,0.7849293,Normal
30/12/2015 4:15:19 AM,0.7849293,Normal
30/12/2015 4:16:19 AM,0.7048345,Normal
30/12/2015 4:17:19 AM,0.7849293,Normal
30/12/2015 4:18:19 AM,0.7368724,Normal
30/12/2015 4:19:19 AM,0.7849293,Normal
30/12/2015 4:20:19 AM,0.7368724,Normal
30/12/2015 4:21:19 AM,0.7689104,Normal
30/12/2015 4:22:19 AM,0.7689104,Normal
30/12/2015 4:23:19 AM,0.8169672,Normal
30/12/2015 4:24:19 AM,0.7689104,Normal
30/12/2015 4:25:19 AM,0.7208535,Normal
30/12/2015 4:26:19 AM,0.8009483,Normal
30/12/2015 4:27:19 AM,0.7689104,Normal
30/12/2015 4:28:19 AM,0.7849293,Normal
30/12/2015 4:29:19 AM,0.7208535,Normal
30/12/2015 4:30:19 AM,0.7689104,Normal
30/12/2015 4:31:19 AM,0.7689104,Normal
30/12/2015 4:32:19 AM,0.7689104,Normal
30/12/2015 4:33:19 AM,0.8169672,Normal
30/12/2015 4:34:19 AM,0.7849293,Normal
30/12/2015 4:35:19 AM,0.7689104,Normal
30/12/2015 4:36:19 AM,0.7849293,Normal
30/12/2015 4:37:19 AM,0.7849293,Normal
30/12/2015 4:38:19 AM,0.7048345,Normal
30/12/2015 4:39:19 AM,0.7368724,Normal
30/12/2015 4:40:19 AM,0.7368724,Normal
30/12/2015 4:41:19 AM,0.7689104,Normal
30/12/2015 4:42:19 AM,0.8009483,Normal
30/12/2015 4:43:19 AM,0.7689104,Normal
30/12/2015 4:44:19 AM,0.7689104,Normal
30/12/2015 4:45:19 AM,0.7689104,Normal
30/12/2015 4:46:19 AM,0.7368724,Normal
30/12/2015 4:47:19 AM,0.8009483,Normal
30/12/2015 4:48:19 AM,0.7849293,Normal
30/12/2015 4:49:19 AM,0.7849293,Normal
30/12/2015 4:50:19 AM,0.7849293,Normal
30/12/2015 4:51:19 AM,0.7849293,Normal
30/12/2015 4:52:19 AM,0.7849293,Normal
30/12/2015 4:53:19 AM,0.7849293,Normal
30/12/2015 4:54:19 AM,0.8009483,Normal
30/12/2015 4:55:19 AM,0.8009483,Normal
30/12/2015 4:56:19 AM,0.8009483,Normal
30/12/2015 4:57:19 AM,0.8009483,Normal
30/12/2015 4:58:19 AM,0.8009483,Normal
30/12/2015 4:59:19 AM,0.7849293,Normal
30/12/2015 5:00:19 AM,0.7849293,Normal
30/12/2015 5:01:19 AM,0.7849293,Normal
30/12/2015 5:02:19 AM,0.7849293,Normal
30/12/2015 5:03:19 AM,0.7849293,Normal
30/12/2015 5:04:19 AM,0.8169672,Normal
30/12/2015 5:05:19 AM,0.8169672,Normal
30/12/2015 5:06:19 AM,0.8009483,Normal
30/12/2015 5:07:19 AM,0.8009483,Normal
30/12/2015 5:08:19 AM,0.7368724,Normal
30/12/2015 5:09:19 AM,0.8490052,Normal
30/12/2015 5:10:19 AM,0.7849293,Normal
30/12/2015 5:11:19 AM,0.8490052,Normal
30/12/2015 5:12:19 AM,0.7849293,Normal
30/12/2015 5:13:19 AM,0.8009483,Normal
30/12/2015 5:14:19 AM,0.8009483,Normal
30/12/2015 5:15:19 AM,0.8009483,Normal
30/12/2015 5:16:19 AM,0.7849293,Normal
30/12/2015 5:17:19 AM,0.8009483,Normal
30/12/2015 5:18:19 AM,0.8009483,Normal
30/12/2015 5:19:19 AM,0.8009483,Normal
30/12/2015 5:20:19 AM,0.8009483,Normal
30/12/2015 5:21:19 AM,0.7208535,Normal
30/12/2015 5:22:19 AM,0.7849293,Normal
30/12/2015 5:23:19 AM,0.8009483,Normal
30/12/2015 5:24:19 AM,0.8009483,Normal
30/12/2015 5:25:19 AM,0.8169672,Normal
30/12/2015 5:26:19 AM,0.7368724,Normal
30/12/2015 5:27:19 AM,0.7689104,Normal
30/12/2015 5:28:19 AM,0.7208535,Normal
30/12/2015 5:29:19 AM,0.7849293,Normal
30/12/2015 5:30:19 AM,0.8009483,Normal
30/12/2015 5:31:19 AM,0.7849293,Normal
30/12/2015 5:32:19 AM,0.7849293,Normal
30/12/2015 5:33:19 AM,0.8169672,Normal
30/12/2015 5:34:19 AM,0.7208535,Normal
30/12/2015 5:35:19 AM,0.7048345,Normal
30/12/2015 5:36:19 AM,0.7849293,Normal
30/12/2015 5:37:19 AM,0.7849293,Normal
30/12/2015 5:38:19 AM,0.8009483,Normal
30/12/2015 5:39:19 AM,0.7849293,Normal
30/12/2015 5:40:19 AM,0.7849293,Normal
30/12/2015 5:41:19 AM,0.7849293,Normal
30/12/2015 5:42:19 AM,0.7368724,Normal
30/12/2015 5:43:19 AM,0.7689104,Normal
30/12/2015 5:44:19 AM,0.7689104,Normal
30/12/2015 5:45:19 AM,0.7689104,Normal
30/12/2015 5:46:19 AM,0.7849293,Normal
30/12/2015 5:47:19 AM,0.7849293,Normal
30/12/2015 5:48:19 AM,0.8009483,Normal
30/12/2015 5:49:19 AM,0.7849293,Normal
30/12/2015 5:50:19 AM,0.7849293,Normal
30/12/2015 5:51:19 AM,0.7208535,Normal
30/12/2015 5:52:19 AM,0.7368724,Normal
30/12/2015 5:53:19 AM,0.7689104,Normal
30/12/2015 5:54:19 AM,0.7689104,Normal
30/12/2015 5:55:19 AM,0.7208535,Normal
30/12/2015 5:56:19 AM,0.8169672,Normal
30/12/2015 5:57:19 AM,0.7048345,Normal
30/12/2015 5:58:19 AM,0.6888155,Normal
30/12/2015 5:59:19 AM,0.7849293,Normal
30/12/2015 6:00:19 AM,0.7689104,Normal
30/12/2015 6:01:19 AM,0.8009483,Normal
30/12/2015 6:02:19 AM,0.7208535,Normal
30/12/2015 6:03:19 AM,0.6888155,Normal
30/12/2015 6:04:19 AM,0.7368724,Normal
30/12/2015 6:05:19 AM,0.6888155,Normal
30/12/2015 6:06:19 AM,0.7368724,Normal
30/12/2015 6:07:19 AM,0.6567776,Normal
30/12/2015 6:08:19 AM,0.7689104,Normal
30/12/2015 6:09:19 AM,0.7689104,Normal
30/12/2015 6:10:19 AM,0.7048345,Normal
30/12/2015 6:11:19 AM,0.7368724,Normal
30/12/2015 6:12:19 AM,0.7689104,Normal
30/12/2015 6:13:19 AM,0.7368724,Normal
30/12/2015 6:14:19 AM,0.6407586,Normal
30/12/2015 6:15:19 AM,0.6567776,Normal
30/12/2015 6:16:19 AM,0.8490052,Normal
30/12/2015 6:17:19 AM,0.7849293,Normal
30/12/2015 6:18:19 AM,0.7849293,Normal
30/12/2015 6:19:19 AM,0.7208535,Normal
30/12/2015 6:20:19 AM,0.7368724,Normal
30/12/2015 6:21:19 AM,0.7368724,Normal
30/12/2015 6:22:19 AM,0.7208535,Normal
30/12/2015 6:23:19 AM,0.6567776,Normal
30/12/2015 6:24:19 AM,0.6407586,Normal
30/12/2015 6:25:19 AM,0.6888155,Normal
30/12/2015 6:26:19 AM,0.7368724,Normal
30/12/2015 6:27:19 AM,0.7368724,Normal
30/12/2015 6:28:19 AM,0.6407586,Normal
30/12/2015 6:29:19 AM,0.7208535,Normal
30/12/2015 6:30:19 AM,0.7849293,Normal
30/12/2015 6:31:19 AM,0.7208535,Normal
30/12/2015 6:32:19 AM,0.7368724,Normal
30/12/2015 6:33:19 AM,0.7368724,Normal
30/12/2015 6:34:19 AM,0.7048345,Normal
30/12/2015 6:35:19 AM,0.6888155,Normal
30/12/2015 6:36:19 AM,0.7208535,Normal
30/12/2015 6:37:19 AM,0.7368724,Normal
30/12/2015 6:38:19 AM,0.7849293,Normal
30/12/2015 6:39:19 AM,0.7048345,Normal
30/12/2015 6:40:19 AM,0.6888155,Normal
30/12/2015 6:41:19 AM,0.7208535,Normal
30/12/2015 6:42:19 AM,0.6888155,Normal
30/12/2015 6:43:19 AM,0.7048345,Normal
30/12/2015 6:44:19 AM,0.7689104,Normal
30/12/2015 6:45:19 AM,0.7689104,Normal
30/12/2015 6:46:19 AM,0.7368724,Normal
30/12/2015 6:47:19 AM,0.7689104,Normal
30/12/2015 6:48:19 AM,0.8009483,Normal
30/12/2015 6:49:19 AM,0.6888155,Normal
30/12/2015 6:50:19 AM,0.7048345,Normal
30/12/2015 6:51:19 AM,0.8490052,Normal
30/12/2015 6:52:19 AM,0.7689104,Normal
30/12/2015 6:53:19 AM,0.7208535,Normal
30/12/2015 6:54:19 AM,0.7689104,Normal
30/12/2015 6:55:19 AM,0.8650241,Normal
30/12/2015 6:56:19 AM,0.7689104,Normal
30/12/2015 6:57:19 AM,0.7689104,Normal
30/12/2015 6:58:19 AM,0.7689104,Normal
30/12/2015 6:59:19 AM,0.7689104,Normal
30/12/2015 7:00:19 AM,0.7689104,Normal
30/12/2015 7:01:19 AM,0.7689104,Normal
30/12/2015 7:02:19 AM,0.7849293,Normal
30/12/2015 7:03:19 AM,0.7689104,Normal
30/12/2015 7:04:19 AM,0.7689104,Normal
30/12/2015 7:05:19 AM,0.6567776,Normal
30/12/2015 7:06:19 AM,0.8169672,Normal
30/12/2015 7:07:19 AM,0.6407586,Normal
30/12/2015 7:08:19 AM,0.6888155,Normal
30/12/2015 7:09:19 AM,0.7849293,Normal
30/12/2015 7:10:19 AM,0.6407586,Normal
30/12/2015 7:11:19 AM,0.6087207,Normal
30/12/2015 7:12:19 AM,0.6567776,Normal
30/12/2015 7:13:19 AM,0.7368724,Normal
30/12/2015 7:14:19 AM,0.7689104,Normal
30/12/2015 7:15:19 AM,0.7689104,Normal
30/12/2015 7:16:19 AM,0.7208535,Normal
30/12/2015 7:17:19 AM,0.7689104,Normal
30/12/2015 7:18:19 AM,0.8009483,Normal
30/12/2015 7:19:19 AM,0.8009483,Normal
30/12/2015 7:20:19 AM,0.7689104,Normal
30/12/2015 7:21:19 AM,0.7689104,Normal
30/12/2015 7:22:19 AM,0.8009483,Normal
30/12/2015 7:23:19 AM,0.7849293,Normal
30/12/2015 7:24:19 AM,0.8490052,Normal
30/12/2015 7:25:19 AM,0.8169672,Normal
30/12/2015 7:26:19 AM,0.8169672,Normal
30/12/2015 7:27:19 AM,0.8490052,Normal
30/12/2015 7:28:19 AM,0.9771569,Normal
30/12/2015 7:29:19 AM,0.8169672,Normal
30/12/2015 7:30:19 AM,0.8490052,Normal
30/12/2015 7:31:19 AM,0.8810431,Normal
30/12/2015 7:32:19 AM,0.945119,Normal
30/12/2015 7:33:19 AM,0.945119,Normal
30/12/2015 7:34:19 AM,0.8970621,Normal
30/12/2015 7:35:19 AM,0.8970621,Normal
30/12/2015 7:36:19 AM,0.945119,Normal
30/12/2015 7:37:19 AM,0.961138,Normal
30/12/2015 7:38:19 AM,1.009195,Normal
30/12/2015 7:39:19 AM,0.9771569,Normal
30/12/2015 7:40:19 AM,0.961138,Normal
30/12/2015 7:41:19 AM,1.009195,Normal
30/12/2015 7:42:19 AM,1.009195,Normal
30/12/2015 7:43:19 AM,1.025214,Normal
30/12/2015 7:44:19 AM,1.025214,Normal
30/12/2015 7:45:19 AM,1.057252,Normal
30/12/2015 7:46:19 AM,1.025214,Normal
30/12/2015 7:47:19 AM,1.025214,Normal
30/12/2015 7:48:19 AM,1.057252,Normal
30/12/2015 7:49:19 AM,1.121328,Normal
30/12/2015 7:50:19 AM,1.105309,Normal
30/12/2015 7:51:19 AM,1.121328,Normal
30/12/2015 7:52:19 AM,1.185403,Normal
30/12/2015 7:53:19 AM,1.201422,Normal
30/12/2015 7:54:19 AM,1.137347,Normal
30/12/2015 7:55:19 AM,1.185403,Normal
30/12/2015 7:56:19 AM,1.185403,Normal
30/12/2015 7:57:19 AM,1.185403,Normal
30/12/2015 7:58:19 AM,1.201422,Normal
30/12/2015 7:59:19 AM,1.201422,Normal
30/12/2015 8:00:19 AM,1.201422,Normal
30/12/2015 8:01:19 AM,1.201422,Normal
30/12/2015 8:02:19 AM,1.201422,Normal
30/12/2015 8:03:19 AM,1.265498,Normal
30/12/2015 8:04:19 AM,1.201422,Normal
30/12/2015 8:05:19 AM,1.249479,Normal
30/12/2015 8:06:19 AM,1.185403,Normal
30/12/2015 8:07:19 AM,1.345593,Normal
30/12/2015 8:08:19 AM,1.201422,Normal
30/12/2015 8:09:19 AM,1.217441,Normal
30/12/2015 8:10:19 AM,1.249479,Normal
30/12/2015 8:11:19 AM,1.265498,Normal
30/12/2015 8:12:19 AM,1.281517,Normal
30/12/2015 8:13:19 AM,1.281517,Normal
30/12/2015 8:14:19 AM,1.329574,Normal
30/12/2015 8:15:19 AM,1.329574,Normal
30/12/2015 8:16:19 AM,1.361612,Normal
30/12/2015 8:17:19 AM,1.329574,Normal
30/12/2015 8:18:19 AM,1.329574,Normal
30/12/2015 8:19:19 AM,1.345593,Normal
30/12/2015 8:20:19 AM,1.345593,Normal
30/12/2015 8:21:19 AM,1.281517,Normal
30/12/2015 8:22:19 AM,1.361612,Normal
30/12/2015 8:23:19 AM,1.345593,Normal
30/12/2015 8:24:19 AM,1.329574,Normal
30/12/2015 8:25:19 AM,1.361612,Normal
30/12/2015 8:26:19 AM,1.361612,Normal
30/12/2015 8:27:19 AM,1.361612,Normal
30/12/2015 8:28:19 AM,1.345593,Normal
30/12/2015 8:29:19 AM,1.377631,Normal
30/12/2015 8:30:19 AM,1.377631,Normal
30/12/2015 8:31:19 AM,1.377631,Normal
30/12/2015 8:32:19 AM,1.377631,Normal
30/12/2015 8:33:19 AM,1.377631,Normal
30/12/2015 8:34:19 AM,1.377631,Normal
30/12/2015 8:35:19 AM,1.377631,Normal
30/12/2015 8:36:19 AM,1.377631,Normal
30/12/2015 8:37:19 AM,1.377631,Normal
30/12/2015 8:38:19 AM,1.409669,Normal
30/12/2015 8:39:19 AM,1.409669,Normal
30/12/2015 8:40:19 AM,1.409669,Normal
30/12/2015 8:41:19 AM,1.409669,Normal
30/12/2015 8:42:19 AM,1.409669,Normal
30/12/2015 8:43:19 AM,1.489764,Normal
30/12/2015 8:44:19 AM,1.441707,Normal
30/12/2015 8:45:19 AM,1.345593,Normal
30/12/2015 8:46:19 AM,1.377631,Normal
30/12/2015 8:47:19 AM,1.377631,Normal
30/12/2015 8:48:19 AM,1.409669,Normal
30/12/2015 8:49:19 AM,1.409669,Normal
30/12/2015 8:50:19 AM,1.457726,Normal
30/12/2015 8:51:19 AM,1.409669,Normal
30/12/2015 8:52:19 AM,1.409669,Normal
30/12/2015 8:53:19 AM,1.377631,Normal
30/12/2015 8:54:19 AM,1.377631,Normal
30/12/2015 8:55:19 AM,1.409669,Normal
30/12/2015 8:56:19 AM,1.409669,Normal
30/12/2015 8:57:19 AM,1.409669,Normal
30/12/2015 8:58:19 AM,1.409669,Normal
30/12/2015 8:59:19 AM,1.489764,Normal
30/12/2015 9:00:19 AM,1.377631,Normal
30/12/2015 9:01:19 AM,1.425688,Normal
30/12/2015 9:02:19 AM,1.457726,Normal
30/12/2015 9:03:19 AM,1.377631,Normal
30/12/2015 9:04:19 AM,1.425688,Normal
30/12/2015 9:05:19 AM,1.457726,Normal
30/12/2015 9:06:19 AM,1.409669,Normal
30/12/2015 9:07:19 AM,1.425688,Normal
30/12/2015 9:08:19 AM,1.441707,Normal
30/12/2015 9:09:19 AM,1.457726,Normal
30/12/2015 9:10:19 AM,1.505783,Normal
30/12/2015 9:11:19 AM,1.409669,Normal
30/12/2015 9:12:19 AM,1.425688,Normal
30/12/2015 9:13:19 AM,1.521802,Normal
30/12/2015 9:14:19 AM,1.425688,Normal
30/12/2015 9:15:19 AM,1.537821,Normal
30/12/2015 9:16:19 AM,1.409669,Normal
30/12/2015 9:17:19 AM,1.441707,Normal
30/12/2015 9:18:19 AM,1.409669,Normal
30/12/2015 9:19:19 AM,1.425688,Normal
30/12/2015 9:20:19 AM,1.457726,Normal
30/12/2015 9:21:19 AM,1.409669,Normal
30/12/2015 9:22:19 AM,1.409669,Normal
30/12/2015 9:23:19 AM,1.409669,Normal
30/12/2015 9:24:19 AM,1.409669,Normal
30/12/2015 9:25:19 AM,1.409669,Normal
30/12/2015 9:26:19 AM,1.409669,Normal
30/12/2015 9:27:19 AM,1.409669,Normal
30/12/2015 9:28:19 AM,1.409669,Normal
30/12/2015 9:29:19 AM,1.409669,Normal
30/12/2015 9:30:19 AM,1.409669,Normal
30/12/2015 9:31:19 AM,1.425688,Normal
30/12/2015 9:32:19 AM,1.409669,Normal
30/12/2015 9:33:19 AM,1.361612,Normal
30/12/2015 9:34:19 AM,1.425688,Normal
30/12/2015 9:35:19 AM,1.377631,Normal
30/12/2015 9:36:19 AM,1.409669,Normal
30/12/2015 9:37:19 AM,1.425688,Normal
30/12/2015 9:38:19 AM,1.489764,Normal
30/12/2015 9:39:19 AM,1.441707,Normal
30/12/2015 9:40:19 AM,1.377631,Normal
30/12/2015 9:41:19 AM,1.425688,Normal
30/12/2015 9:42:19 AM,1.441707,Normal
30/12/2015 9:43:19 AM,1.441707,Normal
30/12/2015 9:44:19 AM,1.409669,Normal
30/12/2015 9:45:19 AM,1.425688,Normal
30/12/2015 9:46:19 AM,1.425688,Normal
30/12/2015 9:47:19 AM,1.425688,Normal
30/12/2015 9:48:19 AM,1.505783,Normal
30/12/2015 9:49:19 AM,1.441707,Normal
30/12/2015 9:50:19 AM,1.521802,Normal
30/12/2015 9:56:40 AM,1.441707,Normal
30/12/2015 9:57:40 AM,1.457726,Normal
30/12/2015 9:58:40 AM,1.441707,Normal
30/12/2015 9:59:40 AM,1.425688,Normal
30/12/2015 10:00:40 AM,1.425688,Normal
30/12/2015 10:01:40 AM,1.505783,Normal
30/12/2015 10:12:52 AM,1.409669,Normal
30/12/2015 10:13:52 AM,1.409669,Normal
30/12/2015 10:14:52 AM,1.409669,Normal
30/12/2015 10:15:52 AM,1.409669,Normal
30/12/2015 10:16:52 AM,1.409669,Normal
30/12/2015 10:17:52 AM,1.409669,Normal
30/12/2015 10:18:52 AM,1.425688,Normal
30/12/2015 10:19:52 AM,1.441707,Normal
30/12/2015 10:20:52 AM,1.345593,Normal
30/12/2015 10:21:52 AM,1.425688,Normal
30/12/2015 10:22:52 AM,1.425688,Normal
30/12/2015 10:23:52 AM,1.425688,Normal
30/12/2015 10:24:52 AM,1.409669,Normal
30/12/2015 10:25:52 AM,1.377631,Normal
30/12/2015 10:26:52 AM,1.441707,Normal
30/12/2015 10:27:52 AM,1.441707,Normal
30/12/2015 10:28:52 AM,1.425688,Normal
30/12/2015 10:29:52 AM,1.425688,Normal
30/12/2015 10:30:52 AM,1.409669,Normal
30/12/2015 10:31:52 AM,1.409669,Normal
30/12/2015 10:32:52 AM,1.585878,Normal
30/12/2015 10:33:52 AM,1.345593,Normal
30/12/2015 10:34:52 AM,1.505783,Normal
30/12/2015 10:35:52 AM,1.457726,Normal
30/12/2015 10:36:52 AM,1.489764,Normal
30/12/2015 10:37:52 AM,1.441707,Normal
30/12/2015 10:38:52 AM,1.409669,Normal
30/12/2015 10:39:52 AM,1.457726,Normal
30/12/2015 10:40:52 AM,1.601897,Normal
30/12/2015 10:41:52 AM,1.441707,Normal
30/12/2015 10:42:52 AM,1.505783,Normal
30/12/2015 10:43:52 AM,1.521802,Normal
30/12/2015 10:44:52 AM,1.489764,Normal
30/12/2015 10:45:52 AM,1.425688,Normal
30/12/2015 10:46:52 AM,1.409669,Normal
30/12/2015 10:47:52 AM,1.425688,Normal
30/12/2015 10:48:52 AM,1.521802,Normal
30/12/2015 10:49:52 AM,1.409669,Normal
30/12/2015 10:50:52 AM,1.441707,Normal
30/12/2015 10:51:52 AM,1.441707,Normal
30/12/2015 10:52:52 AM,1.441707,Normal
30/12/2015 10:53:52 AM,1.425688,Normal
30/12/2015 10:54:52 AM,1.409669,Normal
30/12/2015 10:55:52 AM,1.425688,Normal
30/12/2015 10:56:52 AM,1.537821,Normal
30/12/2015 10:57:52 AM,1.441707,Normal
30/12/2015 10:58:52 AM,1.425688,Normal
30/12/2015 10:59:52 AM,1.457726,Normal
30/12/2015 11:00:52 AM,1.489764,Normal
30/12/2015 11:01:52 AM,1.425688,Normal
30/12/2015 11:02:52 AM,1.441707,Normal
30/12/2015 11:03:52 AM,1.377631,Normal
30/12/2015 11:04:52 AM,1.409669,Normal
30/12/2015 11:05:52 AM,1.457726,Normal
30/12/2015 11:06:52 AM,1.409669,Normal
30/12/2015 11:07:52 AM,1.409669,Normal
30/12/2015 11:08:52 AM,1.409669,Normal
30/12/2015 11:09:52 AM,1.441707,Normal
30/12/2015 11:10:52 AM,1.441707,Normal
30/12/2015 11:11:52 AM,1.441707,Normal
30/12/2015 11:12:52 AM,1.505783,Normal
30/12/2015 11:13:52 AM,1.505783,Normal
30/12/2015 11:14:52 AM,1.457726,Normal
30/12/2015 11:15:52 AM,1.425688,Normal
30/12/2015 11:16:52 AM,1.457726,Normal
30/12/2015 11:17:52 AM,1.457726,Normal
30/12/2015 11:18:52 AM,1.457726,Normal
30/12/2015 11:19:52 AM,1.441707,Normal
30/12/2015 11:20:52 AM,1.425688,Normal
30/12/2015 11:21:52 AM,1.585878,Normal
30/12/2015 11:22:52 AM,1.489764,Normal
30/12/2015 11:23:52 AM,1.457726,Normal
30/12/2015 11:24:52 AM,1.457726,Normal
30/12/2015 11:25:52 AM,1.377631,Normal
30/12/2015 11:26:52 AM,1.505783,Normal
30/12/2015 11:27:52 AM,1.521802,Normal
30/12/2015 11:28:52 AM,1.505783,Normal
30/12/2015 11:29:52 AM,1.521802,Normal
30/12/2015 11:30:52 AM,1.585878,Normal
30/12/2015 11:31:52 AM,1.537821,Normal
30/12/2015 11:32:52 AM,1.425688,Normal
30/12/2015 11:33:52 AM,1.505783,Normal
30/12/2015 11:34:52 AM,1.441707,Normal
30/12/2015 11:35:52 AM,1.521802,Normal
30/12/2015 11:36:52 AM,1.505783,Normal
30/12/2015 11:37:52 AM,1.537821,Normal
30/12/2015 11:38:52 AM,1.649953,Normal
30/12/2015 11:39:52 AM,1.521802,Normal
30/12/2015 11:40:52 AM,1.617916,Normal
30/12/2015 11:41:52 AM,1.569859,Normal
30/12/2015 11:42:52 AM,1.537821,Normal
30/12/2015 11:43:52 AM,1.537821,Normal
30/12/2015 11:44:52 AM,1.601897,Normal
30/12/2015 11:45:52 AM,1.569859,Normal
30/12/2015 11:46:52 AM,1.537821,Normal
30/12/2015 11:47:52 AM,1.537821,Normal
30/12/2015 11:48:52 AM,1.537821,Normal
30/12/2015 11:49:52 AM,1.505783,Normal
30/12/2015 11:50:52 AM,1.489764,Normal
30/12/2015 11:51:52 AM,1.521802,Normal
30/12/2015 11:52:52 AM,1.505783,Normal
30/12/2015 11:53:52 AM,1.569859,Normal
30/12/2015 11:54:52 AM,1.569859,Normal
30/12/2015 11:55:52 AM,1.521802,Normal
30/12/2015 11:56:52 AM,1.537821,Normal
30/12/2015 11:57:52 AM,1.457726,Normal
30/12/2015 11:58:52 AM,1.537821,Normal
30/12/2015 11:59:52 AM,1.489764,Normal
30/12/2015 12:00:52 PM,1.585878,Normal
30/12/2015 12:01:52 PM,1.569859,Normal
30/12/2015 12:02:52 PM,1.601897,Normal
30/12/2015 12:03:52 PM,1.569859,Normal
30/12/2015 12:04:52 PM,1.425688,Normal
30/12/2015 12:05:52 PM,1.521802,Normal
30/12/2015 12:06:52 PM,1.569859,Normal
30/12/2015 12:07:52 PM,1.505783,Normal
30/12/2015 12:08:52 PM,1.569859,Normal
30/12/2015 12:09:52 PM,1.521802,Normal
30/12/2015 12:10:52 PM,1.601897,Normal
30/12/2015 12:11:52 PM,1.537821,Normal
30/12/2015 12:12:52 PM,1.521802,Normal
30/12/2015 12:13:52 PM,1.617916,Normal
30/12/2015 12:14:52 PM,1.521802,Normal
30/12/2015 12:15:52 PM,1.585878,Normal
30/12/2015 12:16:52 PM,1.489764,Normal
30/12/2015 12:17:52 PM,1.585878,Normal
30/12/2015 12:18:52 PM,1.569859,Normal
30/12/2015 12:19:52 PM,1.569859,Normal
30/12/2015 12:20:52 PM,1.537821,Normal
30/12/2015 12:21:52 PM,1.569859,Normal
30/12/2015 12:22:52 PM,1.569859,Normal
30/12/2015 12:23:52 PM,1.505783,Normal
30/12/2015 12:24:52 PM,1.601897,Normal
30/12/2015 12:25:52 PM,1.537821,Normal
30/12/2015 12:26:52 PM,1.569859,Normal
30/12/2015 12:27:52 PM,1.489764,Normal
30/12/2015 12:28:52 PM,1.569859,Normal
30/12/2015 12:29:52 PM,1.569859,Normal
30/12/2015 12:30:52 PM,1.585878,Normal
30/12/2015 12:31:52 PM,1.537821,Normal
30/12/2015 12:32:52 PM,1.457726,Normal
30/12/2015 12:33:52 PM,1.569859,Normal
30/12/2015 12:34:52 PM,1.585878,Normal
30/12/2015 12:35:52 PM,1.601897,Normal
30/12/2015 12:36:52 PM,1.569859,Normal
30/12/2015 12:37:52 PM,1.569859,Normal
30/12/2015 12:38:52 PM,1.489764,Normal
30/12/2015 12:39:52 PM,1.505783,Normal
30/12/2015 12:40:52 PM,1.521802,Normal
30/12/2015 12:41:52 PM,1.521802,Normal
30/12/2015 12:42:52 PM,1.537821,Normal
30/12/2015 12:43:52 PM,1.585878,Normal
30/12/2015 12:44:52 PM,1.585878,Normal
30/12/2015 12:45:52 PM,1.521802,Normal
30/12/2015 12:46:52 PM,1.601897,Normal
30/12/2015 12:47:52 PM,1.585878,Normal
30/12/2015 12:48:52 PM,1.585878,Normal
30/12/2015 12:49:52 PM,1.585878,Normal
30/12/2015 12:50:52 PM,1.585878,Normal
30/12/2015 12:51:52 PM,1.585878,Normal
30/12/2015 12:52:52 PM,1.601897,Normal
30/12/2015 12:53:52 PM,1.585878,Normal
30/12/2015 12:54:52 PM,1.585878,Normal
30/12/2015 12:55:52 PM,1.585878,Normal
30/12/2015 12:56:52 PM,1.569859,Normal
30/12/2015 12:57:52 PM,1.585878,Normal
30/12/2015 12:58:52 PM,1.569859,Normal
30/12/2015 12:59:52 PM,1.569859,Normal
30/12/2015 1:00:52 PM,1.569859,Normal
30/12/2015 1:01:52 PM,1.569859,Normal
30/12/2015 1:02:52 PM,1.537821,Normal
30/12/2015 1:03:52 PM,1.537821,Normal
30/12/2015 1:04:52 PM,1.585878,Normal
30/12/2015 1:05:52 PM,1.585878,Normal
30/12/2015 1:06:52 PM,1.569859,Normal
30/12/2015 1:07:52 PM,1.569859,Normal
30/12/2015 1:08:52 PM,1.601897,Normal
30/12/2015 1:09:52 PM,1.585878,Normal
30/12/2015 1:10:52 PM,1.569859,Normal
30/12/2015 1:11:52 PM,1.585878,Normal
30/12/2015 1:12:52 PM,1.505783,Normal
30/12/2015 1:13:52 PM,1.601897,Normal
30/12/2015 1:14:52 PM,1.585878,Normal
30/12/2015 1:15:52 PM,1.585878,Normal
30/12/2015 1:16:52 PM,1.585878,Normal
30/12/2015 1:17:52 PM,1.585878,Normal
30/12/2015 1:18:52 PM,1.585878,Normal
30/12/2015 1:19:52 PM,1.585878,Normal
30/12/2015 1:20:52 PM,1.569859,Normal
30/12/2015 1:21:52 PM,1.601897,Normal
30/12/2015 1:22:52 PM,1.521802,Normal
30/12/2015 1:23:52 PM,1.521802,Normal
30/12/2015 1:24:52 PM,1.537821,Normal
30/12/2015 1:25:52 PM,1.505783,Normal
30/12/2015 1:26:52 PM,1.537821,Normal
30/12/2015 1:27:52 PM,1.569859,Normal
30/12/2015 1:28:52 PM,1.537821,Normal
30/12/2015 1:29:52 PM,1.537821,Normal
30/12/2015 1:30:52 PM,1.521802,Normal
30/12/2015 1:31:52 PM,1.569859,Normal
30/12/2015 1:32:52 PM,1.601897,Normal
30/12/2015 1:33:52 PM,1.537821,Normal
30/12/2015 1:34:52 PM,1.585878,Normal
30/12/2015 1:35:52 PM,1.601897,Normal
30/12/2015 1:36:52 PM,1.569859,Normal
30/12/2015 1:37:52 PM,1.569859,Normal
30/12/2015 1:38:52 PM,1.585878,Normal
30/12/2015 1:39:52 PM,1.537821,Normal
30/12/2015 1:40:52 PM,1.585878,Normal
30/12/2015 1:41:52 PM,1.649953,Normal
30/12/2015 1:42:52 PM,1.569859,Normal
30/12/2015 1:43:52 PM,1.585878,Normal
30/12/2015 1:44:52 PM,1.601897,Normal
30/12/2015 1:45:52 PM,1.505783,Normal
30/12/2015 1:46:52 PM,1.569859,Normal
30/12/2015 1:47:52 PM,1.537821,Normal
30/12/2015 1:48:52 PM,1.569859,Normal
30/12/2015 1:49:52 PM,1.537821,Normal
30/12/2015 1:50:52 PM,1.569859,Normal
30/12/2015 1:51:52 PM,1.649953,Normal
30/12/2015 1:52:52 PM,1.585878,Normal
30/12/2015 1:53:52 PM,1.601897,Normal
30/12/2015 1:54:52 PM,1.569859,Normal
30/12/2015 1:55:52 PM,1.569859,Normal
30/12/2015 1:56:52 PM,1.569859,Normal
30/12/2015 1:57:52 PM,1.537821,Normal
30/12/2015 1:58:52 PM,1.585878,Normal
30/12/2015 1:59:52 PM,1.521802,Normal
30/12/2015 2:00:52 PM,1.617916,Normal
30/12/2015 2:01:52 PM,1.569859,Normal
30/12/2015 2:02:52 PM,1.569859,Normal
30/12/2015 2:03:52 PM,1.585878,Normal
30/12/2015 2:04:52 PM,1.585878,Normal
30/12/2015 2:05:52 PM,1.649953,Normal
30/12/2015 2:06:52 PM,1.601897,Normal
30/12/2015 2:07:52 PM,1.585878,Normal
30/12/2015 2:08:52 PM,1.585878,Normal
30/12/2015 2:09:52 PM,1.585878,Normal
30/12/2015 2:10:52 PM,1.569859,Normal
30/12/2015 2:11:52 PM,1.601897,Normal
30/12/2015 2:12:52 PM,1.569859,Normal
30/12/2015 2:13:52 PM,1.569859,Normal
30/12/2015 2:14:52 PM,1.601897,Normal
30/12/2015 2:15:52 PM,1.585878,Normal
30/12/2015 2:16:52 PM,1.585878,Normal
30/12/2015 2:17:52 PM,1.569859,Normal
30/12/2015 2:18:52 PM,1.601897,Normal
30/12/2015 2:19:52 PM,1.601897,Normal
30/12/2015 2:20:52 PM,1.569859,Normal
30/12/2015 2:21:52 PM,1.569859,Normal
30/12/2015 2:22:52 PM,1.601897,Normal
30/12/2015 2:23:52 PM,1.601897,Normal
30/12/2015 2:24:52 PM,1.601897,Normal
30/12/2015 2:25:52 PM,1.601897,Normal
30/12/2015 2:26:52 PM,1.585878,Normal
30/12/2015 2:27:52 PM,1.601897,Normal
30/12/2015 2:28:52 PM,1.601897,Normal
30/12/2015 2:29:52 PM,1.601897,Normal
30/12/2015 2:30:52 PM,1.585878,Normal
30/12/2015 2:31:52 PM,1.585878,Normal
30/12/2015 2:32:52 PM,1.585878,Normal
30/12/2015 2:33:52 PM,1.585878,Normal
30/12/2015 2:34:52 PM,1.537821,Normal
30/12/2015 2:35:52 PM,1.537821,Normal
30/12/2015 2:36:52 PM,1.585878,Normal
30/12/2015 2:37:52 PM,1.617916,Normal
30/12/2015 2:38:52 PM,1.569859,Normal
30/12/2015 2:39:52 PM,1.617916,Normal
30/12/2015 2:40:52 PM,1.585878,Normal
30/12/2015 2:41:52 PM,1.537821,Normal
30/12/2015 2:42:52 PM,1.505783,Normal
30/12/2015 2:43:52 PM,1.521802,Normal
30/12/2015 2:44:52 PM,1.569859,Normal
30/12/2015 2:45:52 PM,1.569859,Normal
30/12/2015 2:46:52 PM,1.569859,Normal
30/12/2015 2:47:52 PM,1.569859,Normal
30/12/2015 2:48:52 PM,1.585878,Normal
30/12/2015 2:49:52 PM,1.585878,Normal
30/12/2015 2:50:52 PM,1.665972,Normal
30/12/2015 2:51:52 PM,1.585878,Normal
30/12/2015 2:52:52 PM,1.585878,Normal
30/12/2015 2:53:52 PM,1.569859,Normal
30/12/2015 2:54:52 PM,1.585878,Normal
30/12/2015 2:55:52 PM,1.617916,Normal
30/12/2015 2:56:52 PM,1.665972,Normal
30/12/2015 2:57:52 PM,1.601897,Normal
30/12/2015 2:58:52 PM,1.585878,Normal
30/12/2015 2:59:52 PM,1.617916,Normal
30/12/2015 3:00:52 PM,1.569859,Normal
30/12/2015 3:01:52 PM,1.585878,Normal
30/12/2015 3:02:52 PM,1.617916,Normal
30/12/2015 3:03:52 PM,1.585878,Normal
30/12/2015 3:04:52 PM,1.585878,Normal
30/12/2015 3:05:52 PM,1.585878,Normal
30/12/2015 3:06:52 PM,1.585878,Normal
30/12/2015 3:07:52 PM,1.617916,Normal
30/12/2015 3:08:52 PM,1.665972,Normal
30/12/2015 3:09:52 PM,1.617916,Normal
30/12/2015 3:10:52 PM,1.601897,Normal
30/12/2015 3:11:52 PM,1.617916,Normal
30/12/2015 3:12:52 PM,1.601897,Normal
30/12/2015 3:13:52 PM,1.601897,Normal
30/12/2015 3:14:52 PM,1.601897,Normal
30/12/2015 3:15:52 PM,1.601897,Normal
30/12/2015 3:16:52 PM,1.585878,Normal
30/12/2015 3:17:52 PM,1.585878,Normal
30/12/2015 3:18:52 PM,1.585878,Normal
30/12/2015 3:19:52 PM,1.585878,Normal
30/12/2015 3:20:52 PM,1.585878,Normal
30/12/2015 3:21:52 PM,1.601897,Normal
30/12/2015 3:22:52 PM,1.601897,Normal
30/12/2015 3:23:52 PM,1.601897,Normal
30/12/2015 3:24:52 PM,1.601897,Normal
30/12/2015 3:25:52 PM,1.617916,Normal
30/12/2015 3:26:52 PM,1.601897,Normal
30/12/2015 3:27:52 PM,1.601897,Normal
30/12/2015 3:28:52 PM,1.505783,Normal
30/12/2015 3:29:52 PM,1.665972,Normal
30/12/2015 3:30:52 PM,1.585878,Normal
30/12/2015 3:31:52 PM,1.601897,Normal
30/12/2015 3:32:52 PM,1.569859,Normal
30/12/2015 3:33:52 PM,1.569859,Normal
30/12/2015 3:34:52 PM,1.601897,Normal
30/12/2015 3:35:52 PM,1.601897,Normal
30/12/2015 3:36:52 PM,1.585878,Normal
30/12/2015 3:37:52 PM,1.585878,Normal
30/12/2015 3:38:52 PM,1.617916,Normal
30/12/2015 3:39:52 PM,1.601897,Normal
30/12/2015 3:40:52 PM,1.585878,Normal
30/12/2015 3:41:52 PM,1.649953,Normal
30/12/2015 3:42:52 PM,1.601897,Normal
30/12/2015 3:43:52 PM,1.601897,Normal
30/12/2015 3:44:52 PM,1.569859,Normal
30/12/2015 3:45:52 PM,1.601897,Normal
30/12/2015 3:46:52 PM,1.569859,Normal
30/12/2015 3:47:52 PM,1.585878,Normal
30/12/2015 3:48:52 PM,1.585878,Normal
30/12/2015 3:49:52 PM,1.601897,Normal
30/12/2015 3:50:52 PM,1.617916,Normal
30/12/2015 3:51:52 PM,1.585878,Normal
30/12/2015 3:52:52 PM,1.617916,Normal
30/12/2015 3:53:52 PM,1.601897,Normal
30/12/2015 3:54:52 PM,1.569859,Normal
30/12/2015 3:55:52 PM,1.569859,Normal
30/12/2015 3:56:52 PM,1.601897,Normal
30/12/2015 3:57:52 PM,1.601897,Normal
30/12/2015 3:58:52 PM,1.569859,Normal
30/12/2015 3:59:52 PM,1.585878,Normal
30/12/2015 4:00:52 PM,1.585878,Normal
30/12/2015 4:01:52 PM,1.617916,Normal
30/12/2015 4:02:52 PM,1.601897,Normal
30/12/2015 4:03:52 PM,1.585878,Normal
30/12/2015 4:04:52 PM,1.569859,Normal
30/12/2015 4:05:52 PM,1.601897,Normal
30/12/2015 4:06:52 PM,1.601897,Normal
30/12/2015 4:07:52 PM,1.585878,Normal
30/12/2015 4:08:52 PM,1.585878,Normal
30/12/2015 4:09:52 PM,1.601897,Normal
30/12/2015 4:10:52 PM,1.585878,Normal
30/12/2015 4:11:52 PM,1.585878,Normal
30/12/2015 4:12:52 PM,1.585878,Normal
30/12/2015 4:13:52 PM,1.585878,Normal
30/12/2015 4:14:52 PM,1.617916,Normal
30/12/2015 4:15:52 PM,1.601897,Normal
30/12/2015 4:16:52 PM,1.601897,Normal
30/12/2015 4:17:52 PM,1.601897,Normal
30/12/2015 4:18:52 PM,1.601897,Normal
30/12/2015 4:19:52 PM,1.601897,Normal
30/12/2015 4:20:52 PM,1.601897,Normal
30/12/2015 4:21:52 PM,1.665972,Normal
30/12/2015 4:22:52 PM,1.601897,Normal
30/12/2015 4:23:52 PM,1.665972,Normal
30/12/2015 4:24:52 PM,1.569859,Normal
30/12/2015 4:25:52 PM,1.537821,Normal
30/12/2015 4:26:52 PM,1.585878,Normal
30/12/2015 4:27:52 PM,1.601897,Normal
30/12/2015 4:28:52 PM,1.601897,Normal
30/12/2015 4:29:52 PM,1.601897,Normal
30/12/2015 4:30:52 PM,1.585878,Normal
30/12/2015 4:31:52 PM,1.537821,Normal
30/12/2015 4:32:52 PM,1.617916,Normal
30/12/2015 4:33:52 PM,1.617916,Normal
30/12/2015 4:34:52 PM,1.617916,Normal
30/12/2015 4:35:52 PM,1.601897,Normal
30/12/2015 4:36:52 PM,1.585878,Normal
30/12/2015 4:37:52 PM,1.649953,Normal
30/12/2015 4:38:52 PM,1.601897,Normal
30/12/2015 4:39:52 PM,1.649953,Normal
30/12/2015 4:40:52 PM,1.585878,Normal
30/12/2015 4:41:52 PM,1.617916,Normal
30/12/2015 4:42:52 PM,1.617916,Normal
30/12/2015 4:43:52 PM,1.537821,Normal
30/12/2015 4:44:52 PM,1.649953,Normal
30/12/2015 4:45:52 PM,1.601897,Normal
30/12/2015 4:46:52 PM,1.601897,Normal
30/12/2015 4:47:52 PM,1.585878,Normal
30/12/2015 4:48:52 PM,1.649953,Normal
30/12/2015 4:49:52 PM,1.601897,Normal
30/12/2015 4:50:52 PM,1.601897,Normal
30/12/2015 4:51:52 PM,1.601897,Normal
30/12/2015 4:52:52 PM,1.569859,Normal
30/12/2015 4:53:52 PM,1.601897,Normal
30/12/2015 4:54:52 PM,1.617916,Normal
30/12/2015 4:55:52 PM,1.601897,Normal
30/12/2015 4:56:52 PM,1.617916,Normal
30/12/2015 4:57:52 PM,1.569859,Normal
30/12/2015 4:58:52 PM,1.601897,Normal
30/12/2015 4:59:52 PM,1.617916,Normal
30/12/2015 5:00:52 PM,1.601897,Normal
30/12/2015 5:01:52 PM,1.585878,Normal
30/12/2015 5:02:52 PM,1.585878,Normal
30/12/2015 5:03:52 PM,1.601897,Normal
30/12/2015 5:04:52 PM,1.601897,Normal
30/12/2015 5:29:57 PM,1.537821,Normal
30/12/2015 5:30:57 PM,1.537821,Normal
30/12/2015 5:31:57 PM,1.601897,Normal
30/12/2015 5:32:57 PM,1.601897,Normal
30/12/2015 5:33:57 PM,1.585878,Normal
30/12/2015 5:34:57 PM,1.585878,Normal
30/12/2015 5:35:57 PM,1.585878,Normal
30/12/2015 5:36:57 PM,1.617916,Normal
30/12/2015 5:37:57 PM,1.569859,Normal
30/12/2015 5:38:57 PM,1.537821,Normal
30/12/2015 5:39:57 PM,1.585878,Normal
30/12/2015 5:40:57 PM,1.585878,Normal
30/12/2015 5:41:57 PM,1.585878,Normal
30/12/2015 5:42:57 PM,1.585878,Normal
30/12/2015 5:43:57 PM,1.585878,Normal
30/12/2015 5:44:57 PM,1.601897,Normal
30/12/2015 5:45:57 PM,1.537821,Normal
30/12/2015 5:46:57 PM,1.601897,Normal
30/12/2015 5:47:57 PM,1.569859,Normal
30/12/2015 5:48:57 PM,1.601897,Normal
30/12/2015 5:49:57 PM,1.601897,Normal
30/12/2015 5:50:57 PM,1.601897,Normal
30/12/2015 5:51:57 PM,1.601897,Normal
30/12/2015 5:52:57 PM,1.601897,Normal
30/12/2015 5:53:57 PM,1.601897,Normal
30/12/2015 5:54:57 PM,1.617916,Normal
30/12/2015 5:55:57 PM,1.601897,Normal
30/12/2015 5:56:57 PM,1.585878,Normal
30/12/2015 5:57:57 PM,1.537821,Normal
30/12/2015 5:58:57 PM,1.569859,Normal
30/12/2015 5:59:57 PM,1.521802,Normal
30/12/2015 6:00:57 PM,1.569859,Normal
30/12/2015 6:01:57 PM,1.585878,Normal
30/12/2015 6:02:57 PM,1.585878,Normal
30/12/2015 6:03:57 PM,1.585878,Normal
30/12/2015 6:04:57 PM,1.585878,Normal
30/12/2015 6:05:57 PM,1.601897,Normal
30/12/2015 6:06:57 PM,1.585878,Normal
30/12/2015 6:07:57 PM,1.585878,Normal
30/12/2015 6:08:57 PM,1.585878,Normal
30/12/2015 6:09:57 PM,1.585878,Normal
30/12/2015 6:10:57 PM,1.601897,Normal
30/12/2015 6:11:57 PM,1.585878,Normal
30/12/2015 6:12:57 PM,1.585878,Normal
30/12/2015 6:13:57 PM,1.585878,Normal
30/12/2015 6:14:57 PM,1.585878,Normal
30/12/2015 6:15:57 PM,1.665972,Normal
30/12/2015 6:16:57 PM,1.569859,Normal
30/12/2015 6:17:57 PM,1.537821,Normal
30/12/2015 6:18:57 PM,1.585878,Normal
30/12/2015 6:19:57 PM,1.665972,Normal
30/12/2015 6:20:57 PM,1.649953,Normal
30/12/2015 6:21:57 PM,1.537821,Normal
30/12/2015 6:22:57 PM,1.521802,Normal
30/12/2015 6:23:57 PM,1.489764,Normal
30/12/2015 6:24:57 PM,1.521802,Normal
30/12/2015 6:25:57 PM,1.457726,Normal
30/12/2015 6:26:57 PM,1.521802,Normal
30/12/2015 6:27:57 PM,1.505783,Normal
30/12/2015 6:28:57 PM,1.585878,Normal
30/12/2015 6:29:57 PM,1.601897,Normal
30/12/2015 6:30:57 PM,1.505783,Normal
30/12/2015 6:31:57 PM,1.569859,Normal
30/12/2015 6:32:57 PM,1.521802,Normal
30/12/2015 6:33:57 PM,1.489764,Normal
30/12/2015 6:34:57 PM,1.521802,Normal
30/12/2015 6:35:57 PM,1.537821,Normal
30/12/2015 6:36:57 PM,1.569859,Normal
30/12/2015 6:37:57 PM,1.505783,Normal
30/12/2015 6:38:57 PM,1.441707,Normal
30/12/2015 6:39:57 PM,1.617916,Normal
30/12/2015 6:40:57 PM,1.569859,Normal
30/12/2015 6:41:57 PM,1.569859,Normal
30/12/2015 6:42:57 PM,1.665972,Normal
30/12/2015 6:43:57 PM,1.537821,Normal
30/12/2015 6:44:57 PM,1.665972,Normal
30/12/2015 6:45:57 PM,1.649953,Normal
30/12/2015 6:46:57 PM,1.569859,Normal
30/12/2015 6:47:57 PM,1.601897,Normal
30/12/2015 6:48:57 PM,1.569859,Normal
30/12/2015 6:49:57 PM,1.425688,Normal
30/12/2015 6:50:57 PM,1.537821,Normal
30/12/2015 6:51:57 PM,1.585878,Normal
30/12/2015 6:52:57 PM,1.489764,Normal
30/12/2015 6:53:57 PM,1.537821,Normal
30/12/2015 6:54:57 PM,1.489764,Normal
30/12/2015 6:55:57 PM,1.521802,Normal
30/12/2015 6:56:57 PM,1.569859,Normal
30/12/2015 6:57:57 PM,1.489764,Normal
30/12/2015 6:58:57 PM,1.457726,Normal
30/12/2015 6:59:57 PM,1.569859,Normal
30/12/2015 7:00:57 PM,1.569859,Normal
30/12/2015 7:01:57 PM,1.537821,Normal
30/12/2015 7:02:57 PM,1.505783,Normal
30/12/2015 7:03:57 PM,1.537821,Normal
30/12/2015 7:04:57 PM,1.489764,Normal
30/12/2015 7:05:57 PM,1.649953,Normal
30/12/2015 7:06:57 PM,1.489764,Normal
30/12/2015 7:07:57 PM,1.489764,Normal
30/12/2015 7:08:57 PM,1.505783,Normal
30/12/2015 7:09:57 PM,1.489764,Normal
30/12/2015 7:10:57 PM,1.457726,Normal
30/12/2015 7:11:57 PM,1.505783,Normal
30/12/2015 7:12:57 PM,1.489764,Normal
30/12/2015 7:13:57 PM,1.569859,Normal
30/12/2015 7:14:57 PM,1.457726,Normal
30/12/2015 7:15:57 PM,1.505783,Normal
30/12/2015 7:16:57 PM,1.457726,Normal
30/12/2015 7:17:57 PM,1.521802,Normal
30/12/2015 7:18:57 PM,1.489764,Normal
30/12/2015 7:19:57 PM,1.425688,Normal
30/12/2015 7:20:57 PM,1.425688,Normal
30/12/2015 7:21:57 PM,1.505783,Normal
30/12/2015 7:22:57 PM,1.425688,Normal
30/12/2015 7:23:57 PM,1.425688,Normal
30/12/2015 7:24:57 PM,1.425688,Normal
30/12/2015 7:25:57 PM,1.425688,Normal
30/12/2015 7:26:57 PM,1.441707,Normal
30/12/2015 7:27:57 PM,1.441707,Normal
30/12/2015 7:28:57 PM,1.409669,Normal
30/12/2015 7:29:57 PM,1.425688,Normal
30/12/2015 7:30:57 PM,1.409669,Normal
30/12/2015 7:31:57 PM,1.409669,Normal
30/12/2015 7:32:57 PM,1.457726,Normal
30/12/2015 7:33:57 PM,1.441707,Normal
30/12/2015 7:34:57 PM,1.409669,Normal
30/12/2015 7:35:57 PM,1.409669,Normal
30/12/2015 7:36:57 PM,1.377631,Normal
30/12/2015 7:37:57 PM,1.521802,Normal
30/12/2015 7:38:57 PM,1.409669,Normal
30/12/2015 7:39:57 PM,1.505783,Normal
30/12/2015 7:40:57 PM,1.409669,Normal
30/12/2015 7:41:57 PM,1.409669,Normal
30/12/2015 7:42:57 PM,1.409669,Normal
30/12/2015 7:43:57 PM,1.409669,Normal
30/12/2015 7:44:57 PM,1.425688,Normal
30/12/2015 7:45:57 PM,1.297536,Normal
30/12/2015 7:46:57 PM,1.361612,Normal
30/12/2015 7:47:57 PM,1.297536,Normal
30/12/2015 7:48:57 PM,1.377631,Normal
30/12/2015 7:49:57 PM,1.281517,Normal
30/12/2015 7:50:57 PM,1.361612,Normal
30/12/2015 7:51:57 PM,1.297536,Normal
30/12/2015 7:52:57 PM,1.281517,Normal
30/12/2015 7:53:57 PM,1.281517,Normal
30/12/2015 7:54:57 PM,1.441707,Normal
30/12/2015 7:55:57 PM,1.329574,Normal
30/12/2015 7:56:57 PM,1.409669,Normal
30/12/2015 7:57:57 PM,1.217441,Normal
30/12/2015 7:58:57 PM,1.297536,Normal
30/12/2015 7:59:57 PM,1.361612,Normal
30/12/2015 8:00:57 PM,1.297536,Normal
30/12/2015 8:01:57 PM,1.297536,Normal
30/12/2015 8:02:57 PM,1.297536,Normal
30/12/2015 8:03:57 PM,1.265498,Normal
30/12/2015 8:04:57 PM,1.297536,Normal
30/12/2015 8:05:57 PM,1.265498,Normal
30/12/2015 8:06:57 PM,1.345593,Normal
30/12/2015 8:07:57 PM,1.249479,Normal
30/12/2015 8:08:57 PM,1.265498,Normal
30/12/2015 8:09:57 PM,1.217441,Normal
30/12/2015 8:10:57 PM,1.249479,Normal
30/12/2015 8:11:57 PM,1.201422,Normal
30/12/2015 8:12:57 PM,1.201422,Normal
30/12/2015 8:13:57 PM,1.217441,Normal
30/12/2015 8:14:57 PM,1.217441,Normal
30/12/2015 8:15:57 PM,1.217441,Normal
30/12/2015 8:16:57 PM,1.201422,Normal
30/12/2015 8:17:57 PM,1.185403,Normal
30/12/2015 8:18:57 PM,1.249479,Normal
30/12/2015 8:19:57 PM,1.185403,Normal
30/12/2015 8:20:57 PM,1.169384,Normal
30/12/2015 8:21:57 PM,1.137347,Normal
30/12/2015 8:22:57 PM,1.137347,Normal
30/12/2015 8:23:57 PM,1.185403,Normal
30/12/2015 8:24:57 PM,1.169384,Normal
30/12/2015 8:25:57 PM,1.185403,Normal
30/12/2015 8:26:57 PM,1.057252,Normal
30/12/2015 8:27:57 PM,1.121328,Normal
30/12/2015 8:28:57 PM,1.08929,Normal
30/12/2015 8:29:57 PM,1.08929,Normal
30/12/2015 8:30:57 PM,1.057252,Normal
30/12/2015 8:31:57 PM,1.025214,Normal
30/12/2015 8:32:57 PM,1.121328,Normal
30/12/2015 8:33:57 PM,1.08929,Normal
30/12/2015 8:34:57 PM,1.105309,Normal
30/12/2015 8:35:57 PM,1.057252,Normal
30/12/2015 8:36:57 PM,1.057252,Normal
30/12/2015 8:37:57 PM,1.08929,Normal
30/12/2015 8:38:57 PM,1.057252,Normal
30/12/2015 8:39:57 PM,1.009195,Normal
30/12/2015 8:40:57 PM,0.9771569,Normal
30/12/2015 8:41:57 PM,1.041233,Normal
30/12/2015 8:42:57 PM,1.041233,Normal
30/12/2015 8:43:57 PM,1.057252,Normal
30/12/2015 8:44:57 PM,1.057252,Normal
30/12/2015 8:45:57 PM,1.041233,Normal
30/12/2015 8:46:57 PM,1.057252,Normal
30/12/2015 8:47:57 PM,1.169384,Normal
30/12/2015 8:48:57 PM,1.041233,Normal
30/12/2015 8:49:57 PM,1.105309,Normal
30/12/2015 8:50:57 PM,1.08929,Normal
30/12/2015 8:51:57 PM,1.041233,Normal
30/12/2015 8:52:57 PM,1.041233,Normal
30/12/2015 8:53:57 PM,1.057252,Normal
30/12/2015 8:54:57 PM,1.041233,Normal
30/12/2015 8:55:57 PM,1.08929,Normal
30/12/2015 8:56:57 PM,1.041233,Normal
30/12/2015 8:57:57 PM,1.057252,Normal
30/12/2015 8:58:57 PM,1.121328,Normal
30/12/2015 8:59:57 PM,1.041233,Normal
30/12/2015 9:00:57 PM,1.057252,Normal
30/12/2015 9:01:57 PM,0.9771569,Normal
30/12/2015 9:02:57 PM,1.025214,Normal
30/12/2015 9:03:57 PM,1.025214,Normal
30/12/2015 9:04:57 PM,1.025214,Normal
30/12/2015 9:05:57 PM,1.009195,Normal
30/12/2015 9:06:57 PM,1.057252,Normal
30/12/2015 9:07:57 PM,1.041233,Normal
30/12/2015 9:08:57 PM,1.009195,Normal
30/12/2015 9:09:57 PM,1.025214,Normal
30/12/2015 9:10:57 PM,1.025214,Normal
30/12/2015 9:11:57 PM,1.025214,Normal
30/12/2015 9:12:57 PM,0.945119,Normal
30/12/2015 9:13:57 PM,0.9771569,Normal
30/12/2015 9:14:57 PM,1.009195,Normal
30/12/2015 9:15:57 PM,1.009195,Normal
30/12/2015 9:16:57 PM,1.025214,Normal
30/12/2015 9:17:57 PM,1.025214,Normal
30/12/2015 9:18:57 PM,0.9771569,Normal
30/12/2015 9:19:57 PM,0.945119,Normal
30/12/2015 9:20:57 PM,1.009195,Normal
30/12/2015 9:21:57 PM,1.025214,Normal
30/12/2015 9:22:57 PM,1.025214,Normal
30/12/2015 9:23:57 PM,0.9771569,Normal
30/12/2015 9:24:57 PM,1.009195,Normal
30/12/2015 9:25:57 PM,0.945119,Normal
30/12/2015 9:26:57 PM,1.025214,Normal
30/12/2015 9:27:57 PM,0.9771569,Normal
30/12/2015 9:28:57 PM,0.9771569,Normal
30/12/2015 9:29:57 PM,0.9771569,Normal
30/12/2015 9:30:57 PM,0.9771569,Normal
30/12/2015 9:31:57 PM,1.025214,Normal
30/12/2015 9:32:57 PM,0.9771569,Normal
30/12/2015 9:33:57 PM,0.945119,Normal
30/12/2015 9:34:57 PM,0.9771569,Normal
30/12/2015 9:35:57 PM,0.961138,Normal
30/12/2015 9:36:57 PM,0.9771569,Normal
30/12/2015 9:37:57 PM,1.009195,Normal
30/12/2015 9:38:57 PM,0.945119,Normal
30/12/2015 9:39:57 PM,0.945119,Normal
30/12/2015 9:40:57 PM,0.945119,Normal
30/12/2015 9:41:57 PM,1.009195,Normal
30/12/2015 9:42:57 PM,1.009195,Normal
30/12/2015 9:43:57 PM,0.945119,Normal
30/12/2015 9:44:57 PM,0.8810431,Normal
30/12/2015 9:45:57 PM,0.961138,Normal
30/12/2015 9:46:57 PM,0.945119,Normal
30/12/2015 9:47:57 PM,0.961138,Normal
30/12/2015 9:48:57 PM,0.961138,Normal
30/12/2015 9:49:57 PM,0.945119,Normal
30/12/2015 9:50:57 PM,0.945119,Normal
30/12/2015 9:51:57 PM,0.961138,Normal
30/12/2015 9:52:57 PM,0.945119,Normal
30/12/2015 9:53:57 PM,0.945119,Normal
30/12/2015 9:54:57 PM,1.009195,Normal
30/12/2015 9:55:57 PM,0.961138,Normal
30/12/2015 9:56:57 PM,0.961138,Normal
30/12/2015 9:57:57 PM,0.961138,Normal
30/12/2015 9:58:57 PM,0.9771569,Normal
30/12/2015 9:59:57 PM,0.9771569,Normal
30/12/2015 10:00:57 PM,1.009195,Normal
30/12/2015 10:01:57 PM,1.025214,Normal
30/12/2015 10:02:57 PM,0.945119,Normal
30/12/2015 10:03:57 PM,0.945119,Normal
30/12/2015 10:04:57 PM,0.961138,Normal
30/12/2015 10:05:57 PM,1.009195,Normal
30/12/2015 10:06:57 PM,0.9291,Normal
30/12/2015 10:07:57 PM,0.9771569,Normal
30/12/2015 10:08:57 PM,0.945119,Normal
30/12/2015 10:09:57 PM,0.945119,Normal
30/12/2015 10:10:57 PM,0.8169672,Normal
30/12/2015 10:11:57 PM,0.8810431,Normal
30/12/2015 10:12:57 PM,0.961138,Normal
30/12/2015 10:13:57 PM,0.961138,Normal
30/12/2015 10:14:57 PM,0.9291,Normal
30/12/2015 10:15:57 PM,0.8810431,Normal
30/12/2015 10:16:57 PM,0.8810431,Normal
30/12/2015 10:17:57 PM,0.9291,Normal
30/12/2015 10:18:57 PM,0.961138,Normal
30/12/2015 10:19:57 PM,0.9291,Normal
30/12/2015 10:20:57 PM,0.8650241,Normal
30/12/2015 10:21:57 PM,0.8810431,Normal
30/12/2015 10:22:57 PM,0.8810431,Normal
30/12/2015 10:23:57 PM,0.9291,Normal
30/12/2015 10:24:57 PM,0.945119,Normal
30/12/2015 10:25:57 PM,0.8490052,Normal
30/12/2015 10:26:57 PM,0.961138,Normal
30/12/2015 10:27:57 PM,1.009195,Normal
30/12/2015 10:28:57 PM,0.9291,Normal
30/12/2015 10:29:57 PM,0.8970621,Normal
30/12/2015 10:30:57 PM,0.9291,Normal
30/12/2015 10:31:57 PM,0.8650241,Normal
30/12/2015 10:32:57 PM,0.7849293,Normal
30/12/2015 10:33:57 PM,0.9291,Normal
30/12/2015 10:34:57 PM,0.8650241,Normal
30/12/2015 10:35:57 PM,0.8169672,Normal
30/12/2015 10:36:57 PM,0.8970621,Normal
30/12/2015 10:37:57 PM,0.8810431,Normal
30/12/2015 10:38:57 PM,0.8970621,Normal
30/12/2015 10:39:57 PM,0.8810431,Normal
30/12/2015 10:40:57 PM,0.7689104,Normal
30/12/2015 10:41:57 PM,0.7689104,Normal
30/12/2015 10:42:57 PM,0.945119,Normal
30/12/2015 10:43:57 PM,0.8810431,Normal
30/12/2015 10:44:57 PM,0.8970621,Normal
30/12/2015 10:45:57 PM,0.8970621,Normal
30/12/2015 10:46:57 PM,0.961138,Normal
30/12/2015 10:47:57 PM,0.9291,Normal
30/12/2015 10:48:57 PM,0.8810431,Normal
30/12/2015 10:49:57 PM,0.8009483,Normal
30/12/2015 10:50:57 PM,0.8970621,Normal
30/12/2015 10:51:57 PM,0.8970621,Normal
30/12/2015 10:52:57 PM,0.8970621,Normal
30/12/2015 10:53:57 PM,0.8009483,Normal
30/12/2015 10:54:57 PM,0.8810431,Normal
30/12/2015 10:55:57 PM,0.8009483,Normal
30/12/2015 10:56:57 PM,0.8810431,Normal
30/12/2015 10:57:57 PM,0.961138,Normal
30/12/2015 10:58:57 PM,0.8810431,Normal
30/12/2015 10:59:57 PM,0.8490052,Normal
30/12/2015 11:00:57 PM,0.8810431,Normal
30/12/2015 11:01:57 PM,0.8169672,Normal
30/12/2015 11:02:57 PM,0.8650241,Normal
30/12/2015 11:03:57 PM,0.8490052,Normal
30/12/2015 11:04:57 PM,0.8970621,Normal
30/12/2015 11:05:57 PM,0.8650241,Normal
30/12/2015 11:06:57 PM,0.8810431,Normal
30/12/2015 11:07:57 PM,0.9291,Normal
30/12/2015 11:08:57 PM,0.8490052,Normal
30/12/2015 11:09:57 PM,0.8810431,Normal
30/12/2015 11:10:57 PM,0.8169672,Normal
30/12/2015 11:11:57 PM,0.8009483,Normal
30/12/2015 11:12:57 PM,0.8490052,Normal
30/12/2015 11:13:57 PM,0.8009483,Normal
30/12/2015 11:14:57 PM,0.8650241,Normal
30/12/2015 11:15:57 PM,0.8490052,Normal
30/12/2015 11:16:57 PM,0.8650241,Normal
30/12/2015 11:17:57 PM,0.8810431,Normal
30/12/2015 11:18:57 PM,0.8490052,Normal
30/12/2015 11:19:57 PM,0.945119,Normal
30/12/2015 11:20:57 PM,0.8650241,Normal
30/12/2015 11:21:57 PM,0.8490052,Normal
30/12/2015 11:22:57 PM,0.8650241,Normal
30/12/2015 11:23:57 PM,0.945119,Normal
30/12/2015 11:24:57 PM,0.8810431,Normal
30/12/2015 11:25:57 PM,0.8169672,Normal
30/12/2015 11:26:57 PM,0.8490052,Normal
30/12/2015 11:27:57 PM,0.8490052,Normal
30/12/2015 11:28:57 PM,0.8009483,Normal
30/12/2015 11:29:57 PM,0.8970621,Normal
30/12/2015 11:30:57 PM,0.945119,Normal
30/12/2015 11:31:57 PM,0.8650241,Normal
30/12/2015 11:32:57 PM,0.7849293,Normal
30/12/2015 11:33:57 PM,0.8650241,Normal
30/12/2015 11:34:57 PM,0.8810431,Normal
30/12/2015 11:35:57 PM,0.8810431,Normal
30/12/2015 11:36:57 PM,0.8650241,Normal
30/12/2015 11:37:57 PM,0.8970621,Normal
30/12/2015 11:38:57 PM,0.8490052,Normal
30/12/2015 11:39:57 PM,0.8810431,Normal
30/12/2015 11:40:57 PM,0.8169672,Normal
30/12/2015 11:41:57 PM,0.8169672,Normal
30/12/2015 11:42:57 PM,0.8650241,Normal
30/12/2015 11:43:57 PM,0.8009483,Normal
30/12/2015 11:44:57 PM,0.7849293,Normal
30/12/2015 11:45:57 PM,0.8169672,Normal
30/12/2015 11:46:57 PM,0.8009483,Normal
30/12/2015 11:47:57 PM,0.8650241,Normal
30/12/2015 11:48:57 PM,0.8490052,Normal
30/12/2015 11:49:57 PM,0.7849293,Normal
30/12/2015 11:50:57 PM,0.8169672,Normal
30/12/2015 11:51:57 PM,0.8169672,Normal
30/12/2015 11:52:57 PM,0.8650241,Normal
30/12/2015 11:53:57 PM,0.8650241,Normal
30/12/2015 11:54:57 PM,0.8650241,Normal
30/12/2015 11:55:57 PM,0.8970621,Normal
30/12/2015 11:56:57 PM,0.8970621,Normal
30/12/2015 11:57:57 PM,0.8970621,Normal
30/12/2015 11:58:57 PM,0.8970621,Normal
30/12/2015 11:59:57 PM,0.9291,Normal
31/12/2015 12:00:57 AM,0.8810431,Normal
31/12/2015 12:01:57 AM,0.8490052,Normal
31/12/2015 12:02:57 AM,0.8490052,Normal
31/12/2015 12:03:57 AM,0.8810431,Normal
31/12/2015 12:04:57 AM,0.9291,Normal
31/12/2015 12:05:57 AM,0.8490052,Normal
31/12/2015 12:06:57 AM,0.8810431,Normal
31/12/2015 12:07:57 AM,0.8810431,Normal
31/12/2015 12:08:57 AM,0.8169672,Normal
31/12/2015 12:09:57 AM,0.8490052,Normal
31/12/2015 12:10:57 AM,0.8169672,Normal
31/12/2015 12:11:57 AM,0.8169672,Normal
31/12/2015 12:12:57 AM,0.8009483,Normal
31/12/2015 12:13:57 AM,0.8009483,Normal
31/12/2015 12:14:57 AM,0.8810431,Normal
31/12/2015 12:15:57 AM,0.8810431,Normal
31/12/2015 12:16:57 AM,0.8169672,Normal
31/12/2015 12:17:57 AM,0.8169672,Normal
31/12/2015 12:18:57 AM,0.7849293,Normal
31/12/2015 12:19:57 AM,0.8970621,Normal
31/12/2015 12:20:57 AM,0.8169672,Normal
31/12/2015 12:21:57 AM,0.8009483,Normal
31/12/2015 12:22:57 AM,0.7849293,Normal
31/12/2015 12:23:57 AM,0.8810431,Normal
31/12/2015 12:24:57 AM,0.8169672,Normal
31/12/2015 12:25:57 AM,0.8169672,Normal
31/12/2015 12:26:57 AM,0.8169672,Normal
31/12/2015 12:27:57 AM,0.8169672,Normal
31/12/2015 12:28:57 AM,0.8169672,Normal
31/12/2015 12:29:57 AM,0.8810431,Normal
31/12/2015 12:30:57 AM,0.8009483,Normal
31/12/2015 12:31:57 AM,0.8169672,Normal
31/12/2015 12:32:57 AM,0.8169672,Normal
31/12/2015 12:33:57 AM,0.8009483,Normal
31/12/2015 12:34:57 AM,0.8169672,Normal
31/12/2015 12:35:57 AM,0.8169672,Normal
31/12/2015 12:36:57 AM,0.8169672,Normal
31/12/2015 12:37:57 AM,0.8009483,Normal
31/12/2015 12:38:57 AM,0.8009483,Normal
31/12/2015 12:39:57 AM,0.945119,Normal
31/12/2015 12:40:57 AM,0.8169672,Normal
31/12/2015 12:41:57 AM,0.7849293,Normal
31/12/2015 12:42:57 AM,0.8009483,Normal
31/12/2015 12:43:57 AM,0.8490052,Normal
31/12/2015 12:44:57 AM,0.8810431,Normal
31/12/2015 12:45:57 AM,0.8169672,Normal
31/12/2015 12:46:57 AM,0.7689104,Normal
31/12/2015 12:47:57 AM,0.8169672,Normal
31/12/2015 12:48:57 AM,0.8169672,Normal
31/12/2015 12:49:57 AM,0.8490052,Normal
31/12/2015 12:50:57 AM,0.8970621,Normal
31/12/2015 12:51:57 AM,0.8169672,Normal
31/12/2015 12:52:57 AM,0.8490052,Normal
31/12/2015 12:53:57 AM,0.8490052,Normal
31/12/2015 12:54:57 AM,0.8009483,Normal
31/12/2015 12:55:57 AM,0.7849293,Normal
31/12/2015 12:56:57 AM,0.7849293,Normal
31/12/2015 12:57:57 AM,0.8169672,Normal
31/12/2015 12:58:57 AM,0.8169672,Normal
31/12/2015 12:59:57 AM,0.7849293,Normal
31/12/2015 1:00:57 AM,0.8169672,Normal
31/12/2015 1:01:57 AM,0.7849293,Normal
31/12/2015 1:02:57 AM,0.8490052,Normal
31/12/2015 1:03:57 AM,0.8490052,Normal
31/12/2015 1:04:57 AM,0.8009483,Normal
31/12/2015 1:05:57 AM,0.8169672,Normal
31/12/2015 1:06:57 AM,0.8169672,Normal
31/12/2015 1:07:57 AM,0.8169672,Normal
31/12/2015 1:08:57 AM,0.8970621,Normal
31/12/2015 1:09:57 AM,0.8490052,Normal
31/12/2015 1:10:57 AM,0.8169672,Normal
31/12/2015 1:11:57 AM,0.8169672,Normal
31/12/2015 1:12:57 AM,0.8169672,Normal
31/12/2015 1:13:57 AM,0.7849293,Normal
31/12/2015 1:14:57 AM,0.8490052,Normal
31/12/2015 1:15:57 AM,0.8490052,Normal
31/12/2015 1:16:57 AM,0.8490052,Normal
31/12/2015 11:16:17 AM,0,Normal
31/12/2015 11:17:17 AM,1.025214,Normal
31/12/2015 11:18:17 AM,1.025214,Normal
31/12/2015 11:19:17 AM,0.961138,Normal
31/12/2015 11:20:17 AM,1.041233,Normal
31/12/2015 11:21:17 AM,1.041233,Normal
31/12/2015 11:22:17 AM,1.041233,Normal
31/12/2015 11:23:17 AM,1.041233,Normal
31/12/2015 11:24:17 AM,0.945119,Normal
31/12/2015 11:25:17 AM,1.025214,Normal
31/12/2015 11:26:17 AM,1.025214,Normal
31/12/2015 11:27:17 AM,1.025214,Normal
31/12/2015 11:28:17 AM,1.041233,Normal
31/12/2015 11:29:17 AM,1.041233,Normal
31/12/2015 11:30:17 AM,1.041233,Normal
31/12/2015 11:31:17 AM,1.025214,Normal
31/12/2015 11:32:17 AM,1.025214,Normal
31/12/2015 11:33:17 AM,1.009195,Normal
31/12/2015 11:34:17 AM,1.009195,Normal
31/12/2015 11:35:17 AM,1.041233,Normal
31/12/2015 11:36:17 AM,1.009195,Normal
31/12/2015 11:37:17 AM,1.025214,Normal
31/12/2015 11:38:17 AM,1.009195,Normal
31/12/2015 11:39:17 AM,1.009195,Normal
31/12/2015 11:40:17 AM,0.945119,Normal
31/12/2015 11:41:17 AM,1.009195,Normal
31/12/2015 11:42:17 AM,0.9771569,Normal
31/12/2015 11:43:17 AM,0.961138,Normal
31/12/2015 11:44:17 AM,1.041233,Normal
31/12/2015 11:45:17 AM,0.9771569,Normal
31/12/2015 11:46:17 AM,0.9771569,Normal
31/12/2015 11:47:17 AM,0.9291,Normal
31/12/2015 11:48:17 AM,0.945119,Normal
31/12/2015 11:49:17 AM,0.961138,Normal
31/12/2015 11:50:17 AM,0.961138,Normal
31/12/2015 11:51:17 AM,0.8970621,Normal
31/12/2015 11:52:17 AM,0.8970621,Normal
31/12/2015 11:53:17 AM,0.8650241,Normal
31/12/2015 11:54:17 AM,0.9291,Normal
31/12/2015 11:55:17 AM,0.8810431,Normal
31/12/2015 11:56:17 AM,0.8970621,Normal
31/12/2015 11:57:17 AM,0.8169672,Normal
31/12/2015 11:58:17 AM,0.9771569,Normal
31/12/2015 11:59:17 AM,0.8650241,Normal
31/12/2015 12:00:17 PM,0.8490052,Normal
31/12/2015 12:01:17 PM,0.9291,Normal
31/12/2015 12:02:17 PM,0.8650241,Normal
31/12/2015 12:03:17 PM,0.945119,Normal
31/12/2015 12:04:17 PM,0.9291,Normal
31/12/2015 12:05:17 PM,0.961138,Normal
31/12/2015 12:06:17 PM,0.9771569,Normal
31/12/2015 12:07:17 PM,0.945119,Normal
31/12/2015 12:08:17 PM,0.961138,Normal
31/12/2015 12:09:17 PM,1.041233,Normal
31/12/2015 12:10:17 PM,0.961138,Normal
31/12/2015 12:11:17 PM,0.961138,Normal
31/12/2015 12:12:17 PM,0.945119,Normal
31/12/2015 12:13:17 PM,0.945119,Normal
31/12/2015 12:14:17 PM,1.025214,Normal
31/12/2015 12:15:17 PM,0.8970621,Normal
31/12/2015 12:16:17 PM,0.9291,Normal
31/12/2015 12:17:17 PM,1.025214,Normal
31/12/2015 12:18:17 PM,1.041233,Normal
31/12/2015 12:19:17 PM,0.961138,Normal
31/12/2015 12:20:17 PM,1.009195,Normal
31/12/2015 12:21:17 PM,0.945119,Normal
31/12/2015 12:22:17 PM,0.9291,Normal
31/12/2015 12:23:17 PM,1.009195,Normal
31/12/2015 12:24:17 PM,1.025214,Normal
31/12/2015 12:25:17 PM,1.025214,Normal
31/12/2015 12:26:17 PM,1.009195,Normal
31/12/2015 12:27:17 PM,0.961138,Normal
31/12/2015 12:28:17 PM,0.945119,Normal
31/12/2015 12:29:17 PM,0.9291,Normal
31/12/2015 12:30:17 PM,0.945119,Normal
31/12/2015 12:31:17 PM,0.961138,Normal
31/12/2015 12:32:17 PM,0.8970621,Normal
31/12/2015 12:33:17 PM,0.961138,Normal
31/12/2015 12:34:17 PM,0.9771569,Normal
31/12/2015 12:35:17 PM,0.8810431,Normal
31/12/2015 12:36:17 PM,0.8970621,Normal
31/12/2015 12:37:17 PM,0.8490052,Normal
31/12/2015 12:38:17 PM,0.961138,Normal
31/12/2015 12:39:17 PM,0.961138,Normal
31/12/2015 12:40:17 PM,0.945119,Normal
31/12/2015 12:41:17 PM,0.9771569,Normal
31/12/2015 12:42:17 PM,0.961138,Normal
31/12/2015 12:43:17 PM,0.945119,Normal
31/12/2015 12:44:17 PM,0.9771569,Normal
31/12/2015 12:45:17 PM,0.945119,Normal
31/12/2015 12:46:17 PM,1.009195,Normal
31/12/2015 12:47:17 PM,0.9771569,Normal
31/12/2015 12:48:17 PM,0.945119,Normal
31/12/2015 12:49:17 PM,0.961138,Normal
31/12/2015 12:50:17 PM,0.9771569,Normal
31/12/2015 12:51:17 PM,0.9771569,Normal
31/12/2015 12:52:17 PM,1.009195,Normal
31/12/2015 12:53:17 PM,1.025214,Normal
31/12/2015 12:54:17 PM,0.961138,Normal
31/12/2015 12:55:17 PM,0.9291,Normal
31/12/2015 12:56:17 PM,0.945119,Normal
31/12/2015 12:57:17 PM,0.945119,Normal
31/12/2015 12:58:17 PM,0.9291,Normal
31/12/2015 12:59:17 PM,0.945119,Normal
31/12/2015 1:00:17 PM,0.9291,Normal
31/12/2015 1:01:17 PM,0.9291,Normal
31/12/2015 1:02:17 PM,0.8970621,Normal
31/12/2015 1:03:17 PM,0.8810431,Normal
31/12/2015 1:04:17 PM,0.9291,Normal
31/12/2015 1:05:17 PM,0.8810431,Normal
31/12/2015 1:06:17 PM,0.9291,Normal
31/12/2015 1:07:17 PM,0.8970621,Normal
31/12/2015 1:08:17 PM,0.9771569,Normal
31/12/2015 1:09:17 PM,0.961138,Normal
31/12/2015 1:10:17 PM,0.8970621,Normal
31/12/2015 1:11:17 PM,0.945119,Normal
31/12/2015 1:12:17 PM,1.057252,Normal
31/12/2015 1:13:17 PM,0.8650241,Normal
31/12/2015 1:14:17 PM,0.8650241,Normal
31/12/2015 1:15:17 PM,0.945119,Normal
31/12/2015 1:16:17 PM,1.025214,Normal
31/12/2015 1:17:17 PM,0.9771569,Normal
31/12/2015 1:18:17 PM,0.961138,Normal
31/12/2015 1:19:17 PM,0.961138,Normal
31/12/2015 1:20:17 PM,1.009195,Normal
31/12/2015 1:21:17 PM,0.8970621,Normal
31/12/2015 1:22:17 PM,0.9771569,Normal
31/12/2015 1:23:17 PM,0.9771569,Normal
31/12/2015 1:24:17 PM,0.961138,Normal
31/12/2015 1:25:17 PM,0.945119,Normal
31/12/2015 1:26:17 PM,0.945119,Normal
31/12/2015 1:27:17 PM,0.961138,Normal
31/12/2015 1:28:17 PM,0.961138,Normal
31/12/2015 1:29:17 PM,0.961138,Normal
31/12/2015 1:30:17 PM,0.8970621,Normal
31/12/2015 1:31:17 PM,0.945119,Normal
31/12/2015 1:32:17 PM,0.8970621,Normal
31/12/2015 1:33:17 PM,1.057252,Normal
31/12/2015 1:34:17 PM,0.961138,Normal
31/12/2015 1:35:17 PM,0.961138,Normal
31/12/2015 1:36:17 PM,0.961138,Normal
31/12/2015 1:37:17 PM,0.9771569,Normal
31/12/2015 1:38:17 PM,0.9291,Normal
31/12/2015 1:39:17 PM,0.961138,Normal
31/12/2015 1:40:17 PM,0.961138,Normal
31/12/2015 1:41:17 PM,0.9771569,Normal
31/12/2015 1:42:17 PM,0.9771569,Normal
31/12/2015 1:43:17 PM,0.945119,Normal
31/12/2015 1:44:17 PM,0.9771569,Normal
31/12/2015 1:45:17 PM,0.9771569,Normal
31/12/2015 1:46:17 PM,0.945119,Normal
31/12/2015 1:47:17 PM,0.9771569,Normal
31/12/2015 1:48:17 PM,0.9771569,Normal
31/12/2015 1:49:17 PM,0.9291,Normal
31/12/2015 1:50:17 PM,0.9771569,Normal
31/12/2015 1:51:17 PM,0.9771569,Normal
31/12/2015 1:52:17 PM,0.961138,Normal
31/12/2015 1:53:17 PM,0.961138,Normal
31/12/2015 1:54:17 PM,1.041233,Normal
31/12/2015 1:55:17 PM,0.8970621,Normal
31/12/2015 1:56:17 PM,0.961138,Normal
31/12/2015 1:57:17 PM,0.9771569,Normal
31/12/2015 1:58:17 PM,1.041233,Normal
31/12/2015 1:59:17 PM,0.9771569,Normal
31/12/2015 2:00:17 PM,0.9291,Normal
31/12/2015 2:01:17 PM,0.8810431,Normal
31/12/2015 2:02:17 PM,0.961138,Normal
31/12/2015 2:03:17 PM,0.9291,Normal
31/12/2015 2:04:17 PM,0.8810431,Normal
31/12/2015 2:05:17 PM,0.9291,Normal
31/12/2015 2:06:17 PM,0.9291,Normal
31/12/2015 2:07:17 PM,0.8970621,Normal
31/12/2015 2:08:17 PM,0.961138,Normal
31/12/2015 2:09:17 PM,0.8810431,Normal
31/12/2015 2:10:17 PM,0.961138,Normal
31/12/2015 2:11:17 PM,0.9291,Normal
31/12/2015 2:12:17 PM,1.009195,Normal
31/12/2015 2:13:17 PM,1.009195,Normal
31/12/2015 2:14:17 PM,1.041233,Normal
31/12/2015 2:15:17 PM,0.961138,Normal
31/12/2015 2:16:17 PM,0.9771569,Normal
31/12/2015 2:17:17 PM,0.9771569,Normal
31/12/2015 2:18:17 PM,0.9771569,Normal
31/12/2015 2:19:17 PM,0.8810431,Normal
31/12/2015 2:20:17 PM,0.945119,Normal
31/12/2015 2:21:17 PM,0.9771569,Normal
31/12/2015 2:22:17 PM,0.9771569,Normal
31/12/2015 2:23:17 PM,0.9771569,Normal
31/12/2015 2:24:17 PM,0.9771569,Normal
31/12/2015 2:25:17 PM,0.9771569,Normal
31/12/2015 2:26:17 PM,0.9771569,Normal
31/12/2015 2:27:17 PM,1.025214,Normal
31/12/2015 2:28:17 PM,0.961138,Normal
31/12/2015 2:29:17 PM,1.009195,Normal
31/12/2015 2:30:17 PM,1.009195,Normal
31/12/2015 2:31:17 PM,1.009195,Normal
31/12/2015 2:32:17 PM,1.009195,Normal
31/12/2015 2:33:17 PM,1.009195,Normal
31/12/2015 2:34:17 PM,0.9771569,Normal
31/12/2015 2:35:17 PM,0.9771569,Normal
31/12/2015 2:36:17 PM,1.041233,Normal
31/12/2015 2:37:17 PM,1.009195,Normal
31/12/2015 2:38:17 PM,1.025214,Normal
31/12/2015 2:39:17 PM,0.9771569,Normal
31/12/2015 2:40:17 PM,0.9771569,Normal
31/12/2015 2:41:17 PM,1.009195,Normal
31/12/2015 2:42:17 PM,1.009195,Normal
31/12/2015 2:43:17 PM,1.009195,Normal
31/12/2015 2:44:17 PM,1.009195,Normal
31/12/2015 2:45:17 PM,1.009195,Normal
31/12/2015 2:46:17 PM,0.961138,Normal
31/12/2015 2:47:17 PM,0.9771569,Normal
31/12/2015 2:48:17 PM,1.025214,Normal
31/12/2015 2:49:17 PM,1.009195,Normal
31/12/2015 2:50:17 PM,1.009195,Normal
31/12/2015 2:51:17 PM,0.9771569,Normal
31/12/2015 2:52:17 PM,1.025214,Normal
31/12/2015 2:53:17 PM,1.025214,Normal
31/12/2015 2:54:17 PM,1.025214,Normal
31/12/2015 2:55:17 PM,0.9771569,Normal
31/12/2015 2:56:17 PM,1.041233,Normal
31/12/2015 2:57:17 PM,1.025214,Normal
31/12/2015 2:58:17 PM,1.025214,Normal
31/12/2015 2:59:17 PM,1.025214,Normal
31/12/2015 3:00:17 PM,1.025214,Normal
31/12/2015 3:01:17 PM,1.025214,Normal
31/12/2015 3:02:17 PM,0.9771569,Normal
31/12/2015 3:03:17 PM,1.025214,Normal
31/12/2015 3:04:17 PM,1.025214,Normal
31/12/2015 3:05:17 PM,1.025214,Normal
31/12/2015 3:06:17 PM,1.025214,Normal
31/12/2015 3:07:17 PM,1.025214,Normal
31/12/2015 3:08:17 PM,1.025214,Normal
31/12/2015 3:09:17 PM,1.025214,Normal
31/12/2015 3:10:17 PM,1.009195,Normal
31/12/2015 3:11:17 PM,0.945119,Normal
31/12/2015 3:12:17 PM,0.961138,Normal
31/12/2015 3:13:17 PM,1.009195,Normal
31/12/2015 3:14:17 PM,0.9771569,Normal
31/12/2015 3:15:17 PM,1.009195,Normal
31/12/2015 3:16:17 PM,1.009195,Normal
31/12/2015 3:17:17 PM,1.009195,Normal
31/12/2015 3:18:17 PM,0.9771569,Normal
31/12/2015 3:19:17 PM,0.9771569,Normal
31/12/2015 3:20:17 PM,0.9771569,Normal
31/12/2015 3:21:17 PM,1.009195,Normal
31/12/2015 3:22:17 PM,1.009195,Normal
31/12/2015 3:23:17 PM,1.009195,Normal
31/12/2015 3:24:17 PM,0.961138,Normal
31/12/2015 3:25:17 PM,1.025214,Normal
31/12/2015 3:26:17 PM,1.08929,Normal
31/12/2015 3:27:17 PM,1.009195,Normal
31/12/2015 3:28:17 PM,1.009195,Normal
31/12/2015 3:29:17 PM,1.009195,Normal
31/12/2015 3:30:17 PM,1.009195,Normal
31/12/2015 3:31:17 PM,1.041233,Normal
31/12/2015 3:34:18 PM,1.009195,Normal
31/12/2015 3:35:18 PM,1.009195,Normal
31/12/2015 3:36:18 PM,0.961138,Normal
31/12/2015 3:37:18 PM,1.009195,Normal
31/12/2015 3:38:18 PM,1.041233,Normal
31/12/2015 3:39:18 PM,0.945119,Normal
31/12/2015 3:40:18 PM,0.9771569,Normal
31/12/2015 3:41:18 PM,0.961138,Normal
31/12/2015 3:42:18 PM,1.025214,Normal
31/12/2015 3:43:18 PM,0.9291,Normal
31/12/2015 3:44:18 PM,0.9771569,Normal
31/12/2015 3:45:18 PM,0.9771569,Normal
31/12/2015 3:46:18 PM,0.9771569,Normal
31/12/2015 3:47:18 PM,0.9771569,Normal
31/12/2015 4:07:49 PM,0.945119,Normal
31/12/2015 4:08:49 PM,0.961138,Normal
31/12/2015 4:09:49 PM,0.9771569,Normal
31/12/2015 4:10:49 PM,1.041233,Normal
31/12/2015 4:11:49 PM,0.9771569,Normal
31/12/2015 4:12:49 PM,1.009195,Normal
31/12/2015 4:13:49 PM,0.961138,Normal
31/12/2015 4:14:49 PM,1.025214,Normal
31/12/2015 4:15:49 PM,1.025214,Normal
31/12/2015 4:16:49 PM,1.009195,Normal
31/12/2015 4:17:49 PM,1.009195,Normal
31/12/2015 4:18:49 PM,1.009195,Normal
31/12/2015 4:19:49 PM,0.961138,Normal
31/12/2015 4:20:49 PM,0.961138,Normal
31/12/2015 4:21:49 PM,0.9771569,Normal
31/12/2015 4:22:49 PM,0.9771569,Normal
31/12/2015 4:23:49 PM,0.961138,Normal
31/12/2015 4:24:49 PM,0.961138,Normal
31/12/2015 4:25:49 PM,1.009195,Normal
31/12/2015 4:26:49 PM,0.945119,Normal
31/12/2015 4:27:49 PM,1.041233,Normal
31/12/2015 4:28:49 PM,1.009195,Normal
31/12/2015 4:29:49 PM,1.009195,Normal
31/12/2015 4:30:49 PM,1.057252,Normal
31/12/2015 4:31:49 PM,1.025214,Normal
31/12/2015 4:32:49 PM,0.9771569,Normal
31/12/2015 4:33:49 PM,0.9771569,Normal
31/12/2015 4:34:49 PM,0.9771569,Normal
31/12/2015 4:35:49 PM,1.009195,Normal
31/12/2015 4:36:49 PM,1.025214,Normal
31/12/2015 4:37:49 PM,1.025214,Normal
31/12/2015 4:38:49 PM,1.041233,Normal
31/12/2015 4:39:49 PM,1.025214,Normal
31/12/2015 4:40:49 PM,1.025214,Normal
31/12/2015 4:41:49 PM,1.025214,Normal
31/12/2015 4:42:49 PM,1.009195,Normal
31/12/2015 4:43:49 PM,0.9771569,Normal
31/12/2015 4:44:49 PM,0.961138,Normal
31/12/2015 4:45:49 PM,1.025214,Normal
31/12/2015 4:46:49 PM,1.009195,Normal
31/12/2015 4:47:49 PM,1.009195,Normal
31/12/2015 4:48:49 PM,1.009195,Normal
31/12/2015 4:49:49 PM,0.9771569,Normal
31/12/2015 4:50:49 PM,1.041233,Normal
31/12/2015 4:51:49 PM,1.009195,Normal
31/12/2015 4:52:49 PM,1.009195,Normal
31/12/2015 4:53:49 PM,1.009195,Normal
31/12/2015 4:54:49 PM,1.057252,Normal
31/12/2015 4:55:49 PM,1.025214,Normal
31/12/2015 4:56:49 PM,1.041233,Normal
31/12/2015 4:57:49 PM,1.009195,Normal
31/12/2015 4:58:49 PM,1.009195,Normal
31/12/2015 4:59:49 PM,1.025214,Normal
31/12/2015 5:00:49 PM,1.009195,Normal
31/12/2015 5:01:49 PM,1.009195,Normal
31/12/2015 5:02:49 PM,1.009195,Normal
31/12/2015 5:03:49 PM,1.009195,Normal
31/12/2015 5:04:49 PM,1.009195,Normal
31/12/2015 5:05:49 PM,1.009195,Normal
31/12/2015 5:06:49 PM,1.025214,Normal
31/12/2015 5:07:49 PM,1.025214,Normal
31/12/2015 5:08:49 PM,0.9771569,Normal
31/12/2015 5:09:49 PM,1.009195,Normal
31/12/2015 5:10:49 PM,0.9771569,Normal
31/12/2015 5:11:49 PM,0.9771569,Normal
31/12/2015 5:12:49 PM,0.9771569,Normal
31/12/2015 5:13:49 PM,1.025214,Normal
31/12/2015 5:14:49 PM,0.9771569,Normal
31/12/2015 5:15:49 PM,0.9771569,Normal
31/12/2015 5:16:49 PM,1.009195,Normal
31/12/2015 5:17:49 PM,0.961138,Normal
31/12/2015 5:18:49 PM,0.9771569,Normal
31/12/2015 5:19:49 PM,1.009195,Normal
31/12/2015 5:20:49 PM,0.9771569,Normal
31/12/2015 5:21:49 PM,1.025214,Normal
31/12/2015 5:22:49 PM,1.025214,Normal
31/12/2015 5:23:49 PM,0.961138,Normal
31/12/2015 5:24:49 PM,0.9771569,Normal
31/12/2015 5:25:49 PM,1.009195,Normal
31/12/2015 5:26:49 PM,1.025214,Normal
31/12/2015 5:27:49 PM,1.041233,Normal
31/12/2015 5:28:49 PM,1.025214,Normal
31/12/2015 5:29:49 PM,1.08929,Normal
31/12/2015 5:30:49 PM,1.025214,Normal
31/12/2015 5:31:49 PM,1.025214,Normal
31/12/2015 5:32:49 PM,1.025214,Normal
31/12/2015 5:33:49 PM,0.9771569,Normal
31/12/2015 5:34:49 PM,0.9771569,Normal
31/12/2015 5:35:49 PM,1.009195,Normal
31/12/2015 5:36:49 PM,1.025214,Normal
31/12/2015 5:37:49 PM,0.961138,Normal
31/12/2015 5:38:49 PM,1.009195,Normal
31/12/2015 5:39:49 PM,1.009195,Normal
31/12/2015 5:40:49 PM,1.041233,Normal
31/12/2015 5:41:49 PM,0.9771569,Normal
31/12/2015 5:42:49 PM,0.9771569,Normal
31/12/2015 5:43:49 PM,0.9771569,Normal
31/12/2015 5:44:49 PM,1.009195,Normal
31/12/2015 5:45:49 PM,1.009195,Normal
31/12/2015 5:46:49 PM,0.945119,Normal
31/12/2015 5:47:49 PM,0.9771569,Normal
31/12/2015 5:48:49 PM,0.9771569,Normal
31/12/2015 5:49:49 PM,0.9771569,Normal
31/12/2015 5:50:49 PM,1.025214,Normal
31/12/2015 5:51:49 PM,0.961138,Normal
31/12/2015 5:52:49 PM,0.8970621,Normal
31/12/2015 5:53:49 PM,1.025214,Normal
31/12/2015 5:54:49 PM,0.9771569,Normal
31/12/2015 5:55:49 PM,0.9771569,Normal
31/12/2015 5:56:49 PM,0.9771569,Normal
31/12/2015 5:57:49 PM,1.025214,Normal
31/12/2015 5:58:49 PM,1.009195,Normal
31/12/2015 5:59:49 PM,1.025214,Normal
31/12/2015 6:00:49 PM,1.025214,Normal
31/12/2015 6:01:49 PM,1.009195,Normal
31/12/2015 6:02:49 PM,1.041233,Normal
31/12/2015 6:03:49 PM,1.041233,Normal
31/12/2015 6:04:49 PM,0.9771569,Normal
31/12/2015 6:05:49 PM,1.009195,Normal
31/12/2015 6:06:49 PM,1.041233,Normal
31/12/2015 6:07:49 PM,1.057252,Normal
31/12/2015 6:08:49 PM,1.025214,Normal
31/12/2015 6:09:49 PM,1.025214,Normal
31/12/2015 6:10:49 PM,1.025214,Normal
31/12/2015 6:11:49 PM,1.025214,Normal
31/12/2015 6:12:49 PM,0.9771569,Normal
31/12/2015 6:13:49 PM,1.025214,Normal
31/12/2015 6:14:49 PM,1.041233,Normal
31/12/2015 6:15:49 PM,0.961138,Normal
31/12/2015 6:16:49 PM,1.025214,Normal
31/12/2015 6:17:49 PM,0.9771569,Normal
31/12/2015 6:18:49 PM,1.041233,Normal
31/12/2015 6:19:49 PM,1.025214,Normal
31/12/2015 6:20:49 PM,0.9291,Normal
31/12/2015 6:21:49 PM,0.9771569,Normal
31/12/2015 6:22:49 PM,0.9771569,Normal
31/12/2015 6:23:49 PM,0.9771569,Normal
31/12/2015 6:24:49 PM,0.9771569,Normal
31/12/2015 6:25:49 PM,0.945119,Normal
31/12/2015 6:26:49 PM,1.025214,Normal
31/12/2015 6:27:49 PM,0.9771569,Normal
31/12/2015 6:28:49 PM,1.025214,Normal
31/12/2015 6:29:49 PM,1.009195,Normal
31/12/2015 6:30:49 PM,0.961138,Normal
31/12/2015 6:31:49 PM,1.009195,Normal
31/12/2015 6:32:49 PM,1.009195,Normal
31/12/2015 6:33:49 PM,0.961138,Normal
31/12/2015 6:34:49 PM,0.9771569,Normal
31/12/2015 6:35:49 PM,0.9771569,Normal
31/12/2015 6:36:49 PM,0.9771569,Normal
31/12/2015 6:37:49 PM,0.9771569,Normal
31/12/2015 6:38:49 PM,1.009195,Normal
31/12/2015 6:39:49 PM,1.025214,Normal
31/12/2015 6:40:49 PM,0.9771569,Normal
31/12/2015 6:41:49 PM,0.9771569,Normal
31/12/2015 6:42:49 PM,0.945119,Normal
31/12/2015 6:43:49 PM,0.9771569,Normal
31/12/2015 6:44:49 PM,0.9771569,Normal
31/12/2015 6:45:49 PM,0.8970621,Normal
31/12/2015 6:46:49 PM,0.961138,Normal
31/12/2015 6:47:49 PM,0.961138,Normal
31/12/2015 6:48:49 PM,0.9771569,Normal
31/12/2015 6:49:49 PM,0.9771569,Normal
31/12/2015 6:50:49 PM,0.8810431,Normal
31/12/2015 6:51:49 PM,0.961138,Normal
31/12/2015 6:52:49 PM,1.009195,Normal
31/12/2015 6:53:49 PM,0.961138,Normal
31/12/2015 6:54:49 PM,0.9771569,Normal
31/12/2015 6:55:49 PM,0.9291,Normal
31/12/2015 6:56:49 PM,0.8490052,Normal
31/12/2015 6:57:49 PM,0.8970621,Normal
31/12/2015 6:58:49 PM,0.945119,Normal
31/12/2015 6:59:49 PM,1.009195,Normal
31/12/2015 7:00:49 PM,1.009195,Normal
31/12/2015 7:01:49 PM,0.9291,Normal
31/12/2015 7:02:49 PM,0.8970621,Normal
31/12/2015 7:03:49 PM,0.9771569,Normal
31/12/2015 7:04:49 PM,0.961138,Normal
31/12/2015 7:05:49 PM,0.961138,Normal
31/12/2015 7:06:49 PM,1.041233,Normal
31/12/2015 7:07:49 PM,0.945119,Normal
31/12/2015 7:08:49 PM,0.9291,Normal
31/12/2015 7:09:49 PM,0.8810431,Normal
31/12/2015 7:10:49 PM,0.945119,Normal
31/12/2015 7:11:49 PM,0.961138,Normal
31/12/2015 7:12:49 PM,0.961138,Normal
31/12/2015 7:13:49 PM,0.961138,Normal
31/12/2015 7:14:49 PM,0.9291,Normal
31/12/2015 7:15:49 PM,0.961138,Normal
31/12/2015 7:16:49 PM,0.9771569,Normal
31/12/2015 7:17:49 PM,1.009195,Normal
31/12/2015 7:18:49 PM,0.945119,Normal
31/12/2015 7:19:49 PM,0.961138,Normal
31/12/2015 7:20:49 PM,0.961138,Normal
31/12/2015 7:21:49 PM,1.009195,Normal
31/12/2015 7:22:49 PM,0.9771569,Normal
31/12/2015 7:23:49 PM,0.945119,Normal
31/12/2015 7:24:49 PM,0.9771569,Normal
31/12/2015 7:25:49 PM,0.9771569,Normal
31/12/2015 7:26:49 PM,0.9771569,Normal
31/12/2015 7:27:49 PM,0.945119,Normal
31/12/2015 7:28:49 PM,0.8970621,Normal
31/12/2015 7:29:49 PM,1.009195,Normal
31/12/2015 7:30:49 PM,1.057252,Normal
31/12/2015 7:31:49 PM,1.025214,Normal
31/12/2015 7:32:49 PM,0.8970621,Normal
31/12/2015 7:33:49 PM,1.025214,Normal
31/12/2015 7:34:49 PM,0.9771569,Normal
31/12/2015 7:35:49 PM,0.9771569,Normal
31/12/2015 7:36:49 PM,0.961138,Normal
31/12/2015 7:37:49 PM,0.961138,Normal
31/12/2015 7:38:49 PM,0.9771569,Normal
31/12/2015 7:39:49 PM,0.961138,Normal
31/12/2015 7:40:49 PM,0.961138,Normal
31/12/2015 7:41:49 PM,0.945119,Normal
31/12/2015 7:42:49 PM,0.8970621,Normal
31/12/2015 7:43:49 PM,0.9771569,Normal
31/12/2015 7:44:49 PM,0.9291,Normal
31/12/2015 7:45:49 PM,0.8970621,Normal
31/12/2015 7:46:49 PM,0.9291,Normal
31/12/2015 7:47:49 PM,1.009195,Normal
31/12/2015 7:48:49 PM,0.9771569,Normal
31/12/2015 7:49:49 PM,0.9771569,Normal
31/12/2015 7:50:49 PM,0.9291,Normal
31/12/2015 7:51:49 PM,0.945119,Normal
31/12/2015 7:52:49 PM,0.9291,Normal
31/12/2015 7:53:49 PM,0.961138,Normal
31/12/2015 7:54:49 PM,0.9291,Normal
31/12/2015 7:55:49 PM,0.8970621,Normal
31/12/2015 7:56:49 PM,1.009195,Normal
31/12/2015 7:57:49 PM,0.8970621,Normal
31/12/2015 7:58:49 PM,0.8810431,Normal
31/12/2015 7:59:49 PM,0.8970621,Normal
31/12/2015 8:00:49 PM,0.8810431,Normal
31/12/2015 8:01:49 PM,0.8009483,Normal
31/12/2015 8:02:49 PM,0.8970621,Normal
31/12/2015 8:03:49 PM,0.8810431,Normal
31/12/2015 8:04:49 PM,0.8810431,Normal
31/12/2015 8:05:49 PM,0.9291,Normal
31/12/2015 8:06:49 PM,0.8970621,Normal
31/12/2015 8:07:49 PM,0.8810431,Normal
31/12/2015 8:08:49 PM,0.9291,Normal
31/12/2015 8:09:49 PM,0.8650241,Normal
31/12/2015 8:10:49 PM,0.8169672,Normal
31/12/2015 8:11:49 PM,0.8970621,Normal
31/12/2015 8:12:49 PM,0.8810431,Normal
31/12/2015 8:13:49 PM,0.8169672,Normal
31/12/2015 8:14:49 PM,0.8650241,Normal
31/12/2015 8:15:49 PM,0.8810431,Normal
31/12/2015 8:16:49 PM,0.8490052,Normal
31/12/2015 8:17:49 PM,0.8490052,Normal
31/12/2015 8:18:49 PM,0.9291,Normal
31/12/2015 8:19:49 PM,0.8490052,Normal
31/12/2015 8:20:49 PM,0.945119,Normal
31/12/2015 8:21:49 PM,0.8810431,Normal
31/12/2015 8:22:49 PM,0.8490052,Normal
31/12/2015 8:23:49 PM,0.8490052,Normal
31/12/2015 8:24:49 PM,0.8490052,Normal
31/12/2015 8:25:49 PM,0.8810431,Normal
31/12/2015 8:26:49 PM,0.8169672,Normal
31/12/2015 8:27:49 PM,0.8650241,Normal
31/12/2015 8:28:49 PM,0.8810431,Normal
31/12/2015 8:29:49 PM,0.8650241,Normal
31/12/2015 8:30:49 PM,0.9291,Normal
31/12/2015 8:31:49 PM,0.8810431,Normal
31/12/2015 8:32:49 PM,0.8810431,Normal
31/12/2015 8:33:49 PM,0.8810431,Normal
31/12/2015 8:34:49 PM,0.8970621,Normal
31/12/2015 8:35:49 PM,0.961138,Normal
31/12/2015 8:36:49 PM,0.8169672,Normal
31/12/2015 8:37:49 PM,0.8169672,Normal
31/12/2015 8:38:49 PM,0.8810431,Normal
31/12/2015 8:39:49 PM,0.8810431,Normal
31/12/2015 8:40:49 PM,0.8810431,Normal
31/12/2015 8:41:49 PM,0.9771569,Normal
31/12/2015 8:42:49 PM,0.9291,Normal
31/12/2015 8:43:49 PM,0.9291,Normal
31/12/2015 8:44:49 PM,0.8810431,Normal
31/12/2015 8:45:49 PM,0.945119,Normal
31/12/2015 8:46:49 PM,0.8650241,Normal
31/12/2015 8:47:49 PM,0.9291,Normal
31/12/2015 8:48:49 PM,0.9291,Normal
31/12/2015 8:49:49 PM,0.945119,Normal
31/12/2015 8:50:49 PM,0.8970621,Normal
31/12/2015 8:51:49 PM,0.8490052,Normal
31/12/2015 8:52:49 PM,0.9291,Normal
31/12/2015 8:53:49 PM,0.8810431,Normal
31/12/2015 8:54:49 PM,0.8650241,Normal
31/12/2015 8:55:49 PM,0.8169672,Normal
31/12/2015 8:56:49 PM,0.8970621,Normal
31/12/2015 8:57:49 PM,0.945119,Normal
31/12/2015 8:58:49 PM,0.8970621,Normal
31/12/2015 8:59:49 PM,0.945119,Normal
31/12/2015 9:02:10 PM,0.8169672,Normal
31/12/2015 9:03:10 PM,0.9291,Normal
31/12/2015 9:04:10 PM,0.8970621,Normal
31/12/2015 9:05:10 PM,0.8650241,Normal
31/12/2015 9:06:10 PM,1.009195,Normal
31/12/2015 9:07:10 PM,0.8810431,Normal
31/12/2015 9:08:10 PM,0.8810431,Normal
31/12/2015 9:09:10 PM,0.961138,Normal
31/12/2015 9:10:10 PM,0.9771569,Normal
31/12/2015 9:11:10 PM,0.8970621,Normal
31/12/2015 9:12:10 PM,1.025214,Normal
31/12/2015 9:13:10 PM,0.9291,Normal
31/12/2015 9:14:10 PM,0.8970621,Normal
31/12/2015 9:15:10 PM,0.8970621,Normal
31/12/2015 9:16:10 PM,0.9771569,Normal
31/12/2015 9:17:10 PM,0.9291,Normal
31/12/2015 9:18:10 PM,0.8970621,Normal
31/12/2015 9:19:10 PM,0.8650241,Normal
31/12/2015 9:20:10 PM,0.8169672,Normal
31/12/2015 9:21:10 PM,0.8490052,Normal
31/12/2015 9:22:10 PM,0.8169672,Normal
31/12/2015 9:23:10 PM,0.8650241,Normal
31/12/2015 9:24:10 PM,0.8650241,Normal
31/12/2015 9:25:10 PM,0.8169672,Normal
31/12/2015 9:26:10 PM,0.8169672,Normal
31/12/2015 9:27:10 PM,0.8169672,Normal
31/12/2015 9:28:10 PM,0.8810431,Normal
31/12/2015 9:29:10 PM,0.8650241,Normal
31/12/2015 9:30:10 PM,0.8009483,Normal
31/12/2015 9:31:10 PM,0.8650241,Normal
31/12/2015 9:32:10 PM,0.8810431,Normal
31/12/2015 9:33:10 PM,0.8650241,Normal
31/12/2015 9:34:10 PM,0.8009483,Normal
31/12/2015 9:35:10 PM,0.961138,Normal
31/12/2015 9:36:10 PM,0.8810431,Normal
31/12/2015 9:37:10 PM,0.8970621,Normal
31/12/2015 9:38:10 PM,0.8169672,Normal
31/12/2015 9:39:10 PM,0.8810431,Normal
31/12/2015 9:40:10 PM,0.8810431,Normal
31/12/2015 9:41:10 PM,0.8490052,Normal
31/12/2015 9:42:10 PM,0.8490052,Normal
31/12/2015 9:43:10 PM,0.8169672,Normal
31/12/2015 9:44:10 PM,0.8970621,Normal
31/12/2015 9:45:10 PM,0.8810431,Normal
31/12/2015 9:46:10 PM,0.8970621,Normal
31/12/2015 9:47:10 PM,0.8650241,Normal
31/12/2015 9:48:10 PM,0.8970621,Normal
31/12/2015 9:49:10 PM,0.8650241,Normal
31/12/2015 9:50:10 PM,0.8970621,Normal
31/12/2015 9:51:10 PM,0.8970621,Normal
31/12/2015 9:52:10 PM,0.8970621,Normal
31/12/2015 9:53:10 PM,0.961138,Normal
31/12/2015 9:54:10 PM,0.9291,Normal
31/12/2015 9:55:10 PM,0.8970621,Normal
31/12/2015 9:56:10 PM,0.945119,Normal
31/12/2015 9:57:10 PM,0.945119,Normal
31/12/2015 9:58:10 PM,0.8970621,Normal
31/12/2015 9:59:10 PM,1.009195,Normal
31/12/2015 10:00:10 PM,0.7849293,Normal
31/12/2015 10:01:10 PM,0.8650241,Normal
31/12/2015 10:02:10 PM,0.8650241,Normal
31/12/2015 10:03:10 PM,0.9291,Normal
31/12/2015 10:04:10 PM,0.945119,Normal
31/12/2015 10:05:10 PM,0.9771569,Normal
31/12/2015 10:12:17 PM,0.8650241,Normal
31/12/2015 10:13:17 PM,0.9771569,Normal
31/12/2015 10:14:17 PM,0.8810431,Normal
31/12/2015 10:15:17 PM,0.8169672,Normal
31/12/2015 10:16:17 PM,0.8810431,Normal
31/12/2015 10:17:17 PM,0.8490052,Normal
31/12/2015 10:18:17 PM,0.8169672,Normal
31/12/2015 10:19:17 PM,0.8490052,Normal
31/12/2015 10:20:17 PM,0.8009483,Normal
31/12/2015 10:21:17 PM,0.961138,Normal
31/12/2015 10:22:17 PM,0.8650241,Normal
31/12/2015 10:23:17 PM,0.7849293,Normal
31/12/2015 10:24:17 PM,0.8810431,Normal
31/12/2015 10:25:17 PM,0.8009483,Normal
31/12/2015 10:26:17 PM,0.8810431,Normal
31/12/2015 10:27:17 PM,0.8490052,Normal
31/12/2015 10:28:17 PM,0.7849293,Normal
31/12/2015 10:29:17 PM,0.8490052,Normal
31/12/2015 10:30:17 PM,0.8169672,Normal
31/12/2015 10:31:17 PM,0.8169672,Normal
31/12/2015 10:32:17 PM,0.8650241,Normal
31/12/2015 10:33:17 PM,0.8169672,Normal
31/12/2015 10:34:17 PM,0.8970621,Normal
31/12/2015 10:35:17 PM,0.8169672,Normal
31/12/2015 10:36:17 PM,0.8490052,Normal
31/12/2015 10:37:17 PM,0.8169672,Normal
31/12/2015 10:38:17 PM,0.8009483,Normal
31/12/2015 10:39:17 PM,0.8169672,Normal
31/12/2015 10:40:17 PM,0.8169672,Normal
31/12/2015 10:41:17 PM,0.8169672,Normal
31/12/2015 10:42:17 PM,0.8009483,Normal
31/12/2015 10:43:17 PM,0.8009483,Normal
31/12/2015 10:44:17 PM,0.8009483,Normal
31/12/2015 10:45:17 PM,0.8009483,Normal
31/12/2015 10:46:17 PM,0.8009483,Normal
31/12/2015 10:47:17 PM,0.8009483,Normal
31/12/2015 10:48:17 PM,0.8009483,Normal
31/12/2015 10:49:17 PM,0.8650241,Normal
31/12/2015 10:50:17 PM,0.8169672,Normal
31/12/2015 10:51:17 PM,0.8169672,Normal
31/12/2015 10:52:17 PM,0.8009483,Normal
31/12/2015 10:53:17 PM,0.8009483,Normal
31/12/2015 10:54:17 PM,0.8009483,Normal
31/12/2015 10:55:17 PM,0.8009483,Normal
31/12/2015 10:56:17 PM,0.8970621,Normal
31/12/2015 10:57:17 PM,0.8650241,Normal
31/12/2015 10:58:17 PM,0.8169672,Normal
31/12/2015 10:59:17 PM,0.8169672,Normal
31/12/2015 11:00:17 PM,0.8490052,Normal
31/12/2015 11:01:17 PM,0.8009483,Normal
31/12/2015 11:02:17 PM,0.8009483,Normal
31/12/2015 11:03:17 PM,0.8009483,Normal
31/12/2015 11:04:17 PM,0.8009483,Normal
31/12/2015 11:05:17 PM,0.8490052,Normal
31/12/2015 11:06:17 PM,0.8169672,Normal
31/12/2015 11:07:17 PM,0.8169672,Normal
31/12/2015 11:08:17 PM,0.8810431,Normal
31/12/2015 11:09:17 PM,0.8490052,Normal
31/12/2015 11:10:17 PM,0.8009483,Normal
31/12/2015 11:11:17 PM,0.8169672,Normal
31/12/2015 11:12:17 PM,0.7048345,Normal
31/12/2015 11:13:17 PM,0.8009483,Normal
31/12/2015 11:14:17 PM,0.8009483,Normal
31/12/2015 11:15:17 PM,0.8009483,Normal
31/12/2015 11:16:17 PM,0.8009483,Normal
31/12/2015 11:17:17 PM,0.8490052,Normal
31/12/2015 11:18:17 PM,0.8009483,Normal
31/12/2015 11:19:17 PM,0.8009483,Normal
31/12/2015 11:20:17 PM,0.7849293,Normal
31/12/2015 11:21:17 PM,0.7849293,Normal
31/12/2015 11:22:17 PM,0.8009483,Normal
31/12/2015 11:23:17 PM,0.8009483,Normal
31/12/2015 11:24:17 PM,0.8009483,Normal
31/12/2015 11:25:17 PM,0.7208535,Normal
31/12/2015 11:26:17 PM,0.8009483,Normal
31/12/2015 11:27:17 PM,0.8009483,Normal
31/12/2015 11:28:17 PM,0.8009483,Normal
31/12/2015 11:29:17 PM,0.8009483,Normal
31/12/2015 11:30:17 PM,0.8009483,Normal
31/12/2015 11:31:17 PM,0.8009483,Normal
31/12/2015 11:32:17 PM,0.8169672,Normal
31/12/2015 11:33:17 PM,0.7849293,Normal
31/12/2015 11:34:17 PM,0.8009483,Normal
31/12/2015 11:35:17 PM,0.7849293,Normal
31/12/2015 11:36:17 PM,0.8009483,Normal
31/12/2015 11:37:17 PM,0.8169672,Normal
31/12/2015 11:38:17 PM,0.8169672,Normal
31/12/2015 11:39:17 PM,0.7849293,Normal
31/12/2015 11:40:17 PM,0.8009483,Normal
31/12/2015 11:41:17 PM,0.8009483,Normal
31/12/2015 11:42:17 PM,0.8009483,Normal
31/12/2015 11:43:17 PM,0.8009483,Normal
31/12/2015 11:44:17 PM,0.8009483,Normal
31/12/2015 11:45:17 PM,0.8009483,Normal
31/12/2015 11:46:17 PM,0.8009483,Normal
31/12/2015 11:47:17 PM,0.8009483,Normal
31/12/2015 11:48:17 PM,0.8009483,Normal
31/12/2015 11:49:17 PM,0.8009483,Normal
31/12/2015 11:50:17 PM,0.8009483,Normal
31/12/2015 11:51:17 PM,0.7689104,Normal
31/12/2015 11:52:17 PM,0.8009483,Normal
31/12/2015 11:53:17 PM,0.8009483,Normal
31/12/2015 11:54:17 PM,0.8009483,Normal
31/12/2015 11:55:17 PM,0.8009483,Normal
31/12/2015 11:56:17 PM,0.8009483,Normal
31/12/2015 11:57:17 PM,0.8009483,Normal
31/12/2015 11:58:17 PM,0.8169672,Normal
31/12/2015 11:59:17 PM,0.8169672,Normal
1/1/2016 12:00:17 AM,0.7849293,Normal
1/1/2016 12:01:17 AM,0.8169672,Normal
1/1/2016 12:02:17 AM,0.7208535,Normal
1/1/2016 12:03:17 AM,0.8009483,Normal
1/1/2016 12:04:17 AM,0.8650241,Normal
1/1/2016 12:05:17 AM,0.8169672,Normal
1/1/2016 12:06:17 AM,0.8490052,Normal
1/1/2016 12:07:17 AM,0.8650241,Normal
1/1/2016 12:08:17 AM,0.8009483,Normal
1/1/2016 12:09:17 AM,0.8009483,Normal
1/1/2016 12:10:17 AM,0.8009483,Normal
1/1/2016 12:11:17 AM,0.8009483,Normal
1/1/2016 12:12:17 AM,0.945119,Normal
1/1/2016 12:13:17 AM,0.8169672,Normal
1/1/2016 12:14:17 AM,0.8169672,Normal
1/1/2016 12:15:17 AM,0.8650241,Normal
1/1/2016 12:16:17 AM,0.8650241,Normal
1/1/2016 12:17:17 AM,0.7689104,Normal
1/1/2016 12:18:17 AM,0.8009483,Normal
1/1/2016 12:19:17 AM,0.7849293,Normal
1/1/2016 12:20:17 AM,0.7849293,Normal
1/1/2016 12:21:17 AM,0.7849293,Normal
1/1/2016 12:22:17 AM,0.8169672,Normal
1/1/2016 12:23:17 AM,0.8009483,Normal
1/1/2016 12:24:17 AM,0.7849293,Normal
1/1/2016 12:25:17 AM,0.8169672,Normal
1/1/2016 12:26:17 AM,0.8169672,Normal
1/1/2016 12:27:17 AM,0.7849293,Normal
1/1/2016 12:28:17 AM,0.7849293,Normal
1/1/2016 12:29:17 AM,0.8169672,Normal
1/1/2016 12:30:17 AM,0.8009483,Normal
1/1/2016 12:31:17 AM,0.8009483,Normal
1/1/2016 12:32:17 AM,0.8009483,Normal
1/1/2016 12:33:17 AM,0.8009483,Normal
1/1/2016 12:34:17 AM,0.8009483,Normal
1/1/2016 12:35:17 AM,0.8009483,Normal
1/1/2016 12:36:17 AM,0.8009483,Normal
1/1/2016 12:37:17 AM,0.8009483,Normal
1/1/2016 12:38:17 AM,0.8009483,Normal
1/1/2016 12:39:17 AM,0.8009483,Normal
1/1/2016 12:40:17 AM,0.7849293,Normal
1/1/2016 12:41:17 AM,0.8009483,Normal
1/1/2016 12:42:17 AM,0.8009483,Normal
1/1/2016 12:43:17 AM,0.8169672,Normal
1/1/2016 12:44:17 AM,0.7849293,Normal
1/1/2016 12:45:17 AM,0.8009483,Normal
1/1/2016 12:46:17 AM,0.8490052,Normal
1/1/2016 12:47:17 AM,0.8009483,Normal
1/1/2016 12:48:17 AM,0.8490052,Normal
1/1/2016 12:49:17 AM,0.8490052,Normal
1/1/2016 12:50:17 AM,0.8009483,Normal
1/1/2016 12:51:17 AM,0.8009483,Normal
1/1/2016 12:52:17 AM,0.8009483,Normal
1/1/2016 12:53:17 AM,0.8009483,Normal
1/1/2016 12:54:17 AM,0.8009483,Normal
1/1/2016 12:55:17 AM,0.8009483,Normal
1/1/2016 12:56:17 AM,0.8009483,Normal
1/1/2016 12:57:17 AM,0.8009483,Normal
1/1/2016 12:58:17 AM,0.8169672,Normal
1/1/2016 12:59:17 AM,0.8009483,Normal
1/1/2016 1:00:17 AM,0.7849293,Normal
1/1/2016 1:01:17 AM,0.7849293,Normal
1/1/2016 1:02:17 AM,0.7849293,Normal
1/1/2016 1:03:17 AM,0.7849293,Normal
1/1/2016 1:04:17 AM,0.8009483,Normal
1/1/2016 1:05:17 AM,0.8009483,Normal
1/1/2016 1:06:17 AM,0.8009483,Normal
1/1/2016 1:07:17 AM,0.8009483,Normal
1/1/2016 1:08:17 AM,0.8009483,Normal
1/1/2016 1:09:17 AM,0.8009483,Normal
1/1/2016 1:10:17 AM,0.8009483,Normal
1/1/2016 1:11:17 AM,0.8009483,Normal
1/1/2016 1:12:17 AM,0.8009483,Normal
1/1/2016 1:13:17 AM,0.8169672,Normal
1/1/2016 1:14:17 AM,0.8169672,Normal
1/1/2016 1:15:17 AM,0.7849293,Normal
1/1/2016 1:16:17 AM,0.8490052,Normal
1/1/2016 1:17:17 AM,0.8009483,Normal
1/1/2016 1:18:17 AM,0.8009483,Normal
1/1/2016 1:19:17 AM,0.8009483,Normal
1/1/2016 1:20:17 AM,0.8009483,Normal
1/1/2016 1:21:17 AM,0.8009483,Normal
1/1/2016 1:22:17 AM,0.8009483,Normal
1/1/2016 1:23:17 AM,0.8169672,Normal
1/1/2016 1:24:17 AM,0.8009483,Normal
1/1/2016 1:25:17 AM,0.8009483,Normal
1/1/2016 1:26:17 AM,0.7849293,Normal
1/1/2016 1:27:17 AM,0.7849293,Normal
1/1/2016 1:28:17 AM,0.8009483,Normal
1/1/2016 1:29:17 AM,0.8009483,Normal
1/1/2016 1:30:17 AM,0.8009483,Normal
1/1/2016 1:31:17 AM,0.8009483,Normal
1/1/2016 1:32:17 AM,0.7849293,Normal
1/1/2016 1:33:17 AM,0.7849293,Normal
1/1/2016 1:34:17 AM,0.8009483,Normal
1/1/2016 1:35:17 AM,0.7689104,Normal
1/1/2016 1:36:17 AM,0.8009483,Normal
1/1/2016 1:37:17 AM,0.8009483,Normal
1/1/2016 1:38:17 AM,0.7849293,Normal
1/1/2016 1:39:17 AM,0.8169672,Normal
1/1/2016 1:40:17 AM,0.7849293,Normal
1/1/2016 1:41:17 AM,0.7689104,Normal
1/1/2016 1:42:17 AM,0.8009483,Normal
1/1/2016 1:43:17 AM,0.7689104,Normal
1/1/2016 1:44:17 AM,0.7689104,Normal
1/1/2016 1:45:17 AM,0.7689104,Normal
1/1/2016 1:46:17 AM,0.7689104,Normal
1/1/2016 1:47:17 AM,0.6567776,Normal
1/1/2016 1:48:17 AM,0.7208535,Normal
1/1/2016 1:49:17 AM,0.8009483,Normal
1/1/2016 1:50:17 AM,0.7849293,Normal
1/1/2016 1:51:17 AM,0.7849293,Normal
1/1/2016 1:52:17 AM,0.7849293,Normal
1/1/2016 1:53:17 AM,0.8490052,Normal
1/1/2016 1:54:17 AM,0.7849293,Normal
1/1/2016 1:55:17 AM,0.7849293,Normal
1/1/2016 1:56:17 AM,0.7849293,Normal
1/1/2016 1:57:17 AM,0.7208535,Normal
1/1/2016 1:58:17 AM,0.7849293,Normal
1/1/2016 1:59:17 AM,0.7849293,Normal
1/1/2016 2:00:17 AM,0.7849293,Normal
1/1/2016 2:01:17 AM,0.7849293,Normal
1/1/2016 2:02:17 AM,0.7849293,Normal
1/1/2016 2:03:17 AM,0.7849293,Normal
1/1/2016 2:04:17 AM,0.8169672,Normal
1/1/2016 2:05:17 AM,0.8169672,Normal
1/1/2016 2:06:17 AM,0.7689104,Normal
1/1/2016 2:07:17 AM,0.7849293,Normal
1/1/2016 2:08:17 AM,0.8169672,Normal
1/1/2016 2:09:17 AM,0.8169672,Normal
1/1/2016 2:10:17 AM,0.7849293,Normal
1/1/2016 2:11:17 AM,0.8490052,Normal
1/1/2016 2:12:17 AM,0.8009483,Normal
1/1/2016 2:13:17 AM,0.8009483,Normal
1/1/2016 2:14:17 AM,0.8169672,Normal
1/1/2016 2:15:17 AM,0.7048345,Normal
1/1/2016 2:16:17 AM,0.7849293,Normal
1/1/2016 2:17:17 AM,0.7849293,Normal
1/1/2016 2:18:17 AM,0.7849293,Normal
1/1/2016 2:19:17 AM,0.7849293,Normal
1/1/2016 2:20:17 AM,0.7849293,Normal
1/1/2016 2:21:17 AM,0.7849293,Normal
1/1/2016 2:22:17 AM,0.7849293,Normal
1/1/2016 2:23:17 AM,0.7849293,Normal
1/1/2016 2:24:17 AM,0.8169672,Normal
1/1/2016 2:25:17 AM,0.7689104,Normal
1/1/2016 2:26:17 AM,0.7849293,Normal
1/1/2016 2:27:17 AM,0.8169672,Normal
1/1/2016 2:28:17 AM,0.7849293,Normal
1/1/2016 2:29:17 AM,0.7849293,Normal
1/1/2016 2:30:17 AM,0.8490052,Normal
1/1/2016 2:31:17 AM,0.945119,Normal
1/1/2016 2:32:17 AM,0.8009483,Normal
1/1/2016 2:33:17 AM,0.7849293,Normal
1/1/2016 2:34:17 AM,0.8970621,Normal
1/1/2016 2:35:17 AM,0.8009483,Normal
1/1/2016 2:36:17 AM,0.8009483,Normal
1/1/2016 2:37:17 AM,0.7849293,Normal
1/1/2016 2:38:17 AM,0.7689104,Normal
1/1/2016 2:39:17 AM,0.8490052,Normal
1/1/2016 2:40:17 AM,0.8009483,Normal
1/1/2016 2:41:17 AM,0.8650241,Normal
1/1/2016 2:42:17 AM,0.8009483,Normal
1/1/2016 2:43:17 AM,0.7849293,Normal
1/1/2016 2:44:17 AM,0.7849293,Normal
1/1/2016 2:45:17 AM,0.7849293,Normal
1/1/2016 2:46:17 AM,0.7849293,Normal
1/1/2016 2:47:17 AM,0.7849293,Normal
1/1/2016 2:48:17 AM,0.7849293,Normal
1/1/2016 2:49:17 AM,0.7849293,Normal
1/1/2016 2:50:17 AM,0.7849293,Normal
1/1/2016 2:51:17 AM,0.7849293,Normal
1/1/2016 2:52:17 AM,0.7849293,Normal
1/1/2016 2:53:17 AM,0.7208535,Normal
1/1/2016 2:54:17 AM,0.7849293,Normal
1/1/2016 2:55:17 AM,0.7849293,Normal
1/1/2016 2:56:17 AM,0.7849293,Normal
1/1/2016 2:57:17 AM,0.8650241,Normal
1/1/2016 2:58:17 AM,0.7849293,Normal
1/1/2016 2:59:17 AM,0.7849293,Normal
1/1/2016 3:00:17 AM,0.7689104,Normal
1/1/2016 3:01:17 AM,0.7689104,Normal
1/1/2016 3:02:17 AM,0.7689104,Normal
1/1/2016 3:03:17 AM,0.7849293,Normal
1/1/2016 3:04:17 AM,0.7849293,Normal
1/1/2016 3:05:17 AM,0.8009483,Normal
1/1/2016 3:06:17 AM,0.8009483,Normal
1/1/2016 3:07:17 AM,0.8009483,Normal
1/1/2016 3:08:17 AM,0.8009483,Normal
1/1/2016 3:09:17 AM,0.8009483,Normal
1/1/2016 3:10:17 AM,0.8009483,Normal
1/1/2016 3:11:17 AM,0.7849293,Normal
1/1/2016 3:12:17 AM,0.7849293,Normal
1/1/2016 3:13:17 AM,0.7849293,Normal
1/1/2016 3:14:17 AM,0.7849293,Normal
1/1/2016 3:15:17 AM,0.7849293,Normal
1/1/2016 3:16:17 AM,0.7849293,Normal
1/1/2016 3:17:17 AM,0.7849293,Normal
1/1/2016 3:18:17 AM,0.8009483,Normal
1/1/2016 3:19:17 AM,0.8169672,Normal
1/1/2016 3:20:17 AM,0.8169672,Normal
1/1/2016 3:21:17 AM,0.7849293,Normal
1/1/2016 3:22:17 AM,0.8009483,Normal
1/1/2016 3:23:17 AM,0.7689104,Normal
1/1/2016 3:24:17 AM,0.8169672,Normal
1/1/2016 3:25:17 AM,0.8169672,Normal
1/1/2016 3:26:17 AM,0.7849293,Normal
1/1/2016 3:27:17 AM,0.7849293,Normal
1/1/2016 3:28:17 AM,0.7849293,Normal
1/1/2016 3:29:17 AM,0.8009483,Normal
1/1/2016 3:30:17 AM,0.8009483,Normal
1/1/2016 3:31:17 AM,0.8009483,Normal
1/1/2016 3:32:17 AM,0.8009483,Normal
1/1/2016 3:33:17 AM,0.8009483,Normal
1/1/2016 3:34:17 AM,0.7849293,Normal
1/1/2016 3:35:17 AM,0.7849293,Normal
1/1/2016 3:36:17 AM,0.7849293,Normal
1/1/2016 3:37:17 AM,0.7849293,Normal
1/1/2016 3:38:17 AM,0.8810431,Normal
1/1/2016 3:39:17 AM,0.8009483,Normal
1/1/2016 3:40:17 AM,0.8169672,Normal
1/1/2016 3:41:17 AM,0.7048345,Normal
1/1/2016 3:42:17 AM,0.7849293,Normal
1/1/2016 3:43:17 AM,0.8009483,Normal
1/1/2016 3:44:17 AM,0.7689104,Normal
1/1/2016 3:45:17 AM,0.8169672,Normal
1/1/2016 3:46:17 AM,0.8169672,Normal
1/1/2016 3:47:17 AM,0.7849293,Normal
1/1/2016 3:48:17 AM,0.8169672,Normal
1/1/2016 3:49:17 AM,0.8169672,Normal
1/1/2016 3:50:17 AM,0.8009483,Normal
1/1/2016 3:51:17 AM,0.8009483,Normal
1/1/2016 3:52:17 AM,0.8490052,Normal
1/1/2016 3:53:17 AM,0.8009483,Normal
1/1/2016 3:54:17 AM,0.8009483,Normal
1/1/2016 3:55:17 AM,0.8009483,Normal
1/1/2016 3:56:17 AM,0.8009483,Normal
1/1/2016 3:57:17 AM,0.7849293,Normal
1/1/2016 3:58:17 AM,0.7849293,Normal
1/1/2016 3:59:17 AM,0.7689104,Normal
1/1/2016 4:00:17 AM,0.7689104,Normal
1/1/2016 4:01:17 AM,0.7849293,Normal
1/1/2016 4:02:17 AM,0.7849293,Normal
1/1/2016 4:03:17 AM,0.7368724,Normal
1/1/2016 4:04:17 AM,0.7689104,Normal
1/1/2016 4:05:17 AM,0.7689104,Normal
1/1/2016 4:06:17 AM,0.7689104,Normal
1/1/2016 4:07:17 AM,0.8169672,Normal
1/1/2016 4:08:17 AM,0.7368724,Normal
1/1/2016 4:09:17 AM,0.8169672,Normal
1/1/2016 4:10:17 AM,0.9291,Normal
1/1/2016 4:11:17 AM,0.7689104,Normal
1/1/2016 4:12:17 AM,0.7048345,Normal
1/1/2016 4:13:17 AM,0.7689104,Normal
1/1/2016 4:14:17 AM,0.7689104,Normal
1/1/2016 4:15:17 AM,0.7849293,Normal
1/1/2016 4:16:17 AM,0.7849293,Normal
1/1/2016 4:17:17 AM,0.7689104,Normal
1/1/2016 4:18:17 AM,0.8009483,Normal
1/1/2016 4:19:17 AM,0.7849293,Normal
1/1/2016 4:20:17 AM,0.7849293,Normal
1/1/2016 4:21:17 AM,0.7849293,Normal
1/1/2016 4:22:17 AM,0.7849293,Normal
1/1/2016 4:23:17 AM,0.7368724,Normal
1/1/2016 4:24:17 AM,0.7849293,Normal
1/1/2016 4:25:17 AM,0.8169672,Normal
1/1/2016 4:26:17 AM,0.7689104,Normal
1/1/2016 4:27:17 AM,0.8650241,Normal
1/1/2016 4:28:17 AM,0.8169672,Normal
1/1/2016 4:29:17 AM,0.8009483,Normal
1/1/2016 4:30:17 AM,0.8009483,Normal
1/1/2016 4:31:17 AM,0.8009483,Normal
1/1/2016 4:32:17 AM,0.8009483,Normal
1/1/2016 4:33:17 AM,0.8009483,Normal
1/1/2016 4:34:17 AM,0.8009483,Normal
1/1/2016 4:35:17 AM,0.8009483,Normal
1/1/2016 4:36:17 AM,0.8009483,Normal
1/1/2016 4:37:17 AM,0.8009483,Normal
1/1/2016 4:38:17 AM,0.8009483,Normal
1/1/2016 4:39:17 AM,0.8009483,Normal
1/1/2016 4:40:17 AM,0.8009483,Normal
1/1/2016 4:41:17 AM,0.7689104,Normal
1/1/2016 4:42:17 AM,0.8009483,Normal
1/1/2016 4:43:17 AM,0.8169672,Normal
1/1/2016 4:44:17 AM,0.7689104,Normal
1/1/2016 4:45:17 AM,0.8009483,Normal
1/1/2016 4:46:17 AM,0.8009483,Normal
1/1/2016 4:47:17 AM,0.7689104,Normal
1/1/2016 4:48:17 AM,0.8009483,Normal
1/1/2016 4:49:17 AM,0.8009483,Normal
1/1/2016 4:50:17 AM,0.8009483,Normal
1/1/2016 4:51:17 AM,0.8009483,Normal
1/1/2016 4:52:17 AM,0.8009483,Normal
1/1/2016 4:53:17 AM,0.7849293,Normal
1/1/2016 4:54:17 AM,0.8650241,Normal
1/1/2016 4:55:17 AM,0.8009483,Normal
1/1/2016 4:56:17 AM,0.8009483,Normal
1/1/2016 4:57:17 AM,0.8009483,Normal
1/1/2016 4:58:17 AM,0.8009483,Normal
1/1/2016 4:59:17 AM,0.8009483,Normal
1/1/2016 5:00:17 AM,0.8009483,Normal
1/1/2016 5:01:17 AM,0.7689104,Normal
1/1/2016 5:02:17 AM,0.7849293,Normal
1/1/2016 5:03:17 AM,0.8169672,Normal
1/1/2016 5:04:17 AM,0.8169672,Normal
1/1/2016 5:05:17 AM,0.7689104,Normal
1/1/2016 5:06:17 AM,0.8169672,Normal
1/1/2016 5:07:17 AM,0.8009483,Normal
1/1/2016 5:08:17 AM,0.8009483,Normal
1/1/2016 5:09:17 AM,0.8009483,Normal
1/1/2016 5:10:17 AM,0.8169672,Normal
1/1/2016 5:11:17 AM,0.7849293,Normal
1/1/2016 5:12:17 AM,0.7368724,Normal
1/1/2016 5:13:17 AM,0.8009483,Normal
1/1/2016 5:14:17 AM,0.7689104,Normal
1/1/2016 5:15:17 AM,0.8169672,Normal
1/1/2016 5:16:17 AM,0.8169672,Normal
1/1/2016 5:17:17 AM,0.8009483,Normal
1/1/2016 5:18:17 AM,0.7849293,Normal
1/1/2016 5:19:17 AM,0.8810431,Normal
1/1/2016 5:20:17 AM,0.7689104,Normal
1/1/2016 5:21:17 AM,0.8009483,Normal
1/1/2016 5:22:17 AM,0.7849293,Normal
1/1/2016 5:23:17 AM,0.7849293,Normal
1/1/2016 5:24:17 AM,0.7849293,Normal
1/1/2016 5:25:17 AM,0.8009483,Normal
1/1/2016 5:26:17 AM,0.8169672,Normal
1/1/2016 5:27:17 AM,0.7689104,Normal
1/1/2016 5:28:17 AM,0.7689104,Normal
1/1/2016 5:29:17 AM,0.7849293,Normal
1/1/2016 5:30:17 AM,0.7849293,Normal
1/1/2016 5:31:17 AM,0.7849293,Normal
1/1/2016 5:32:17 AM,0.7849293,Normal
1/1/2016 5:33:17 AM,0.7849293,Normal
1/1/2016 5:34:17 AM,0.7849293,Normal
1/1/2016 5:35:17 AM,0.7849293,Normal
1/1/2016 5:36:17 AM,0.7849293,Normal
1/1/2016 5:37:17 AM,0.7849293,Normal
1/1/2016 5:38:17 AM,0.7849293,Normal
1/1/2016 5:39:17 AM,0.7849293,Normal
1/1/2016 5:40:17 AM,0.7849293,Normal
1/1/2016 5:41:17 AM,0.7849293,Normal
1/1/2016 5:42:17 AM,0.8009483,Normal
1/1/2016 5:43:17 AM,0.8169672,Normal
1/1/2016 5:44:17 AM,0.7849293,Normal
1/1/2016 5:45:17 AM,0.7208535,Normal
1/1/2016 5:46:17 AM,0.8169672,Normal
1/1/2016 5:47:17 AM,0.7849293,Normal
1/1/2016 5:48:17 AM,0.8650241,Normal
1/1/2016 5:49:17 AM,0.8490052,Normal
1/1/2016 5:50:17 AM,0.8009483,Normal
1/1/2016 5:51:17 AM,0.7849293,Normal
1/1/2016 5:52:17 AM,0.8009483,Normal
1/1/2016 5:53:17 AM,0.7849293,Normal
1/1/2016 5:54:17 AM,0.7849293,Normal
1/1/2016 5:55:17 AM,0.8009483,Normal
1/1/2016 5:56:17 AM,0.7368724,Normal
1/1/2016 5:57:17 AM,0.8009483,Normal
1/1/2016 5:58:17 AM,0.8009483,Normal
1/1/2016 5:59:17 AM,0.8009483,Normal
1/1/2016 6:00:17 AM,0.7689104,Normal
1/1/2016 6:01:17 AM,0.7368724,Normal
1/1/2016 6:02:17 AM,0.7368724,Normal
1/1/2016 6:03:17 AM,0.7849293,Normal
1/1/2016 6:04:17 AM,0.8009483,Normal
1/1/2016 6:05:17 AM,0.7849293,Normal
1/1/2016 6:06:17 AM,0.8009483,Normal
1/1/2016 6:07:17 AM,0.7849293,Normal
1/1/2016 6:08:17 AM,0.7849293,Normal
1/1/2016 6:09:17 AM,0.8009483,Normal
1/1/2016 6:10:17 AM,0.8009483,Normal
1/1/2016 6:11:17 AM,0.8009483,Normal
1/1/2016 6:12:17 AM,0.8169672,Normal
1/1/2016 6:13:17 AM,0.8009483,Normal
1/1/2016 6:14:17 AM,0.8009483,Normal
1/1/2016 6:15:17 AM,0.8169672,Normal
1/1/2016 6:16:17 AM,0.8169672,Normal
1/1/2016 6:17:17 AM,0.8169672,Normal
1/1/2016 6:18:17 AM,0.8009483,Normal
1/1/2016 6:19:17 AM,0.7849293,Normal
1/1/2016 6:20:17 AM,0.7849293,Normal
1/1/2016 6:21:17 AM,0.8169672,Normal
1/1/2016 6:22:17 AM,0.8490052,Normal
1/1/2016 6:23:17 AM,0.8169672,Normal
1/1/2016 6:24:17 AM,0.7849293,Normal
1/1/2016 6:25:17 AM,0.7849293,Normal
1/1/2016 6:26:17 AM,0.7849293,Normal
1/1/2016 6:27:17 AM,0.7849293,Normal
1/1/2016 6:28:17 AM,0.7689104,Normal
1/1/2016 6:29:17 AM,0.7849293,Normal
1/1/2016 6:30:17 AM,0.7849293,Normal
1/1/2016 6:31:17 AM,0.8009483,Normal
1/1/2016 6:32:17 AM,0.8009483,Normal
1/1/2016 6:33:17 AM,0.7849293,Normal
1/1/2016 6:34:17 AM,0.7849293,Normal
1/1/2016 6:35:17 AM,0.7849293,Normal
1/1/2016 6:36:17 AM,0.7849293,Normal
1/1/2016 6:37:17 AM,0.8169672,Normal
1/1/2016 6:38:17 AM,0.8009483,Normal
1/1/2016 6:39:17 AM,0.8009483,Normal
1/1/2016 6:40:17 AM,0.7689104,Normal
1/1/2016 6:41:17 AM,0.8009483,Normal
1/1/2016 6:42:17 AM,0.8009483,Normal
1/1/2016 6:43:17 AM,0.7368724,Normal
1/1/2016 6:44:17 AM,0.7849293,Normal
1/1/2016 6:45:17 AM,0.8009483,Normal
1/1/2016 6:46:17 AM,0.8009483,Normal
1/1/2016 6:47:17 AM,0.8009483,Normal
1/1/2016 6:48:17 AM,0.8009483,Normal
1/1/2016 6:49:17 AM,0.7689104,Normal
1/1/2016 6:50:17 AM,0.8169672,Normal
1/1/2016 6:51:17 AM,0.8169672,Normal
1/1/2016 6:52:17 AM,0.8009483,Normal
1/1/2016 6:53:17 AM,0.8490052,Normal
1/1/2016 6:54:17 AM,0.8009483,Normal
1/1/2016 6:55:17 AM,0.8009483,Normal
1/1/2016 6:56:17 AM,0.7849293,Normal
1/1/2016 6:57:17 AM,0.8009483,Normal
1/1/2016 6:58:17 AM,0.8009483,Normal
1/1/2016 6:59:17 AM,0.8009483,Normal
1/1/2016 7:00:17 AM,0.8169672,Normal
1/1/2016 7:01:17 AM,0.7849293,Normal
1/1/2016 7:02:17 AM,0.8009483,Normal
1/1/2016 7:03:17 AM,0.8009483,Normal
1/1/2016 7:04:17 AM,0.8009483,Normal
1/1/2016 7:05:17 AM,0.8009483,Normal
1/1/2016 7:06:17 AM,0.8169672,Normal
1/1/2016 7:07:17 AM,0.8169672,Normal
1/1/2016 7:08:17 AM,0.7689104,Normal
1/1/2016 7:09:17 AM,0.7849293,Normal
1/1/2016 7:10:17 AM,0.7849293,Normal
1/1/2016 7:11:17 AM,0.8009483,Normal
1/1/2016 7:12:17 AM,0.8169672,Normal
1/1/2016 7:13:17 AM,0.7849293,Normal
1/1/2016 7:14:17 AM,0.7849293,Normal
1/1/2016 7:15:17 AM,0.8169672,Normal
1/1/2016 7:16:17 AM,0.7849293,Normal
1/1/2016 7:17:17 AM,0.7689104,Normal
1/1/2016 7:18:17 AM,0.7849293,Normal
1/1/2016 7:19:17 AM,0.7849293,Normal
1/1/2016 7:20:17 AM,0.7849293,Normal
1/1/2016 7:21:17 AM,0.8009483,Normal
1/1/2016 7:22:17 AM,0.8009483,Normal
1/1/2016 7:23:17 AM,0.7368724,Normal
1/1/2016 7:24:17 AM,0.8169672,Normal
1/1/2016 7:25:17 AM,0.7849293,Normal
1/1/2016 7:26:17 AM,0.7368724,Normal
1/1/2016 7:27:17 AM,0.7849293,Normal
1/1/2016 7:28:17 AM,0.8490052,Normal
1/1/2016 7:29:17 AM,0.7849293,Normal
1/1/2016 7:30:17 AM,0.7689104,Normal
1/1/2016 7:31:17 AM,0.7849293,Normal
1/1/2016 7:32:17 AM,0.7849293,Normal
1/1/2016 7:33:17 AM,0.7849293,Normal
1/1/2016 7:34:17 AM,0.7368724,Normal
1/1/2016 7:35:17 AM,0.7689104,Normal
1/1/2016 7:36:17 AM,0.7849293,Normal
1/1/2016 7:37:17 AM,0.7689104,Normal
1/1/2016 7:38:17 AM,0.7849293,Normal
1/1/2016 7:39:17 AM,0.7849293,Normal
1/1/2016 7:40:17 AM,0.7849293,Normal
1/1/2016 7:41:17 AM,0.7849293,Normal
1/1/2016 7:42:17 AM,0.8169672,Normal
1/1/2016 7:43:17 AM,0.7368724,Normal
1/1/2016 7:44:17 AM,0.7208535,Normal
1/1/2016 7:45:17 AM,0.7849293,Normal
1/1/2016 7:46:17 AM,0.7849293,Normal
1/1/2016 7:47:17 AM,0.7368724,Normal
1/1/2016 7:48:17 AM,0.7689104,Normal
1/1/2016 7:49:17 AM,0.7689104,Normal
1/1/2016 7:50:17 AM,0.7689104,Normal
1/1/2016 7:51:17 AM,0.7689104,Normal
1/1/2016 7:52:17 AM,0.7208535,Normal
1/1/2016 7:53:17 AM,0.8009483,Normal
1/1/2016 7:54:17 AM,0.7208535,Normal
1/1/2016 7:55:17 AM,0.7689104,Normal
1/1/2016 7:56:17 AM,0.7689104,Normal
1/1/2016 7:57:17 AM,0.7208535,Normal
1/1/2016 7:58:17 AM,0.7368724,Normal
1/1/2016 7:59:17 AM,0.7689104,Normal
1/1/2016 8:00:17 AM,0.8009483,Normal
1/1/2016 8:01:17 AM,0.7368724,Normal
1/1/2016 8:02:17 AM,0.7689104,Normal
1/1/2016 8:03:17 AM,0.8009483,Normal
1/1/2016 8:04:17 AM,0.7689104,Normal
1/1/2016 8:05:17 AM,0.7689104,Normal
1/1/2016 8:06:17 AM,0.7208535,Normal
1/1/2016 8:07:17 AM,0.7849293,Normal
1/1/2016 8:08:17 AM,0.7368724,Normal
1/1/2016 8:09:17 AM,0.8169672,Normal
1/1/2016 8:10:17 AM,0.8169672,Normal
1/1/2016 8:11:17 AM,0.7689104,Normal
1/1/2016 8:12:17 AM,0.7849293,Normal
1/1/2016 8:13:17 AM,0.8009483,Normal
1/1/2016 8:14:17 AM,0.7849293,Normal
1/1/2016 8:15:17 AM,0.8009483,Normal
1/1/2016 8:16:17 AM,0.7368724,Normal
1/1/2016 8:17:17 AM,0.8009483,Normal
1/1/2016 8:18:17 AM,0.8009483,Normal
1/1/2016 8:19:17 AM,0.7368724,Normal
1/1/2016 8:20:17 AM,0.8650241,Normal
1/1/2016 8:21:17 AM,0.7689104,Normal
1/1/2016 8:22:17 AM,0.7849293,Normal
1/1/2016 8:23:17 AM,0.8009483,Normal
1/1/2016 8:24:17 AM,0.8009483,Normal
1/1/2016 8:25:17 AM,0.8009483,Normal
1/1/2016 8:26:17 AM,0.7368724,Normal
1/1/2016 8:27:17 AM,0.8009483,Normal
1/1/2016 8:28:17 AM,0.8009483,Normal
1/1/2016 8:29:17 AM,0.8009483,Normal
1/1/2016 8:30:17 AM,0.8009483,Normal
1/1/2016 8:31:17 AM,0.8009483,Normal
1/1/2016 8:32:17 AM,0.8009483,Normal
1/1/2016 8:33:17 AM,0.8009483,Normal
1/1/2016 8:34:17 AM,0.8009483,Normal
1/1/2016 8:35:17 AM,0.8169672,Normal
1/1/2016 8:36:17 AM,0.8169672,Normal
1/1/2016 8:37:17 AM,0.8169672,Normal
1/1/2016 8:38:17 AM,0.8810431,Normal
1/1/2016 8:39:17 AM,0.7849293,Normal
1/1/2016 8:40:17 AM,0.8009483,Normal
1/1/2016 8:41:17 AM,0.8169672,Normal
1/1/2016 8:42:17 AM,0.8169672,Normal
1/1/2016 8:43:17 AM,0.8009483,Normal
1/1/2016 8:44:17 AM,0.7368724,Normal
1/1/2016 8:45:17 AM,0.8169672,Normal
1/1/2016 8:46:17 AM,0.8009483,Normal
1/1/2016 8:47:17 AM,0.8009483,Normal
1/1/2016 8:48:17 AM,0.8009483,Normal
1/1/2016 8:49:17 AM,0.8009483,Normal
1/1/2016 8:50:17 AM,0.8009483,Normal
1/1/2016 8:51:17 AM,0.8490052,Normal
1/1/2016 8:52:17 AM,0.7849293,Normal
1/1/2016 8:53:17 AM,0.8169672,Normal
1/1/2016 8:54:17 AM,0.7849293,Normal
1/1/2016 8:55:17 AM,0.8169672,Normal
1/1/2016 8:56:17 AM,0.7849293,Normal
1/1/2016 8:57:17 AM,0.8650241,Normal
1/1/2016 8:58:17 AM,0.8169672,Normal
1/1/2016 8:59:17 AM,0.8970621,Normal
1/1/2016 9:00:17 AM,0.8490052,Normal
1/1/2016 9:01:17 AM,0.8009483,Normal
1/1/2016 9:02:17 AM,0.8009483,Normal
1/1/2016 9:03:17 AM,0.8009483,Normal
1/1/2016 9:04:17 AM,0.8009483,Normal
1/1/2016 9:05:17 AM,0.8009483,Normal
1/1/2016 9:06:17 AM,0.8009483,Normal
1/1/2016 9:07:17 AM,0.7849293,Normal
1/1/2016 9:08:17 AM,0.8009483,Normal
1/1/2016 9:09:17 AM,0.8009483,Normal
1/1/2016 9:10:17 AM,0.8169672,Normal
1/1/2016 9:11:17 AM,0.7208535,Normal
1/1/2016 9:12:17 AM,0.8650241,Normal
1/1/2016 9:13:17 AM,0.8490052,Normal
1/1/2016 9:14:17 AM,0.8490052,Normal
1/1/2016 9:15:17 AM,0.8970621,Normal
1/1/2016 9:16:17 AM,0.8810431,Normal
1/1/2016 9:17:17 AM,0.8970621,Normal
1/1/2016 9:18:17 AM,0.8490052,Normal
1/1/2016 9:19:17 AM,0.8970621,Normal
1/1/2016 9:20:17 AM,0.7849293,Normal
1/1/2016 9:21:17 AM,0.8169672,Normal
1/1/2016 9:22:17 AM,0.8810431,Normal
1/1/2016 9:23:17 AM,0.8970621,Normal
1/1/2016 9:24:17 AM,0.9291,Normal
1/1/2016 9:25:17 AM,0.961138,Normal
1/1/2016 9:26:17 AM,0.8810431,Normal
1/1/2016 9:27:17 AM,0.8169672,Normal
1/1/2016 9:28:17 AM,0.9291,Normal
1/1/2016 9:29:17 AM,0.8810431,Normal
1/1/2016 9:30:17 AM,0.8810431,Normal
1/1/2016 9:31:17 AM,0.8650241,Normal
1/1/2016 9:32:17 AM,0.9291,Normal
1/1/2016 9:33:17 AM,0.8650241,Normal
1/1/2016 9:34:17 AM,0.961138,Normal
1/1/2016 9:35:17 AM,0.9771569,Normal
1/1/2016 9:36:17 AM,0.9771569,Normal
1/1/2016 9:37:17 AM,0.9291,Normal
1/1/2016 9:38:17 AM,0.8810431,Normal
1/1/2016 9:39:17 AM,0.8970621,Normal
1/1/2016 9:40:17 AM,0.9291,Normal
1/1/2016 9:41:17 AM,0.9291,Normal
1/1/2016 9:42:17 AM,0.9291,Normal
1/1/2016 9:43:17 AM,0.961138,Normal
1/1/2016 9:44:17 AM,0.8810431,Normal
1/1/2016 9:45:17 AM,0.8169672,Normal
1/1/2016 9:46:17 AM,0.8490052,Normal
1/1/2016 9:47:17 AM,0.9291,Normal
1/1/2016 9:48:17 AM,0.8970621,Normal
1/1/2016 9:49:17 AM,0.8970621,Normal
1/1/2016 9:50:17 AM,0.8970621,Normal
1/1/2016 9:51:17 AM,0.8650241,Normal
1/1/2016 9:52:17 AM,0.8810431,Normal
1/1/2016 9:53:17 AM,0.8490052,Normal
1/1/2016 9:54:17 AM,0.9291,Normal
1/1/2016 9:55:17 AM,0.7368724,Normal
1/1/2016 9:56:17 AM,0.8490052,Normal
1/1/2016 9:57:17 AM,0.8490052,Normal
1/1/2016 9:58:17 AM,0.8810431,Normal
1/1/2016 9:59:17 AM,0.9291,Normal
1/1/2016 10:00:17 AM,0.8009483,Normal
1/1/2016 10:01:17 AM,0.8970621,Normal
1/1/2016 10:02:17 AM,0.8970621,Normal
1/1/2016 10:03:17 AM,0.8009483,Normal
1/1/2016 10:04:17 AM,0.8810431,Normal
1/1/2016 10:05:17 AM,0.961138,Normal
1/1/2016 10:06:17 AM,0.8810431,Normal
1/1/2016 10:07:17 AM,0.9771569,Normal
1/1/2016 10:08:17 AM,0.9291,Normal
1/1/2016 10:09:17 AM,0.9291,Normal
1/1/2016 10:10:17 AM,0.8490052,Normal
1/1/2016 10:11:17 AM,0.9291,Normal
1/1/2016 10:12:17 AM,0.7849293,Normal
1/1/2016 10:13:17 AM,0.8970621,Normal
1/1/2016 10:14:17 AM,0.8970621,Normal
1/1/2016 10:15:17 AM,0.9291,Normal
1/1/2016 10:16:17 AM,0.9771569,Normal
1/1/2016 10:17:17 AM,0.945119,Normal
1/1/2016 10:18:17 AM,0.9291,Normal
1/1/2016 10:19:17 AM,0.9291,Normal
1/1/2016 10:20:17 AM,0.9771569,Normal
1/1/2016 10:21:17 AM,0.9291,Normal
1/1/2016 10:22:17 AM,0.945119,Normal
1/1/2016 10:23:17 AM,0.945119,Normal
1/1/2016 10:24:17 AM,0.961138,Normal
1/1/2016 10:25:17 AM,0.945119,Normal
1/1/2016 10:26:17 AM,0.9771569,Normal
1/1/2016 10:27:17 AM,0.945119,Normal
1/1/2016 10:28:17 AM,0.961138,Normal
1/1/2016 10:29:17 AM,1.009195,Normal
1/1/2016 10:30:17 AM,0.961138,Normal
1/1/2016 10:31:17 AM,0.961138,Normal
1/1/2016 10:32:17 AM,0.961138,Normal
1/1/2016 10:33:17 AM,0.945119,Normal
1/1/2016 10:34:17 AM,0.9771569,Normal
1/1/2016 10:35:17 AM,0.9771569,Normal
1/1/2016 10:46:18 AM,0.961138,Normal
1/1/2016 10:47:18 AM,0.961138,Normal
1/1/2016 10:48:18 AM,0.8490052,Normal
1/1/2016 10:49:18 AM,0.8970621,Normal
1/1/2016 10:50:18 AM,1.025214,Normal
1/1/2016 10:51:18 AM,1.025214,Normal
1/1/2016 10:52:18 AM,0.961138,Normal
1/1/2016 10:53:18 AM,0.9771569,Normal
1/1/2016 10:54:18 AM,0.945119,Normal
1/1/2016 10:55:18 AM,0.9771569,Normal
1/1/2016 10:56:18 AM,1.025214,Normal
1/1/2016 10:57:18 AM,0.961138,Normal
1/1/2016 10:58:18 AM,0.961138,Normal
1/1/2016 10:59:18 AM,0.9771569,Normal
1/1/2016 11:00:18 AM,0.9771569,Normal
1/1/2016 11:01:18 AM,0.8650241,Normal
1/1/2016 11:02:18 AM,0.961138,Normal
1/1/2016 11:03:18 AM,0.961138,Normal
1/1/2016 11:04:18 AM,0.9771569,Normal
1/1/2016 11:05:18 AM,0.9291,Normal
1/1/2016 11:06:18 AM,0.961138,Normal
1/1/2016 11:07:18 AM,0.961138,Normal
1/1/2016 11:08:18 AM,1.009195,Normal
1/1/2016 11:09:18 AM,0.961138,Normal
1/1/2016 11:10:18 AM,0.961138,Normal
1/1/2016 11:11:18 AM,0.961138,Normal
1/1/2016 11:12:18 AM,0.9771569,Normal
1/1/2016 11:13:18 AM,0.961138,Normal
1/1/2016 11:14:18 AM,0.961138,Normal
1/1/2016 11:15:18 AM,1.025214,Normal
1/1/2016 11:16:18 AM,0.9771569,Normal
1/1/2016 11:17:18 AM,0.9771569,Normal
1/1/2016 11:18:18 AM,1.025214,Normal
1/1/2016 11:19:18 AM,1.041233,Normal
1/1/2016 11:20:18 AM,0.9771569,Normal
1/1/2016 11:21:18 AM,0.9771569,Normal
1/1/2016 11:22:18 AM,1.009195,Normal
1/1/2016 11:23:18 AM,0.9771569,Normal
1/1/2016 11:24:18 AM,0.9771569,Normal
1/1/2016 11:25:18 AM,0.961138,Normal
1/1/2016 11:26:18 AM,1.009195,Normal
1/1/2016 11:27:18 AM,0.8970621,Normal
1/1/2016 11:28:18 AM,0.9771569,Normal
1/1/2016 11:29:18 AM,0.945119,Normal
1/1/2016 11:30:18 AM,1.025214,Normal
1/1/2016 11:31:18 AM,0.961138,Normal
1/1/2016 11:32:18 AM,0.9291,Normal
1/1/2016 11:33:18 AM,0.9771569,Normal
1/1/2016 11:34:18 AM,0.8970621,Normal
1/1/2016 11:35:18 AM,0.945119,Normal
1/1/2016 11:36:18 AM,0.945119,Normal
1/1/2016 11:37:18 AM,0.961138,Normal
1/1/2016 11:38:18 AM,1.009195,Normal
1/1/2016 11:39:18 AM,0.8810431,Normal
1/1/2016 11:40:18 AM,0.961138,Normal
1/1/2016 11:41:18 AM,0.961138,Normal
1/1/2016 11:42:18 AM,0.9771569,Normal
1/1/2016 11:43:18 AM,0.9771569,Normal
1/1/2016 11:44:18 AM,1.025214,Normal
1/1/2016 11:45:18 AM,1.009195,Normal
1/1/2016 11:46:18 AM,1.009195,Normal
1/1/2016 11:47:18 AM,1.025214,Normal
1/1/2016 11:48:18 AM,0.9771569,Normal
1/1/2016 11:49:18 AM,1.009195,Normal
1/1/2016 11:50:18 AM,1.025214,Normal
1/1/2016 11:51:18 AM,1.025214,Normal
1/1/2016 11:52:18 AM,1.009195,Normal
1/1/2016 11:53:18 AM,1.009195,Normal
1/1/2016 11:54:18 AM,1.009195,Normal
1/1/2016 11:55:18 AM,1.009195,Normal
1/1/2016 11:56:18 AM,1.041233,Normal
1/1/2016 11:57:18 AM,1.057252,Normal
1/1/2016 11:58:18 AM,1.137347,Normal
1/1/2016 11:59:18 AM,1.025214,Normal
1/1/2016 12:00:18 PM,1.025214,Normal
1/1/2016 12:01:18 PM,0.9771569,Normal
1/1/2016 12:02:18 PM,1.009195,Normal
1/1/2016 12:03:18 PM,1.137347,Normal
1/1/2016 12:04:18 PM,1.041233,Normal
1/1/2016 12:05:18 PM,1.041233,Normal
1/1/2016 12:06:18 PM,0.945119,Normal
1/1/2016 12:07:18 PM,1.025214,Normal
1/1/2016 12:08:18 PM,1.057252,Normal
1/1/2016 12:09:18 PM,0.9771569,Normal
1/1/2016 12:10:18 PM,1.009195,Normal
1/1/2016 12:11:18 PM,1.009195,Normal
1/1/2016 12:12:18 PM,1.009195,Normal
1/1/2016 12:13:18 PM,1.08929,Normal
1/1/2016 12:14:18 PM,1.025214,Normal
1/1/2016 12:15:18 PM,1.041233,Normal
1/1/2016 12:16:18 PM,1.041233,Normal
1/1/2016 12:17:18 PM,1.025214,Normal
1/1/2016 12:18:18 PM,1.041233,Normal
1/1/2016 12:19:18 PM,1.025214,Normal
1/1/2016 12:20:18 PM,1.08929,Normal
1/1/2016 12:21:18 PM,1.08929,Normal
1/1/2016 12:22:18 PM,0.961138,Normal
1/1/2016 12:23:18 PM,1.041233,Normal
1/1/2016 12:24:18 PM,0.961138,Normal
1/1/2016 12:25:18 PM,1.009195,Normal
1/1/2016 12:26:18 PM,1.009195,Normal
1/1/2016 12:27:18 PM,1.057252,Normal
1/1/2016 12:28:18 PM,1.009195,Normal
1/1/2016 12:29:18 PM,0.9771569,Normal
1/1/2016 12:30:18 PM,1.041233,Normal
1/1/2016 12:31:18 PM,1.025214,Normal
1/1/2016 12:32:18 PM,0.9771569,Normal
1/1/2016 12:33:18 PM,1.025214,Normal
1/1/2016 12:34:18 PM,0.961138,Normal
1/1/2016 12:35:18 PM,1.041233,Normal
1/1/2016 12:36:18 PM,1.009195,Normal
1/1/2016 12:37:18 PM,1.009195,Normal
1/1/2016 12:38:18 PM,1.009195,Normal
1/1/2016 12:39:18 PM,1.057252,Normal
1/1/2016 12:40:18 PM,0.9771569,Normal
1/1/2016 12:41:18 PM,0.961138,Normal
1/1/2016 12:42:18 PM,1.009195,Normal
1/1/2016 12:43:18 PM,0.9771569,Normal
1/1/2016 12:44:18 PM,1.025214,Normal
1/1/2016 12:45:18 PM,1.025214,Normal
1/1/2016 12:46:18 PM,0.9771569,Normal
1/1/2016 12:47:18 PM,0.9771569,Normal
1/1/2016 12:48:18 PM,1.025214,Normal
1/1/2016 12:49:18 PM,1.025214,Normal
1/1/2016 12:50:18 PM,1.009195,Normal
1/1/2016 12:51:18 PM,1.009195,Normal
1/1/2016 12:52:18 PM,1.009195,Normal
1/1/2016 12:53:18 PM,1.041233,Normal
1/1/2016 12:54:18 PM,1.025214,Normal
1/1/2016 12:55:18 PM,0.961138,Normal
1/1/2016 12:56:18 PM,0.961138,Normal
1/1/2016 12:57:18 PM,0.961138,Normal
1/1/2016 12:58:18 PM,0.945119,Normal
1/1/2016 12:59:18 PM,0.8810431,Normal
1/1/2016 1:00:18 PM,1.025214,Normal
1/1/2016 1:01:18 PM,1.009195,Normal
1/1/2016 1:02:18 PM,0.9771569,Normal
1/1/2016 1:03:18 PM,1.009195,Normal
1/1/2016 1:04:18 PM,0.9771569,Normal
1/1/2016 1:05:18 PM,1.025214,Normal
1/1/2016 1:06:18 PM,1.025214,Normal
1/1/2016 1:07:18 PM,1.025214,Normal
1/1/2016 1:08:18 PM,1.009195,Normal
1/1/2016 1:09:18 PM,1.009195,Normal
1/1/2016 1:10:18 PM,1.08929,Normal
1/1/2016 1:11:18 PM,1.025214,Normal
1/1/2016 1:12:18 PM,1.025214,Normal
1/1/2016 1:13:18 PM,1.025214,Normal
1/1/2016 1:14:18 PM,1.057252,Normal
1/1/2016 1:15:18 PM,1.025214,Normal
1/1/2016 1:16:18 PM,1.041233,Normal
1/1/2016 1:17:18 PM,1.025214,Normal
1/1/2016 1:18:18 PM,1.025214,Normal
1/1/2016 1:19:18 PM,1.185403,Normal
1/1/2016 1:20:18 PM,1.08929,Normal
1/1/2016 1:21:18 PM,1.041233,Normal
1/1/2016 1:22:18 PM,1.08929,Normal
1/1/2016 1:23:18 PM,1.169384,Normal
1/1/2016 1:24:18 PM,1.041233,Normal
1/1/2016 1:25:18 PM,1.025214,Normal
1/1/2016 1:26:18 PM,1.041233,Normal
1/1/2016 1:27:18 PM,1.057252,Normal
1/1/2016 1:28:18 PM,1.009195,Normal
1/1/2016 1:29:18 PM,1.025214,Normal
1/1/2016 1:30:18 PM,1.08929,Normal
1/1/2016 1:31:18 PM,1.025214,Normal
1/1/2016 1:32:18 PM,1.025214,Normal
1/1/2016 1:33:18 PM,0.9771569,Normal
1/1/2016 1:34:18 PM,1.025214,Normal
1/1/2016 1:35:18 PM,1.025214,Normal
1/1/2016 1:36:18 PM,0.961138,Normal
1/1/2016 1:37:18 PM,1.025214,Normal
1/1/2016 1:38:18 PM,1.025214,Normal
1/1/2016 1:39:18 PM,1.025214,Normal
1/1/2016 1:40:18 PM,1.025214,Normal
1/1/2016 1:41:18 PM,1.041233,Normal
1/1/2016 1:42:18 PM,1.009195,Normal
1/1/2016 1:43:18 PM,1.009195,Normal
1/1/2016 1:44:18 PM,1.009195,Normal
1/1/2016 1:45:18 PM,1.009195,Normal
1/1/2016 1:46:18 PM,1.025214,Normal
1/1/2016 1:47:18 PM,1.025214,Normal
1/1/2016 1:48:18 PM,1.025214,Normal
1/1/2016 1:49:18 PM,1.025214,Normal
1/1/2016 1:50:18 PM,0.9771569,Normal
1/1/2016 1:51:18 PM,0.9771569,Normal
1/1/2016 1:52:18 PM,0.9771569,Normal
1/1/2016 1:53:18 PM,1.009195,Normal
1/1/2016 1:54:18 PM,1.009195,Normal
1/1/2016 1:55:18 PM,1.025214,Normal
1/1/2016 1:56:18 PM,1.025214,Normal
1/1/2016 1:57:18 PM,1.041233,Normal
1/1/2016 1:58:18 PM,1.009195,Normal
1/1/2016 1:59:18 PM,1.009195,Normal
1/1/2016 2:00:18 PM,1.009195,Normal
1/1/2016 2:01:18 PM,1.025214,Normal
1/1/2016 2:02:18 PM,0.961138,Normal
1/1/2016 2:03:18 PM,1.025214,Normal
1/1/2016 2:04:18 PM,0.9771569,Normal
1/1/2016 2:05:18 PM,1.041233,Normal
1/1/2016 2:06:18 PM,1.137347,Normal
1/1/2016 2:07:18 PM,0.9771569,Normal
1/1/2016 2:08:18 PM,1.025214,Normal
1/1/2016 2:09:18 PM,1.025214,Normal
1/1/2016 2:10:18 PM,1.025214,Normal
1/1/2016 2:11:18 PM,1.041233,Normal
1/1/2016 2:12:18 PM,1.025214,Normal
1/1/2016 2:13:18 PM,1.057252,Normal
1/1/2016 2:14:18 PM,1.009195,Normal
1/1/2016 2:15:18 PM,1.009195,Normal
1/1/2016 2:16:18 PM,1.08929,Normal
1/1/2016 2:17:18 PM,1.025214,Normal
1/1/2016 2:18:18 PM,1.041233,Normal
1/1/2016 2:19:18 PM,0.9771569,Normal
1/1/2016 2:20:18 PM,1.08929,Normal
1/1/2016 2:28:42 PM,0.9771569,Normal
1/1/2016 2:29:42 PM,1.041233,Normal
1/1/2016 2:30:42 PM,1.009195,Normal
1/1/2016 2:31:42 PM,1.025214,Normal
1/1/2016 2:32:42 PM,1.025214,Normal
1/1/2016 2:33:42 PM,1.009195,Normal
1/1/2016 2:34:42 PM,0.9771569,Normal
1/1/2016 2:35:42 PM,0.9771569,Normal
1/1/2016 2:36:42 PM,1.009195,Normal
1/1/2016 2:37:42 PM,0.9771569,Normal
1/1/2016 2:38:42 PM,1.057252,Normal
1/1/2016 2:39:42 PM,1.009195,Normal
1/1/2016 2:40:42 PM,1.025214,Normal
1/1/2016 2:41:42 PM,1.009195,Normal
1/1/2016 2:42:42 PM,1.041233,Normal
1/1/2016 2:43:42 PM,1.009195,Normal
1/1/2016 2:44:42 PM,1.041233,Normal
1/1/2016 2:45:42 PM,0.9771569,Normal
1/1/2016 2:46:42 PM,1.025214,Normal
1/1/2016 2:47:42 PM,1.025214,Normal
1/1/2016 2:48:42 PM,1.041233,Normal
1/1/2016 2:49:42 PM,1.08929,Normal
1/1/2016 2:50:42 PM,1.057252,Normal
1/1/2016 2:51:42 PM,1.025214,Normal
1/1/2016 2:52:42 PM,1.025214,Normal
1/1/2016 2:53:42 PM,1.025214,Normal
1/1/2016 2:54:42 PM,0.9771569,Normal
1/1/2016 2:55:42 PM,1.057252,Normal
1/1/2016 2:56:42 PM,1.025214,Normal
1/1/2016 2:57:42 PM,1.025214,Normal
1/1/2016 2:58:42 PM,1.025214,Normal
1/1/2016 2:59:42 PM,1.025214,Normal
1/1/2016 3:00:42 PM,1.009195,Normal
1/1/2016 3:01:42 PM,0.961138,Normal
1/1/2016 3:02:42 PM,0.9771569,Normal
1/1/2016 3:03:42 PM,1.009195,Normal
1/1/2016 3:04:42 PM,1.009195,Normal
1/1/2016 3:05:42 PM,1.009195,Normal
1/1/2016 3:06:42 PM,0.9771569,Normal
1/1/2016 3:07:42 PM,1.041233,Normal
1/1/2016 3:08:42 PM,1.025214,Normal
1/1/2016 3:09:42 PM,1.025214,Normal
1/1/2016 3:10:42 PM,1.105309,Normal
1/1/2016 3:11:42 PM,1.025214,Normal
1/1/2016 3:12:42 PM,0.945119,Normal
1/1/2016 3:13:42 PM,1.009195,Normal
1/1/2016 3:14:42 PM,0.9771569,Normal
1/1/2016 3:15:42 PM,0.9771569,Normal
1/1/2016 3:16:42 PM,0.9771569,Normal
1/1/2016 3:17:42 PM,1.025214,Normal
1/1/2016 3:18:42 PM,1.025214,Normal
1/1/2016 3:19:42 PM,1.025214,Normal
1/1/2016 3:20:42 PM,1.009195,Normal
1/1/2016 3:21:42 PM,0.9771569,Normal
1/1/2016 3:22:42 PM,0.9771569,Normal
1/1/2016 3:23:42 PM,1.025214,Normal
1/1/2016 3:24:42 PM,0.9771569,Normal
1/1/2016 3:25:42 PM,1.009195,Normal
1/1/2016 3:26:42 PM,1.025214,Normal
1/1/2016 3:27:42 PM,1.025214,Normal
1/1/2016 3:28:42 PM,1.025214,Normal
1/1/2016 3:29:42 PM,1.009195,Normal
1/1/2016 3:30:42 PM,1.009195,Normal
1/1/2016 3:31:42 PM,1.009195,Normal
1/1/2016 3:32:42 PM,1.025214,Normal
1/1/2016 3:33:42 PM,1.009195,Normal
1/1/2016 3:34:42 PM,1.009195,Normal
1/1/2016 3:35:42 PM,0.961138,Normal
1/1/2016 3:36:42 PM,0.9771569,Normal
1/1/2016 3:37:42 PM,1.009195,Normal
1/1/2016 3:38:42 PM,1.057252,Normal
1/1/2016 3:39:42 PM,1.041233,Normal
1/1/2016 3:40:42 PM,0.9771569,Normal
1/1/2016 3:41:42 PM,0.9771569,Normal
1/1/2016 3:42:42 PM,0.9771569,Normal
1/1/2016 3:43:42 PM,0.9771569,Normal
1/1/2016 3:44:42 PM,1.057252,Normal
1/1/2016 3:45:42 PM,1.009195,Normal
1/1/2016 3:46:42 PM,1.009195,Normal
1/1/2016 3:47:42 PM,1.009195,Normal
1/1/2016 3:48:42 PM,1.009195,Normal
1/1/2016 3:49:42 PM,1.009195,Normal
1/1/2016 3:50:42 PM,1.057252,Normal
1/1/2016 3:51:42 PM,0.9771569,Normal
1/1/2016 3:52:42 PM,0.9771569,Normal
1/1/2016 3:53:42 PM,0.961138,Normal
1/1/2016 3:54:42 PM,0.9771569,Normal
1/1/2016 3:55:42 PM,0.9771569,Normal
1/1/2016 3:56:42 PM,0.9771569,Normal
1/1/2016 3:57:42 PM,0.9771569,Normal
1/1/2016 3:58:42 PM,1.025214,Normal
1/1/2016 3:59:42 PM,0.9771569,Normal
1/1/2016 4:00:42 PM,0.9771569,Normal
1/1/2016 4:01:42 PM,0.9771569,Normal
1/1/2016 4:02:42 PM,1.009195,Normal
1/1/2016 4:03:42 PM,0.961138,Normal
1/1/2016 4:04:42 PM,0.961138,Normal
1/1/2016 4:05:42 PM,1.009195,Normal
1/1/2016 4:06:42 PM,1.009195,Normal
1/1/2016 4:07:42 PM,0.9771569,Normal
1/1/2016 4:08:42 PM,0.9771569,Normal
1/1/2016 4:09:42 PM,1.025214,Normal
1/1/2016 4:10:42 PM,1.025214,Normal
1/1/2016 4:11:42 PM,0.9771569,Normal
1/1/2016 4:12:42 PM,1.009195,Normal
1/1/2016 4:13:42 PM,1.009195,Normal
1/1/2016 4:14:42 PM,1.009195,Normal
1/1/2016 4:15:42 PM,1.009195,Normal
1/1/2016 4:16:42 PM,0.9771569,Normal
1/1/2016 4:17:42 PM,0.961138,Normal
1/1/2016 4:18:42 PM,1.041233,Normal
1/1/2016 4:19:42 PM,1.041233,Normal
1/1/2016 4:20:42 PM,1.025214,Normal
1/1/2016 4:21:42 PM,1.009195,Normal
1/1/2016 4:22:42 PM,1.009195,Normal
1/1/2016 4:23:42 PM,1.105309,Normal
1/1/2016 4:24:42 PM,1.025214,Normal
1/1/2016 4:25:42 PM,1.057252,Normal
1/1/2016 4:26:42 PM,0.945119,Normal
1/1/2016 4:27:42 PM,1.025214,Normal
1/1/2016 4:28:42 PM,1.025214,Normal
1/1/2016 4:29:42 PM,1.025214,Normal
1/1/2016 4:30:42 PM,1.009195,Normal
1/1/2016 4:31:42 PM,1.025214,Normal
1/1/2016 4:32:42 PM,1.025214,Normal
1/1/2016 4:33:42 PM,1.025214,Normal
1/1/2016 4:34:42 PM,1.025214,Normal
1/1/2016 4:35:42 PM,1.009195,Normal
1/1/2016 4:36:42 PM,1.009195,Normal
1/1/2016 4:37:42 PM,1.137347,Normal
1/1/2016 4:38:42 PM,1.009195,Normal
1/1/2016 4:39:42 PM,1.009195,Normal
1/1/2016 4:40:42 PM,1.009195,Normal
1/1/2016 4:41:42 PM,1.009195,Normal
1/1/2016 4:42:42 PM,1.009195,Normal
1/1/2016 4:43:42 PM,0.9771569,Normal
1/1/2016 4:44:42 PM,1.025214,Normal
1/1/2016 4:45:42 PM,0.961138,Normal
1/1/2016 4:46:42 PM,0.9291,Normal
1/1/2016 4:47:42 PM,1.025214,Normal
1/1/2016 4:48:42 PM,0.9771569,Normal
1/1/2016 4:49:42 PM,1.025214,Normal
1/1/2016 4:50:42 PM,1.009195,Normal
1/1/2016 4:51:42 PM,0.9771569,Normal
1/1/2016 4:52:42 PM,0.9771569,Normal
1/1/2016 4:53:42 PM,1.009195,Normal
1/1/2016 4:54:42 PM,1.105309,Normal
1/1/2016 4:55:42 PM,1.009195,Normal
1/1/2016 4:56:42 PM,1.025214,Normal
1/1/2016 4:57:42 PM,1.025214,Normal
1/1/2016 4:58:42 PM,1.025214,Normal
1/1/2016 4:59:42 PM,1.025214,Normal
1/1/2016 5:00:42 PM,0.9291,Normal
1/1/2016 5:01:42 PM,0.9771569,Normal
1/1/2016 5:02:42 PM,1.025214,Normal
1/1/2016 5:03:42 PM,1.025214,Normal
1/1/2016 5:04:42 PM,1.041233,Normal
1/1/2016 5:05:42 PM,1.025214,Normal
1/1/2016 5:06:42 PM,1.009195,Normal
1/1/2016 5:07:42 PM,1.025214,Normal
1/1/2016 5:08:42 PM,1.025214,Normal
1/1/2016 5:09:42 PM,1.025214,Normal
1/1/2016 5:10:42 PM,1.025214,Normal
1/1/2016 5:11:42 PM,1.025214,Normal
1/1/2016 5:14:23 PM,0.9771569,Normal
1/1/2016 5:15:23 PM,0.9771569,Normal
1/1/2016 5:16:23 PM,1.025214,Normal
1/1/2016 5:17:23 PM,0.9771569,Normal
1/1/2016 5:18:23 PM,1.025214,Normal
1/1/2016 5:27:24 PM,0.9771569,Normal
1/1/2016 5:28:24 PM,0.9771569,Normal
1/1/2016 5:29:24 PM,0.9771569,Normal
1/1/2016 5:30:24 PM,1.009195,Normal
1/1/2016 5:31:24 PM,1.009195,Normal
1/1/2016 5:32:24 PM,1.009195,Normal
1/1/2016 5:33:24 PM,1.009195,Normal
1/1/2016 5:34:24 PM,0.9771569,Normal
1/1/2016 5:35:24 PM,0.9771569,Normal
1/1/2016 5:36:24 PM,0.9771569,Normal
1/1/2016 5:37:24 PM,0.961138,Normal
1/1/2016 5:38:24 PM,0.961138,Normal
1/1/2016 5:39:24 PM,0.961138,Normal
1/1/2016 5:40:24 PM,1.009195,Normal
1/1/2016 5:41:24 PM,1.009195,Normal
1/1/2016 5:42:24 PM,1.025214,Normal
1/1/2016 5:43:24 PM,1.041233,Normal
1/1/2016 5:44:24 PM,1.025214,Normal
1/1/2016 5:45:24 PM,1.025214,Normal
1/1/2016 5:46:24 PM,0.9771569,Normal
1/1/2016 5:47:24 PM,0.9771569,Normal
1/1/2016 5:48:24 PM,1.057252,Normal
1/1/2016 5:49:24 PM,1.025214,Normal
1/1/2016 5:50:24 PM,0.9771569,Normal
1/1/2016 5:51:24 PM,0.9771569,Normal
1/1/2016 5:52:24 PM,1.057252,Normal
1/1/2016 5:53:24 PM,1.057252,Normal
1/1/2016 5:54:24 PM,1.025214,Normal
1/1/2016 5:55:24 PM,1.041233,Normal
1/1/2016 5:56:24 PM,1.025214,Normal
1/1/2016 5:57:24 PM,1.009195,Normal
1/1/2016 5:58:24 PM,1.009195,Normal
1/1/2016 5:59:24 PM,1.009195,Normal
1/1/2016 6:00:24 PM,1.009195,Normal
1/1/2016 6:01:24 PM,1.025214,Normal
1/1/2016 6:02:24 PM,1.025214,Normal
1/1/2016 6:03:24 PM,1.009195,Normal
1/1/2016 6:04:24 PM,1.009195,Normal
1/1/2016 6:05:24 PM,1.009195,Normal
1/1/2016 6:06:24 PM,0.945119,Normal
1/1/2016 6:07:24 PM,1.08929,Normal
1/1/2016 6:08:24 PM,0.945119,Normal
1/1/2016 6:09:24 PM,1.009195,Normal
1/1/2016 6:10:24 PM,1.08929,Normal
1/1/2016 6:11:24 PM,1.105309,Normal
1/1/2016 6:12:24 PM,1.009195,Normal
1/1/2016 6:13:24 PM,1.041233,Normal
1/1/2016 6:14:24 PM,1.025214,Normal
1/1/2016 6:15:24 PM,1.025214,Normal
1/1/2016 6:16:24 PM,1.025214,Normal
1/1/2016 6:17:24 PM,1.025214,Normal
1/1/2016 6:18:24 PM,1.025214,Normal
1/1/2016 6:19:24 PM,1.041233,Normal
1/1/2016 6:20:24 PM,1.041233,Normal
1/1/2016 6:21:24 PM,1.025214,Normal
1/1/2016 6:22:24 PM,1.08929,Normal
1/1/2016 6:23:24 PM,1.025214,Normal
1/1/2016 6:24:24 PM,1.025214,Normal
1/1/2016 6:25:24 PM,1.041233,Normal
1/1/2016 6:26:24 PM,0.9771569,Normal
1/1/2016 6:27:24 PM,1.057252,Normal
1/1/2016 6:28:24 PM,1.041233,Normal
1/1/2016 6:29:24 PM,1.08929,Normal
1/1/2016 6:30:24 PM,1.025214,Normal
1/1/2016 6:31:24 PM,1.025214,Normal
1/1/2016 6:32:24 PM,1.009195,Normal
1/1/2016 6:33:24 PM,1.009195,Normal
1/1/2016 6:34:24 PM,1.025214,Normal
1/1/2016 6:35:24 PM,1.009195,Normal
1/1/2016 6:36:24 PM,1.009195,Normal
1/1/2016 6:37:24 PM,1.009195,Normal
1/1/2016 6:38:24 PM,1.009195,Normal
1/1/2016 6:39:24 PM,1.009195,Normal
1/1/2016 6:40:24 PM,1.009195,Normal
1/1/2016 6:41:24 PM,1.009195,Normal
1/1/2016 6:42:24 PM,1.009195,Normal
1/1/2016 6:43:24 PM,1.025214,Normal
1/1/2016 6:44:24 PM,1.009195,Normal
1/1/2016 6:45:24 PM,1.009195,Normal
1/1/2016 6:46:24 PM,1.025214,Normal
1/1/2016 6:47:24 PM,0.9771569,Normal
1/1/2016 6:48:24 PM,0.9771569,Normal
1/1/2016 6:49:24 PM,0.9771569,Normal
1/1/2016 6:50:24 PM,0.9291,Normal
1/1/2016 6:51:24 PM,0.961138,Normal
1/1/2016 6:52:24 PM,1.009195,Normal
1/1/2016 6:53:24 PM,0.961138,Normal
1/1/2016 6:54:24 PM,0.961138,Normal
1/1/2016 6:55:24 PM,0.9771569,Normal
1/1/2016 6:56:24 PM,0.9771569,Normal
1/1/2016 6:57:24 PM,0.9771569,Normal
1/1/2016 6:58:24 PM,0.9771569,Normal
1/1/2016 6:59:24 PM,0.9771569,Normal
1/1/2016 7:00:24 PM,0.9771569,Normal
1/1/2016 7:01:24 PM,1.057252,Normal
1/1/2016 7:02:24 PM,0.961138,Normal
1/1/2016 7:03:24 PM,0.9771569,Normal
1/1/2016 7:04:24 PM,0.9771569,Normal
1/1/2016 7:05:24 PM,0.9771569,Normal
1/1/2016 7:06:24 PM,0.9771569,Normal
1/1/2016 7:07:24 PM,0.9771569,Normal
1/1/2016 7:08:24 PM,0.9771569,Normal
1/1/2016 7:09:24 PM,1.009195,Normal
1/1/2016 7:10:24 PM,0.9771569,Normal
1/1/2016 7:11:24 PM,0.9771569,Normal
1/1/2016 7:12:24 PM,0.9771569,Normal
1/1/2016 7:13:24 PM,0.9771569,Normal
1/1/2016 7:14:24 PM,0.8810431,Normal
1/1/2016 7:15:24 PM,0.9771569,Normal
1/1/2016 7:16:24 PM,1.041233,Normal
1/1/2016 7:17:24 PM,0.9771569,Normal
1/1/2016 7:18:24 PM,0.9771569,Normal
1/1/2016 7:19:24 PM,0.9771569,Normal
1/1/2016 7:20:24 PM,0.961138,Normal
1/1/2016 7:21:24 PM,1.121328,Normal
1/1/2016 7:22:24 PM,1.041233,Normal
1/1/2016 7:23:24 PM,0.9771569,Normal
1/1/2016 7:24:24 PM,0.9771569,Normal
1/1/2016 7:25:24 PM,0.9771569,Normal
1/1/2016 7:26:24 PM,0.9771569,Normal
1/1/2016 7:27:24 PM,0.9771569,Normal
1/1/2016 7:28:24 PM,0.9771569,Normal
1/1/2016 7:29:24 PM,1.105309,Normal
1/1/2016 7:30:24 PM,0.9771569,Normal
1/1/2016 7:31:24 PM,0.945119,Normal
1/1/2016 7:32:24 PM,0.9771569,Normal
1/1/2016 7:33:24 PM,0.9771569,Normal
1/1/2016 7:34:24 PM,0.9771569,Normal
1/1/2016 7:35:24 PM,0.961138,Normal
1/1/2016 7:36:24 PM,0.961138,Normal
1/1/2016 7:37:24 PM,0.9291,Normal
1/1/2016 7:38:24 PM,0.8970621,Normal
1/1/2016 7:39:24 PM,1.009195,Normal
1/1/2016 7:40:24 PM,1.025214,Normal
1/1/2016 7:41:24 PM,1.041233,Normal
1/1/2016 7:42:24 PM,0.961138,Normal
1/1/2016 7:43:24 PM,0.8970621,Normal
1/1/2016 7:44:24 PM,0.9771569,Normal
1/1/2016 7:45:24 PM,0.9771569,Normal
1/1/2016 7:46:24 PM,0.8970621,Normal
1/1/2016 7:47:24 PM,0.961138,Normal
1/1/2016 7:48:24 PM,1.009195,Normal
1/1/2016 7:49:24 PM,0.9771569,Normal
1/1/2016 7:50:24 PM,0.945119,Normal
1/1/2016 7:51:24 PM,0.8810431,Normal
1/1/2016 7:52:24 PM,0.9771569,Normal
1/1/2016 7:53:24 PM,0.961138,Normal
1/1/2016 7:54:24 PM,1.009195,Normal
1/1/2016 7:55:24 PM,0.9771569,Normal
1/1/2016 7:56:24 PM,1.009195,Normal
1/1/2016 7:57:24 PM,0.9291,Normal
1/1/2016 7:58:24 PM,0.945119,Normal
1/1/2016 7:59:24 PM,0.961138,Normal
1/1/2016 8:00:24 PM,0.961138,Normal
1/1/2016 8:01:24 PM,0.961138,Normal
1/1/2016 8:02:24 PM,0.945119,Normal
1/1/2016 8:03:24 PM,0.945119,Normal
1/1/2016 8:04:24 PM,0.945119,Normal
1/1/2016 8:05:24 PM,1.009195,Normal
1/1/2016 8:06:24 PM,0.9771569,Normal
1/1/2016 8:07:24 PM,0.961138,Normal
1/1/2016 8:08:24 PM,0.945119,Normal
1/1/2016 8:09:24 PM,0.945119,Normal
1/1/2016 8:10:24 PM,0.9291,Normal
1/1/2016 8:11:24 PM,0.8810431,Normal
1/1/2016 8:12:24 PM,0.9771569,Normal
1/1/2016 8:13:24 PM,1.025214,Normal
1/1/2016 8:14:24 PM,0.9291,Normal
1/1/2016 8:15:24 PM,0.9291,Normal
1/1/2016 8:16:24 PM,0.9771569,Normal
1/1/2016 8:17:24 PM,1.025214,Normal
1/1/2016 8:18:24 PM,0.945119,Normal
1/1/2016 8:19:24 PM,0.961138,Normal
1/1/2016 8:20:24 PM,0.9291,Normal
1/1/2016 8:21:24 PM,0.8490052,Normal
1/1/2016 8:22:24 PM,0.8490052,Normal
1/1/2016 8:23:24 PM,0.9291,Normal
1/1/2016 8:24:24 PM,0.9291,Normal
1/1/2016 8:25:24 PM,0.9771569,Normal
1/1/2016 8:26:24 PM,0.9771569,Normal
1/1/2016 8:27:24 PM,0.8650241,Normal
1/1/2016 8:28:24 PM,0.8970621,Normal
1/1/2016 8:29:24 PM,0.8810431,Normal
1/1/2016 8:30:24 PM,0.8490052,Normal
1/1/2016 8:31:24 PM,0.8970621,Normal
1/1/2016 8:32:24 PM,0.8650241,Normal
1/1/2016 8:33:24 PM,0.945119,Normal
1/1/2016 8:34:24 PM,0.945119,Normal
1/1/2016 8:35:24 PM,0.9291,Normal
1/1/2016 8:36:24 PM,0.8810431,Normal
1/1/2016 8:37:24 PM,0.8970621,Normal
1/1/2016 8:38:24 PM,0.8810431,Normal
1/1/2016 8:39:24 PM,0.945119,Normal
1/1/2016 8:40:24 PM,0.945119,Normal
1/1/2016 8:41:24 PM,0.9291,Normal
1/1/2016 8:42:24 PM,0.8810431,Normal
1/1/2016 8:43:24 PM,0.961138,Normal
1/1/2016 8:44:24 PM,0.8490052,Normal
1/1/2016 8:45:24 PM,0.8810431,Normal
1/1/2016 8:46:24 PM,0.961138,Normal
1/1/2016 8:47:24 PM,0.9771569,Normal
1/1/2016 8:48:24 PM,0.8009483,Normal
1/1/2016 8:49:24 PM,0.9291,Normal
1/1/2016 8:50:24 PM,1.009195,Normal
1/1/2016 8:51:24 PM,0.9291,Normal
1/1/2016 8:52:24 PM,0.9291,Normal
1/1/2016 8:53:24 PM,0.961138,Normal
1/1/2016 8:54:24 PM,1.025214,Normal
1/1/2016 8:55:24 PM,0.9291,Normal
1/1/2016 8:56:24 PM,0.9291,Normal
1/1/2016 8:57:24 PM,0.9771569,Normal
1/1/2016 8:58:24 PM,0.945119,Normal
1/1/2016 8:59:24 PM,0.945119,Normal
1/1/2016 9:00:24 PM,0.9291,Normal
1/1/2016 9:01:24 PM,0.8810431,Normal
1/1/2016 9:02:24 PM,0.9771569,Normal
1/1/2016 9:03:24 PM,0.961138,Normal
1/1/2016 9:04:24 PM,0.8970621,Normal
1/1/2016 9:05:24 PM,0.8810431,Normal
1/1/2016 9:06:24 PM,0.961138,Normal
1/1/2016 9:07:24 PM,0.945119,Normal
1/1/2016 9:08:24 PM,0.945119,Normal
1/1/2016 9:09:24 PM,0.8970621,Normal
1/1/2016 9:10:24 PM,0.8810431,Normal
1/1/2016 9:11:24 PM,0.7849293,Normal
1/1/2016 9:12:24 PM,0.8970621,Normal
1/1/2016 9:13:24 PM,1.009195,Normal
1/1/2016 9:14:24 PM,0.9291,Normal
1/1/2016 9:15:24 PM,0.8810431,Normal
1/1/2016 9:16:24 PM,0.8810431,Normal
1/1/2016 9:17:24 PM,0.8169672,Normal
1/1/2016 9:18:24 PM,0.8650241,Normal
1/1/2016 9:19:24 PM,0.8810431,Normal
1/1/2016 9:20:24 PM,0.8490052,Normal
1/1/2016 9:21:24 PM,0.945119,Normal
1/1/2016 9:22:24 PM,0.8970621,Normal
1/1/2016 9:23:24 PM,0.8970621,Normal
1/1/2016 9:24:24 PM,0.8810431,Normal
1/1/2016 9:25:24 PM,0.945119,Normal
1/1/2016 9:26:24 PM,0.961138,Normal
1/1/2016 9:27:24 PM,0.9771569,Normal
1/1/2016 9:28:24 PM,0.961138,Normal
1/1/2016 9:29:24 PM,1.009195,Normal
1/1/2016 9:30:24 PM,0.961138,Normal
1/1/2016 9:31:24 PM,0.945119,Normal
1/1/2016 9:32:24 PM,0.8810431,Normal
1/1/2016 9:33:24 PM,0.945119,Normal
1/1/2016 9:34:24 PM,0.8810431,Normal
1/1/2016 9:35:24 PM,0.961138,Normal
1/1/2016 9:36:24 PM,0.8970621,Normal
1/1/2016 9:37:24 PM,0.8810431,Normal
1/1/2016 9:38:24 PM,0.961138,Normal
1/1/2016 9:39:24 PM,0.9291,Normal
1/1/2016 9:40:24 PM,0.8810431,Normal
1/1/2016 9:41:24 PM,0.8810431,Normal
1/1/2016 9:42:24 PM,0.8650241,Normal
1/1/2016 9:43:24 PM,0.8970621,Normal
1/1/2016 9:44:24 PM,0.8650241,Normal
1/1/2016 9:45:24 PM,0.8009483,Normal
1/1/2016 9:46:24 PM,0.8810431,Normal
1/1/2016 9:47:24 PM,0.8490052,Normal
1/1/2016 9:48:24 PM,0.8490052,Normal
1/1/2016 9:49:24 PM,0.8490052,Normal
1/1/2016 9:50:24 PM,0.8650241,Normal
1/1/2016 9:51:24 PM,0.8810431,Normal
1/1/2016 9:52:24 PM,0.8169672,Normal
1/1/2016 9:53:24 PM,0.8169672,Normal
1/1/2016 9:54:24 PM,0.8169672,Normal
1/1/2016 9:55:24 PM,0.8490052,Normal
1/1/2016 9:56:24 PM,0.8490052,Normal
1/1/2016 9:57:24 PM,0.8970621,Normal
1/1/2016 9:58:24 PM,0.8169672,Normal
1/1/2016 9:59:24 PM,0.8009483,Normal
1/1/2016 10:00:24 PM,0.7689104,Normal
1/1/2016 10:01:24 PM,0.8009483,Normal
1/1/2016 10:02:24 PM,0.9291,Normal
1/1/2016 10:03:24 PM,0.8810431,Normal
1/1/2016 10:04:24 PM,0.8650241,Normal
1/1/2016 10:05:24 PM,0.8970621,Normal
1/1/2016 10:06:24 PM,0.8970621,Normal
1/1/2016 10:07:24 PM,0.961138,Normal
1/1/2016 10:08:24 PM,0.8490052,Normal
1/1/2016 10:09:24 PM,0.8650241,Normal
1/1/2016 10:10:24 PM,0.8810431,Normal
1/1/2016 10:11:24 PM,0.9291,Normal
1/1/2016 10:12:24 PM,0.8650241,Normal
1/1/2016 10:13:24 PM,0.8490052,Normal
1/1/2016 10:14:24 PM,0.945119,Normal
1/1/2016 10:15:24 PM,0.8169672,Normal
1/1/2016 10:25:24 PM,0.7849293,Normal
1/1/2016 10:26:24 PM,0.8490052,Normal
1/1/2016 10:27:24 PM,0.8810431,Normal
1/1/2016 10:28:24 PM,0.8169672,Normal
1/1/2016 10:29:24 PM,0.8970621,Normal
1/1/2016 10:30:24 PM,0.8650241,Normal
1/1/2016 10:31:24 PM,0.8650241,Normal
1/1/2016 10:32:24 PM,0.8650241,Normal
1/1/2016 10:33:24 PM,0.8650241,Normal
1/1/2016 10:34:24 PM,0.8490052,Normal
1/1/2016 10:35:24 PM,0.961138,Normal
1/1/2016 10:36:24 PM,0.8490052,Normal
1/1/2016 10:37:24 PM,0.8810431,Normal
1/1/2016 10:38:24 PM,0.8169672,Normal
1/1/2016 10:39:24 PM,0.8169672,Normal
1/1/2016 10:40:24 PM,0.8169672,Normal
1/1/2016 10:41:24 PM,0.8009483,Normal
1/1/2016 10:42:24 PM,0.8169672,Normal
1/1/2016 10:43:24 PM,0.7849293,Normal
1/1/2016 10:44:24 PM,0.7689104,Normal
1/1/2016 10:45:24 PM,0.7849293,Normal
1/1/2016 10:46:24 PM,0.8009483,Normal
1/1/2016 10:47:24 PM,0.8169672,Normal
1/1/2016 10:48:24 PM,0.8169672,Normal
1/1/2016 10:49:24 PM,0.8169672,Normal
1/1/2016 10:50:24 PM,0.8169672,Normal
1/1/2016 10:51:24 PM,0.8009483,Normal
1/1/2016 10:52:24 PM,0.8169672,Normal
1/1/2016 10:53:24 PM,0.8009483,Normal
1/1/2016 10:54:24 PM,0.8490052,Normal
1/1/2016 10:55:24 PM,0.8169672,Normal
1/1/2016 10:56:24 PM,0.8169672,Normal
1/1/2016 10:57:24 PM,0.8169672,Normal
1/1/2016 10:58:24 PM,0.8009483,Normal
1/1/2016 10:59:24 PM,0.8009483,Normal
1/1/2016 11:00:24 PM,0.8009483,Normal
1/1/2016 11:01:24 PM,0.8009483,Normal
1/1/2016 11:02:24 PM,0.8009483,Normal
1/1/2016 11:03:24 PM,0.8490052,Normal
1/1/2016 11:04:24 PM,0.7849293,Normal
1/1/2016 11:05:24 PM,0.8169672,Normal
1/1/2016 11:06:24 PM,0.8169672,Normal
1/1/2016 11:07:24 PM,0.8490052,Normal
1/1/2016 11:08:24 PM,0.7368724,Normal
1/1/2016 11:09:24 PM,0.8490052,Normal
1/1/2016 11:10:24 PM,0.8810431,Normal
1/1/2016 11:11:24 PM,0.8490052,Normal
1/1/2016 11:12:24 PM,0.8169672,Normal
1/1/2016 11:13:24 PM,0.8169672,Normal
1/1/2016 11:14:24 PM,0.8169672,Normal
1/1/2016 11:15:24 PM,0.8169672,Normal
1/1/2016 11:16:24 PM,0.8169672,Normal
1/1/2016 11:17:24 PM,0.8490052,Normal
1/1/2016 11:18:24 PM,0.8009483,Normal
1/1/2016 11:19:24 PM,0.8009483,Normal
1/1/2016 11:20:24 PM,0.8009483,Normal
1/1/2016 11:21:24 PM,0.8009483,Normal
1/1/2016 11:22:24 PM,0.8009483,Normal
1/1/2016 11:23:24 PM,0.8490052,Normal
1/1/2016 11:24:24 PM,0.7849293,Normal
1/1/2016 11:25:24 PM,0.8490052,Normal
1/1/2016 11:26:24 PM,0.7849293,Normal
1/1/2016 11:27:24 PM,0.8169672,Normal
1/1/2016 11:28:24 PM,0.8169672,Normal
1/1/2016 11:29:24 PM,0.8009483,Normal
1/1/2016 11:30:24 PM,0.8810431,Normal
1/1/2016 11:31:24 PM,0.8009483,Normal
1/1/2016 11:32:24 PM,0.8490052,Normal
1/1/2016 11:33:24 PM,0.8650241,Normal
1/1/2016 11:34:24 PM,0.8650241,Normal
1/1/2016 11:35:24 PM,0.8810431,Normal
1/1/2016 11:36:24 PM,0.8810431,Normal
1/1/2016 11:37:24 PM,0.8490052,Normal
1/1/2016 11:38:24 PM,0.8490052,Normal
1/1/2016 11:39:24 PM,0.9291,Normal
1/1/2016 11:40:24 PM,0.8490052,Normal
1/1/2016 11:41:24 PM,0.8169672,Normal
1/1/2016 11:42:24 PM,0.8009483,Normal
1/1/2016 11:43:24 PM,0.8970621,Normal
1/1/2016 11:44:24 PM,0.8650241,Normal
1/1/2016 11:45:24 PM,0.8970621,Normal
1/1/2016 11:46:24 PM,0.7849293,Normal
1/1/2016 11:47:24 PM,0.8009483,Normal
1/1/2016 11:48:24 PM,0.8490052,Normal
1/1/2016 11:49:24 PM,0.8490052,Normal
1/1/2016 11:50:24 PM,0.8650241,Normal
1/1/2016 11:51:24 PM,0.8650241,Normal
1/1/2016 11:52:24 PM,0.8970621,Normal
1/1/2016 11:53:24 PM,0.8169672,Normal
1/1/2016 11:54:24 PM,0.8169672,Normal
1/1/2016 11:55:24 PM,0.8490052,Normal
1/1/2016 11:56:24 PM,0.8810431,Normal
1/1/2016 11:57:24 PM,0.8009483,Normal
1/1/2016 11:58:24 PM,0.8169672,Normal
1/1/2016 11:59:24 PM,0.8169672,Normal
2/1/2016 12:00:24 AM,0.7849293,Normal
2/1/2016 12:01:24 AM,0.8490052,Normal
2/1/2016 12:02:24 AM,0.8169672,Normal
2/1/2016 12:03:24 AM,0.8169672,Normal
2/1/2016 12:04:24 AM,0.8009483,Normal
2/1/2016 12:05:24 AM,0.8009483,Normal
2/1/2016 12:06:24 AM,0.8009483,Normal
2/1/2016 12:07:24 AM,0.8009483,Normal
2/1/2016 12:08:24 AM,0.8009483,Normal
2/1/2016 12:09:24 AM,0.8009483,Normal
2/1/2016 12:10:24 AM,0.8009483,Normal
2/1/2016 12:11:24 AM,0.8169672,Normal
2/1/2016 12:12:24 AM,0.8490052,Normal
2/1/2016 12:13:24 AM,0.8169672,Normal
2/1/2016 12:14:24 AM,0.8490052,Normal
2/1/2016 12:15:24 AM,0.8169672,Normal
2/1/2016 12:16:24 AM,0.8169672,Normal
2/1/2016 12:17:24 AM,0.8169672,Normal
2/1/2016 12:18:24 AM,0.8169672,Normal
2/1/2016 12:19:24 AM,0.7849293,Normal
2/1/2016 12:20:24 AM,0.8490052,Normal
2/1/2016 12:21:24 AM,0.8490052,Normal
2/1/2016 12:22:24 AM,0.8490052,Normal
2/1/2016 12:23:24 AM,0.8009483,Normal
2/1/2016 12:24:24 AM,0.7849293,Normal
2/1/2016 12:25:24 AM,0.8970621,Normal
2/1/2016 12:26:24 AM,0.8169672,Normal
2/1/2016 12:27:24 AM,0.8490052,Normal
2/1/2016 12:28:24 AM,0.9291,Normal
2/1/2016 12:29:24 AM,0.8810431,Normal
2/1/2016 12:30:24 AM,0.8490052,Normal
2/1/2016 12:31:24 AM,0.8650241,Normal
2/1/2016 12:32:24 AM,0.7689104,Normal
2/1/2016 12:33:24 AM,0.8169672,Normal
2/1/2016 12:34:24 AM,0.8169672,Normal
2/1/2016 12:35:24 AM,0.8169672,Normal
2/1/2016 12:36:24 AM,0.8810431,Normal
2/1/2016 12:37:24 AM,0.8009483,Normal
2/1/2016 12:38:24 AM,0.8650241,Normal
2/1/2016 12:39:24 AM,0.8169672,Normal
2/1/2016 12:40:24 AM,0.8650241,Normal
2/1/2016 12:41:24 AM,0.7849293,Normal
2/1/2016 12:42:24 AM,0.7689104,Normal
2/1/2016 12:43:24 AM,0.8009483,Normal
2/1/2016 12:44:24 AM,0.8009483,Normal
2/1/2016 12:45:24 AM,0.8009483,Normal
2/1/2016 12:46:24 AM,0.8009483,Normal
2/1/2016 12:47:24 AM,0.8009483,Normal
2/1/2016 12:48:24 AM,0.8009483,Normal
2/1/2016 12:49:24 AM,0.9291,Normal
2/1/2016 12:50:24 AM,0.8009483,Normal
2/1/2016 12:51:24 AM,0.8490052,Normal
2/1/2016 12:52:24 AM,0.8169672,Normal
2/1/2016 12:53:24 AM,0.8169672,Normal
2/1/2016 12:54:24 AM,0.8169672,Normal
2/1/2016 12:55:24 AM,0.8169672,Normal
2/1/2016 12:56:24 AM,0.7849293,Normal
2/1/2016 12:57:24 AM,0.8009483,Normal
2/1/2016 12:58:24 AM,0.8009483,Normal
2/1/2016 12:59:24 AM,0.8009483,Normal
2/1/2016 1:00:24 AM,0.8650241,Normal
2/1/2016 1:01:24 AM,0.8650241,Normal
2/1/2016 1:02:24 AM,0.8169672,Normal
2/1/2016 1:03:24 AM,0.8169672,Normal
2/1/2016 1:04:24 AM,0.8009483,Normal
2/1/2016 1:05:24 AM,0.8169672,Normal
2/1/2016 1:06:24 AM,0.8490052,Normal
2/1/2016 1:07:24 AM,0.8650241,Normal
2/1/2016 1:08:24 AM,0.8169672,Normal
2/1/2016 1:09:24 AM,0.8169672,Normal
2/1/2016 1:10:24 AM,0.8169672,Normal
2/1/2016 1:11:24 AM,0.8490052,Normal
2/1/2016 1:12:24 AM,0.8810431,Normal
2/1/2016 1:13:24 AM,0.8810431,Normal
2/1/2016 1:14:24 AM,0.8650241,Normal
2/1/2016 1:15:24 AM,0.8169672,Normal
2/1/2016 1:16:24 AM,0.8169672,Normal
2/1/2016 1:17:24 AM,0.8009483,Normal
2/1/2016 1:18:24 AM,0.8009483,Normal
2/1/2016 1:19:24 AM,0.8650241,Normal
2/1/2016 1:20:24 AM,0.8009483,Normal
2/1/2016 1:21:24 AM,0.8490052,Normal
2/1/2016 1:22:24 AM,0.8169672,Normal
2/1/2016 1:23:24 AM,0.8490052,Normal
2/1/2016 1:24:24 AM,0.7689104,Normal
2/1/2016 1:25:24 AM,0.7849293,Normal
2/1/2016 1:26:24 AM,0.8169672,Normal
2/1/2016 1:27:24 AM,0.8490052,Normal
2/1/2016 1:28:24 AM,0.8169672,Normal
2/1/2016 1:29:24 AM,0.8169672,Normal
2/1/2016 1:30:24 AM,0.8169672,Normal
2/1/2016 1:31:24 AM,0.8810431,Normal
2/1/2016 1:32:24 AM,0.8490052,Normal
2/1/2016 1:33:24 AM,0.7689104,Normal
2/1/2016 1:34:24 AM,0.8810431,Normal
2/1/2016 1:35:24 AM,0.8169672,Normal
2/1/2016 1:36:24 AM,0.8970621,Normal
2/1/2016 1:37:24 AM,0.8650241,Normal
2/1/2016 1:38:24 AM,0.8009483,Normal
2/1/2016 1:39:24 AM,0.8490052,Normal
2/1/2016 1:40:24 AM,0.8169672,Normal
2/1/2016 1:41:24 AM,0.8169672,Normal
2/1/2016 1:42:24 AM,0.8490052,Normal
2/1/2016 1:43:24 AM,0.8009483,Normal
2/1/2016 1:44:24 AM,0.8650241,Normal
2/1/2016 1:45:24 AM,0.8009483,Normal
2/1/2016 1:46:24 AM,0.8009483,Normal
2/1/2016 1:47:24 AM,0.8009483,Normal
2/1/2016 1:48:24 AM,0.8009483,Normal
2/1/2016 1:49:24 AM,0.8009483,Normal
2/1/2016 1:50:24 AM,0.8009483,Normal
2/1/2016 1:51:24 AM,0.8009483,Normal
2/1/2016 1:52:24 AM,0.8009483,Normal
2/1/2016 1:53:24 AM,0.8009483,Normal
2/1/2016 1:54:24 AM,0.8009483,Normal
2/1/2016 1:55:24 AM,0.8009483,Normal
2/1/2016 1:56:24 AM,0.8009483,Normal
2/1/2016 1:57:24 AM,0.7849293,Normal
2/1/2016 1:58:24 AM,0.7849293,Normal
2/1/2016 1:59:24 AM,0.7849293,Normal
2/1/2016 2:00:24 AM,0.8169672,Normal
2/1/2016 2:01:24 AM,0.8169672,Normal
2/1/2016 2:02:24 AM,0.8009483,Normal
2/1/2016 2:03:24 AM,0.8169672,Normal
2/1/2016 2:04:24 AM,0.8169672,Normal
2/1/2016 2:05:24 AM,0.7689104,Normal
2/1/2016 2:06:24 AM,0.7849293,Normal
2/1/2016 2:07:24 AM,0.8009483,Normal
2/1/2016 2:08:24 AM,0.8009483,Normal
2/1/2016 2:09:24 AM,0.8009483,Normal
2/1/2016 2:10:24 AM,0.8009483,Normal
2/1/2016 2:11:24 AM,0.7048345,Normal
2/1/2016 2:12:24 AM,0.8169672,Normal
2/1/2016 2:13:24 AM,0.8009483,Normal
2/1/2016 2:14:24 AM,0.8169672,Normal
2/1/2016 2:15:24 AM,0.8490052,Normal
2/1/2016 2:16:24 AM,0.8490052,Normal
2/1/2016 2:17:24 AM,0.8169672,Normal
2/1/2016 2:18:24 AM,0.7849293,Normal
2/1/2016 2:19:24 AM,0.8490052,Normal
2/1/2016 2:20:24 AM,0.8009483,Normal
2/1/2016 2:21:24 AM,0.8169672,Normal
2/1/2016 2:22:24 AM,0.8009483,Normal
2/1/2016 2:23:24 AM,0.8009483,Normal
2/1/2016 2:24:24 AM,0.8009483,Normal
2/1/2016 2:25:24 AM,0.8490052,Normal
2/1/2016 2:26:24 AM,0.7849293,Normal
2/1/2016 2:27:24 AM,0.8650241,Normal
2/1/2016 2:28:24 AM,0.7208535,Normal
2/1/2016 2:29:24 AM,0.8970621,Normal
2/1/2016 2:30:24 AM,0.8169672,Normal
2/1/2016 2:31:24 AM,0.8650241,Normal
2/1/2016 2:32:24 AM,0.8810431,Normal
2/1/2016 2:33:24 AM,0.8650241,Normal
2/1/2016 2:34:24 AM,0.8650241,Normal
2/1/2016 2:35:24 AM,0.9291,Normal
2/1/2016 2:36:24 AM,0.9771569,Normal
2/1/2016 2:37:24 AM,0.8650241,Normal
2/1/2016 2:38:24 AM,0.8810431,Normal
2/1/2016 2:39:24 AM,0.8650241,Normal
2/1/2016 2:40:24 AM,0.8810431,Normal
2/1/2016 2:41:24 AM,0.8169672,Normal
2/1/2016 2:42:24 AM,0.8970621,Normal
2/1/2016 2:43:24 AM,0.8810431,Normal
2/1/2016 2:44:24 AM,0.8490052,Normal
2/1/2016 2:45:24 AM,0.8650241,Normal
2/1/2016 2:46:24 AM,0.8810431,Normal
2/1/2016 2:47:24 AM,0.8490052,Normal
2/1/2016 2:48:24 AM,0.8810431,Normal
2/1/2016 2:49:24 AM,0.7689104,Normal
2/1/2016 2:50:24 AM,0.8810431,Normal
2/1/2016 2:51:24 AM,0.8970621,Normal
2/1/2016 2:52:24 AM,0.8970621,Normal
2/1/2016 2:53:24 AM,0.9291,Normal
2/1/2016 2:54:24 AM,0.8490052,Normal
2/1/2016 2:55:24 AM,0.8169672,Normal
2/1/2016 2:56:24 AM,0.8650241,Normal
2/1/2016 2:57:24 AM,0.8490052,Normal
2/1/2016 2:58:24 AM,0.8169672,Normal
2/1/2016 2:59:24 AM,0.7849293,Normal
2/1/2016 3:00:24 AM,0.8810431,Normal
2/1/2016 3:01:24 AM,0.8650241,Normal
2/1/2016 3:02:24 AM,0.9291,Normal
2/1/2016 3:03:24 AM,0.8490052,Normal
2/1/2016 3:04:24 AM,0.8169672,Normal
2/1/2016 3:05:24 AM,0.7849293,Normal
2/1/2016 3:06:24 AM,0.7849293,Normal
2/1/2016 3:07:24 AM,0.8169672,Normal
2/1/2016 3:08:24 AM,0.8169672,Normal
2/1/2016 3:09:24 AM,0.8009483,Normal
2/1/2016 3:10:24 AM,0.8009483,Normal
2/1/2016 3:11:24 AM,0.8970621,Normal
2/1/2016 3:12:24 AM,0.8169672,Normal
2/1/2016 3:13:24 AM,0.7849293,Normal
2/1/2016 3:14:24 AM,0.8009483,Normal
2/1/2016 3:15:24 AM,0.8009483,Normal
2/1/2016 3:16:24 AM,0.8650241,Normal
2/1/2016 3:17:24 AM,0.8169672,Normal
2/1/2016 3:18:24 AM,0.7368724,Normal
2/1/2016 3:19:24 AM,0.8009483,Normal
2/1/2016 3:20:24 AM,0.8650241,Normal
2/1/2016 3:21:24 AM,0.8169672,Normal
2/1/2016 3:22:24 AM,0.8009483,Normal
2/1/2016 3:23:24 AM,0.8169672,Normal
2/1/2016 3:24:24 AM,0.9291,Normal
2/1/2016 3:25:24 AM,0.8490052,Normal
2/1/2016 3:26:24 AM,0.8169672,Normal
2/1/2016 3:27:24 AM,0.945119,Normal
2/1/2016 3:28:24 AM,0.8810431,Normal
2/1/2016 3:29:24 AM,0.8490052,Normal
2/1/2016 3:30:24 AM,0.8490052,Normal
2/1/2016 3:31:24 AM,0.7849293,Normal
2/1/2016 3:32:24 AM,0.8650241,Normal
2/1/2016 3:33:24 AM,0.945119,Normal
2/1/2016 3:34:24 AM,0.7368724,Normal
2/1/2016 3:35:24 AM,0.8169672,Normal
2/1/2016 3:36:24 AM,0.8169672,Normal
2/1/2016 3:37:24 AM,0.8009483,Normal
2/1/2016 3:38:24 AM,0.8169672,Normal
2/1/2016 3:39:24 AM,0.8650241,Normal
2/1/2016 3:40:24 AM,0.9291,Normal
2/1/2016 3:41:24 AM,0.8169672,Normal
2/1/2016 3:42:24 AM,0.8169672,Normal
2/1/2016 3:43:24 AM,0.8169672,Normal
2/1/2016 3:44:24 AM,0.8169672,Normal
2/1/2016 3:45:24 AM,0.8650241,Normal
2/1/2016 3:46:24 AM,0.8009483,Normal
2/1/2016 3:47:24 AM,0.8169672,Normal
2/1/2016 3:48:24 AM,0.8810431,Normal
2/1/2016 3:49:24 AM,0.8490052,Normal
2/1/2016 3:50:24 AM,0.8009483,Normal
2/1/2016 3:51:24 AM,0.8009483,Normal
2/1/2016 3:52:24 AM,0.7689104,Normal
2/1/2016 3:53:24 AM,0.8169672,Normal
2/1/2016 3:54:24 AM,0.7849293,Normal
2/1/2016 3:55:24 AM,0.8490052,Normal
2/1/2016 3:56:24 AM,0.8490052,Normal
2/1/2016 3:57:24 AM,0.8650241,Normal
2/1/2016 3:58:24 AM,0.8810431,Normal
2/1/2016 3:59:24 AM,0.8490052,Normal
2/1/2016 4:00:24 AM,0.7689104,Normal
2/1/2016 4:01:24 AM,0.7849293,Normal
2/1/2016 4:02:24 AM,0.8490052,Normal
2/1/2016 4:03:24 AM,0.9291,Normal
2/1/2016 4:04:24 AM,0.8490052,Normal
2/1/2016 4:05:24 AM,0.8169672,Normal
2/1/2016 4:06:24 AM,0.8169672,Normal
2/1/2016 4:07:24 AM,0.8490052,Normal
2/1/2016 4:08:24 AM,0.8970621,Normal
2/1/2016 4:09:24 AM,0.8490052,Normal
2/1/2016 4:10:24 AM,0.8650241,Normal
2/1/2016 4:11:24 AM,0.8169672,Normal
2/1/2016 4:12:24 AM,0.8970621,Normal
2/1/2016 4:13:24 AM,0.945119,Normal
2/1/2016 4:14:24 AM,0.8490052,Normal
2/1/2016 4:15:24 AM,0.8169672,Normal
2/1/2016 4:16:24 AM,0.8009483,Normal
2/1/2016 4:17:24 AM,0.8970621,Normal
2/1/2016 4:18:24 AM,0.8810431,Normal
2/1/2016 4:19:24 AM,0.8169672,Normal
2/1/2016 4:20:24 AM,0.8490052,Normal
2/1/2016 4:21:24 AM,0.8009483,Normal
2/1/2016 4:22:24 AM,0.8169672,Normal
2/1/2016 4:23:24 AM,0.9291,Normal
2/1/2016 4:24:24 AM,0.8490052,Normal
2/1/2016 4:25:24 AM,0.9771569,Normal
2/1/2016 4:26:24 AM,0.8810431,Normal
2/1/2016 4:27:24 AM,0.8009483,Normal
2/1/2016 4:28:24 AM,0.8490052,Normal
2/1/2016 4:29:24 AM,0.8970621,Normal
2/1/2016 4:30:24 AM,0.9771569,Normal
2/1/2016 4:31:24 AM,0.8169672,Normal
2/1/2016 4:32:24 AM,0.8810431,Normal
2/1/2016 4:33:24 AM,0.8169672,Normal
2/1/2016 4:34:24 AM,0.8169672,Normal
2/1/2016 4:35:24 AM,0.8009483,Normal
2/1/2016 4:36:24 AM,0.8490052,Normal
2/1/2016 4:37:24 AM,0.945119,Normal
2/1/2016 4:38:24 AM,0.7368724,Normal
2/1/2016 4:39:24 AM,0.8650241,Normal
2/1/2016 4:40:24 AM,0.8490052,Normal
2/1/2016 4:41:24 AM,0.8009483,Normal
2/1/2016 4:42:24 AM,0.8169672,Normal
2/1/2016 4:43:24 AM,0.8009483,Normal
2/1/2016 4:44:24 AM,0.8009483,Normal
2/1/2016 4:45:24 AM,0.8169672,Normal
2/1/2016 4:46:24 AM,0.8490052,Normal
2/1/2016 4:47:24 AM,0.8009483,Normal
2/1/2016 4:48:24 AM,0.8009483,Normal
2/1/2016 4:49:24 AM,0.8009483,Normal
2/1/2016 4:50:24 AM,0.8169672,Normal
2/1/2016 4:51:24 AM,0.8009483,Normal
2/1/2016 4:52:24 AM,0.8009483,Normal
2/1/2016 4:53:24 AM,0.8009483,Normal
2/1/2016 4:54:24 AM,0.8009483,Normal
2/1/2016 4:55:24 AM,0.8009483,Normal
2/1/2016 4:56:24 AM,0.7849293,Normal
2/1/2016 4:57:24 AM,0.8169672,Normal
2/1/2016 4:58:24 AM,0.7849293,Normal
2/1/2016 4:59:24 AM,0.8169672,Normal
2/1/2016 5:00:24 AM,0.8169672,Normal
2/1/2016 5:01:24 AM,0.8009483,Normal
2/1/2016 5:02:24 AM,0.7849293,Normal
2/1/2016 5:03:24 AM,0.8169672,Normal
2/1/2016 5:04:24 AM,0.8169672,Normal
2/1/2016 5:05:24 AM,0.8169672,Normal
2/1/2016 5:06:24 AM,0.9291,Normal
2/1/2016 5:07:24 AM,0.8169672,Normal
2/1/2016 5:08:24 AM,0.8810431,Normal
2/1/2016 5:09:24 AM,0.8169672,Normal
2/1/2016 5:10:24 AM,0.7368724,Normal
2/1/2016 5:11:24 AM,0.8650241,Normal
2/1/2016 5:12:24 AM,0.8650241,Normal
2/1/2016 5:13:24 AM,0.7849293,Normal
2/1/2016 5:14:24 AM,0.8810431,Normal
2/1/2016 5:15:24 AM,0.8009483,Normal
2/1/2016 5:16:24 AM,0.8650241,Normal
2/1/2016 5:17:24 AM,0.8490052,Normal
2/1/2016 5:18:24 AM,0.8169672,Normal
2/1/2016 5:19:24 AM,0.8009483,Normal
2/1/2016 5:20:24 AM,0.8490052,Normal
2/1/2016 5:21:24 AM,0.8490052,Normal
2/1/2016 5:22:24 AM,0.8169672,Normal
2/1/2016 5:23:24 AM,0.8009483,Normal
2/1/2016 5:24:24 AM,0.8490052,Normal
2/1/2016 5:25:24 AM,0.8810431,Normal
2/1/2016 5:26:24 AM,0.8169672,Normal
2/1/2016 5:27:24 AM,0.8810431,Normal
2/1/2016 5:28:24 AM,0.8490052,Normal
2/1/2016 5:29:24 AM,0.7849293,Normal
2/1/2016 5:30:24 AM,0.8009483,Normal
2/1/2016 5:31:24 AM,0.8810431,Normal
2/1/2016 5:32:24 AM,0.7849293,Normal
2/1/2016 5:33:24 AM,0.8650241,Normal
2/1/2016 5:34:24 AM,0.8009483,Normal
2/1/2016 5:35:24 AM,0.8169672,Normal
2/1/2016 5:36:24 AM,0.8970621,Normal
2/1/2016 5:37:24 AM,0.8009483,Normal
2/1/2016 5:38:24 AM,0.8009483,Normal
2/1/2016 5:39:24 AM,0.8490052,Normal
2/1/2016 5:40:24 AM,0.7849293,Normal
2/1/2016 5:41:24 AM,0.8490052,Normal
2/1/2016 5:42:24 AM,0.8490052,Normal
2/1/2016 5:43:24 AM,0.8169672,Normal
2/1/2016 5:44:24 AM,0.8169672,Normal
2/1/2016 5:45:24 AM,0.8169672,Normal
2/1/2016 5:46:24 AM,0.8169672,Normal
2/1/2016 5:47:24 AM,0.7849293,Normal
2/1/2016 5:48:24 AM,0.8009483,Normal
2/1/2016 5:49:24 AM,0.7849293,Normal
2/1/2016 5:50:24 AM,0.8169672,Normal
2/1/2016 5:51:24 AM,0.8009483,Normal
2/1/2016 5:52:24 AM,0.8009483,Normal
2/1/2016 5:53:24 AM,0.8490052,Normal
2/1/2016 5:54:24 AM,0.8650241,Normal
2/1/2016 5:55:24 AM,0.8009483,Normal
2/1/2016 5:56:24 AM,0.8009483,Normal
2/1/2016 5:57:24 AM,0.8009483,Normal
2/1/2016 5:58:24 AM,0.8009483,Normal
2/1/2016 5:59:24 AM,0.7689104,Normal
2/1/2016 6:00:24 AM,0.8009483,Normal
2/1/2016 6:01:24 AM,0.8009483,Normal
2/1/2016 6:02:24 AM,0.8490052,Normal
2/1/2016 6:03:24 AM,0.8009483,Normal
2/1/2016 6:04:24 AM,0.7689104,Normal
2/1/2016 6:05:24 AM,0.7689104,Normal
2/1/2016 6:06:24 AM,0.7849293,Normal
2/1/2016 6:07:24 AM,0.7849293,Normal
2/1/2016 6:08:24 AM,0.7849293,Normal
2/1/2016 6:09:24 AM,0.7849293,Normal
2/1/2016 6:10:24 AM,0.7849293,Normal
2/1/2016 6:11:24 AM,0.8490052,Normal
2/1/2016 6:12:24 AM,0.8490052,Normal
2/1/2016 6:13:24 AM,0.8490052,Normal
2/1/2016 6:14:24 AM,0.7849293,Normal
2/1/2016 6:15:24 AM,0.8009483,Normal
2/1/2016 6:16:24 AM,0.7849293,Normal
2/1/2016 6:17:24 AM,0.7849293,Normal
2/1/2016 6:18:24 AM,0.7849293,Normal
2/1/2016 6:19:24 AM,0.8009483,Normal
2/1/2016 6:20:24 AM,0.8009483,Normal
2/1/2016 6:21:24 AM,0.8009483,Normal
2/1/2016 6:22:24 AM,0.8009483,Normal
2/1/2016 6:23:24 AM,0.7849293,Normal
2/1/2016 6:24:24 AM,0.8009483,Normal
2/1/2016 6:25:24 AM,0.8970621,Normal
2/1/2016 6:26:24 AM,0.8009483,Normal
2/1/2016 6:27:24 AM,0.8810431,Normal
2/1/2016 6:28:24 AM,0.8650241,Normal
2/1/2016 6:29:24 AM,0.8650241,Normal
2/1/2016 6:30:24 AM,0.7849293,Normal
2/1/2016 6:31:24 AM,0.8970621,Normal
2/1/2016 6:32:24 AM,0.8970621,Normal
2/1/2016 6:33:24 AM,0.8490052,Normal
2/1/2016 6:34:24 AM,0.9291,Normal
2/1/2016 6:35:24 AM,0.8650241,Normal
2/1/2016 6:36:24 AM,0.961138,Normal
2/1/2016 6:37:24 AM,0.8650241,Normal
2/1/2016 6:38:24 AM,0.8490052,Normal
2/1/2016 6:39:24 AM,0.8650241,Normal
2/1/2016 6:40:24 AM,0.8490052,Normal
2/1/2016 6:41:24 AM,0.8169672,Normal
2/1/2016 6:42:24 AM,0.8490052,Normal
2/1/2016 6:43:24 AM,0.8009483,Normal
2/1/2016 6:44:24 AM,0.7689104,Normal
2/1/2016 6:45:24 AM,0.7849293,Normal
2/1/2016 6:46:24 AM,0.7849293,Normal
2/1/2016 6:47:24 AM,0.7849293,Normal
2/1/2016 6:48:24 AM,0.8009483,Normal
2/1/2016 6:49:24 AM,0.8009483,Normal
2/1/2016 6:50:24 AM,0.8009483,Normal
2/1/2016 6:51:24 AM,0.8009483,Normal
2/1/2016 6:52:24 AM,0.7849293,Normal
2/1/2016 6:53:24 AM,0.8009483,Normal
2/1/2016 6:54:24 AM,0.8009483,Normal
2/1/2016 6:55:24 AM,0.7849293,Normal
2/1/2016 6:56:24 AM,0.9291,Normal
2/1/2016 6:57:24 AM,0.8810431,Normal
2/1/2016 6:58:24 AM,0.8490052,Normal
2/1/2016 6:59:24 AM,0.8490052,Normal
2/1/2016 7:00:24 AM,0.7689104,Normal
2/1/2016 7:01:24 AM,0.7368724,Normal
2/1/2016 7:02:24 AM,0.8169672,Normal
2/1/2016 7:03:24 AM,0.8009483,Normal
2/1/2016 7:04:24 AM,0.7849293,Normal
2/1/2016 7:05:24 AM,0.8009483,Normal
2/1/2016 7:06:24 AM,0.8169672,Normal
2/1/2016 7:07:24 AM,0.8169672,Normal
2/1/2016 7:08:24 AM,0.8009483,Normal
2/1/2016 7:09:24 AM,0.8009483,Normal
2/1/2016 7:10:24 AM,0.8169672,Normal
2/1/2016 7:11:24 AM,0.8169672,Normal
2/1/2016 7:12:24 AM,0.8169672,Normal
2/1/2016 7:13:24 AM,0.8169672,Normal
2/1/2016 7:14:24 AM,0.8169672,Normal
2/1/2016 7:15:24 AM,0.8169672,Normal
2/1/2016 7:16:24 AM,0.8169672,Normal
2/1/2016 7:17:24 AM,0.8169672,Normal
2/1/2016 7:18:24 AM,0.8169672,Normal
2/1/2016 7:19:24 AM,0.8009483,Normal
2/1/2016 7:20:24 AM,0.8490052,Normal
2/1/2016 7:21:24 AM,0.8490052,Normal
2/1/2016 7:22:24 AM,0.8490052,Normal
2/1/2016 7:23:24 AM,0.8490052,Normal
2/1/2016 7:24:24 AM,0.8169672,Normal
2/1/2016 7:25:24 AM,0.8009483,Normal
2/1/2016 7:26:24 AM,0.8970621,Normal
2/1/2016 7:27:24 AM,0.8009483,Normal
2/1/2016 7:28:24 AM,0.8169672,Normal
2/1/2016 7:29:24 AM,0.8650241,Normal
2/1/2016 7:30:24 AM,0.8009483,Normal
2/1/2016 7:31:24 AM,0.8169672,Normal
2/1/2016 7:32:24 AM,0.8009483,Normal
2/1/2016 7:33:24 AM,0.8009483,Normal
2/1/2016 7:34:24 AM,0.8009483,Normal
2/1/2016 7:35:24 AM,0.8009483,Normal
2/1/2016 7:36:24 AM,0.8009483,Normal
2/1/2016 7:37:24 AM,0.8009483,Normal
2/1/2016 7:38:24 AM,0.8970621,Normal
2/1/2016 7:39:24 AM,0.8009483,Normal
2/1/2016 7:40:24 AM,0.8009483,Normal
2/1/2016 7:41:24 AM,0.8009483,Normal
2/1/2016 7:42:24 AM,0.8009483,Normal
2/1/2016 7:43:24 AM,0.8009483,Normal
2/1/2016 7:44:24 AM,0.8009483,Normal
2/1/2016 7:45:24 AM,0.8009483,Normal
2/1/2016 7:46:24 AM,0.8169672,Normal
2/1/2016 7:47:24 AM,0.8009483,Normal
2/1/2016 7:48:24 AM,0.7689104,Normal
2/1/2016 7:49:24 AM,0.8009483,Normal
2/1/2016 7:50:24 AM,0.8169672,Normal
2/1/2016 7:51:24 AM,0.8650241,Normal
2/1/2016 7:52:24 AM,0.8009483,Normal
2/1/2016 7:53:24 AM,0.8009483,Normal
2/1/2016 7:54:24 AM,0.8490052,Normal
2/1/2016 7:55:24 AM,0.8169672,Normal
2/1/2016 7:56:24 AM,0.8169672,Normal
2/1/2016 7:57:24 AM,0.8009483,Normal
2/1/2016 7:58:24 AM,0.8009483,Normal
2/1/2016 7:59:24 AM,0.8009483,Normal
2/1/2016 8:00:24 AM,0.8490052,Normal
2/1/2016 8:01:24 AM,0.7849293,Normal
2/1/2016 8:02:24 AM,0.8009483,Normal
2/1/2016 8:03:24 AM,0.8009483,Normal
2/1/2016 8:04:24 AM,0.8009483,Normal
2/1/2016 8:05:24 AM,0.8009483,Normal
2/1/2016 8:06:24 AM,0.8169672,Normal
2/1/2016 8:07:24 AM,0.8490052,Normal
2/1/2016 8:08:24 AM,0.8169672,Normal
2/1/2016 8:09:24 AM,0.8009483,Normal
2/1/2016 8:10:24 AM,0.8009483,Normal
2/1/2016 8:11:24 AM,0.8009483,Normal
2/1/2016 8:12:24 AM,0.8009483,Normal
2/1/2016 8:13:24 AM,0.8009483,Normal
2/1/2016 8:14:24 AM,0.8009483,Normal
2/1/2016 8:15:24 AM,0.8169672,Normal
2/1/2016 8:16:24 AM,0.8650241,Normal
2/1/2016 8:17:24 AM,0.8650241,Normal
2/1/2016 8:18:24 AM,0.8810431,Normal
2/1/2016 8:19:24 AM,0.8169672,Normal
2/1/2016 8:20:24 AM,0.8009483,Normal
2/1/2016 8:21:24 AM,0.8490052,Normal
2/1/2016 8:22:24 AM,0.8009483,Normal
2/1/2016 8:23:24 AM,0.8009483,Normal
2/1/2016 8:24:24 AM,0.8650241,Normal
2/1/2016 8:25:24 AM,0.8490052,Normal
2/1/2016 8:26:24 AM,0.8970621,Normal
2/1/2016 8:27:24 AM,0.8650241,Normal
2/1/2016 8:28:24 AM,0.9291,Normal
2/1/2016 8:29:24 AM,0.8009483,Normal
2/1/2016 8:30:24 AM,0.8810431,Normal
2/1/2016 8:31:24 AM,0.8970621,Normal
2/1/2016 8:32:24 AM,0.8490052,Normal
2/1/2016 8:33:24 AM,0.8490052,Normal
2/1/2016 8:34:24 AM,0.9291,Normal
2/1/2016 8:35:24 AM,0.9291,Normal
2/1/2016 8:36:24 AM,0.8810431,Normal
2/1/2016 8:37:24 AM,0.8970621,Normal
2/1/2016 8:38:24 AM,0.9291,Normal
2/1/2016 8:39:24 AM,0.8810431,Normal
2/1/2016 8:40:24 AM,1.025214,Normal
2/1/2016 8:41:24 AM,0.945119,Normal
2/1/2016 8:42:24 AM,0.8970621,Normal
2/1/2016 8:43:24 AM,0.8810431,Normal
2/1/2016 8:44:24 AM,0.8970621,Normal
2/1/2016 8:45:24 AM,0.8970621,Normal
2/1/2016 8:46:24 AM,0.8970621,Normal
2/1/2016 8:47:24 AM,0.8970621,Normal
2/1/2016 8:48:24 AM,0.9771569,Normal
2/1/2016 8:49:24 AM,0.961138,Normal
2/1/2016 8:50:24 AM,0.8169672,Normal
2/1/2016 8:51:24 AM,0.8970621,Normal
2/1/2016 8:52:24 AM,0.8810431,Normal
2/1/2016 8:53:24 AM,0.8490052,Normal
2/1/2016 8:54:24 AM,0.8810431,Normal
2/1/2016 8:55:24 AM,0.8490052,Normal
2/1/2016 8:56:24 AM,0.8970621,Normal
2/1/2016 8:57:24 AM,0.961138,Normal
2/1/2016 8:58:24 AM,0.8970621,Normal
2/1/2016 8:59:24 AM,0.8970621,Normal
2/1/2016 9:00:24 AM,0.8650241,Normal
2/1/2016 9:01:24 AM,0.8810431,Normal
2/1/2016 9:02:24 AM,0.961138,Normal
2/1/2016 9:03:24 AM,0.9291,Normal
2/1/2016 9:04:24 AM,0.9291,Normal
2/1/2016 9:05:24 AM,0.8490052,Normal
2/1/2016 9:06:24 AM,0.8169672,Normal
2/1/2016 9:07:24 AM,0.945119,Normal
2/1/2016 9:08:24 AM,0.8810431,Normal
2/1/2016 9:09:24 AM,0.8810431,Normal
2/1/2016 9:10:24 AM,1.041233,Normal
2/1/2016 9:11:24 AM,0.961138,Normal
2/1/2016 9:12:24 AM,0.9771569,Normal
2/1/2016 9:13:24 AM,0.9771569,Normal
2/1/2016 9:14:24 AM,0.961138,Normal
2/1/2016 9:15:24 AM,0.9771569,Normal
2/1/2016 9:16:24 AM,0.9291,Normal
2/1/2016 9:17:24 AM,0.945119,Normal
2/1/2016 9:18:24 AM,0.9771569,Normal
2/1/2016 9:19:24 AM,0.961138,Normal
2/1/2016 9:20:24 AM,0.961138,Normal
2/1/2016 9:21:24 AM,0.8490052,Normal
2/1/2016 9:22:24 AM,0.9771569,Normal
2/1/2016 9:23:24 AM,0.8810431,Normal
2/1/2016 9:24:24 AM,0.9771569,Normal
2/1/2016 9:25:24 AM,0.961138,Normal
2/1/2016 9:26:24 AM,0.945119,Normal
2/1/2016 9:27:24 AM,0.945119,Normal
2/1/2016 9:28:24 AM,0.9771569,Normal
2/1/2016 9:29:24 AM,0.961138,Normal
2/1/2016 9:30:24 AM,0.9291,Normal
2/1/2016 9:31:24 AM,0.961138,Normal
2/1/2016 9:32:24 AM,0.961138,Normal
2/1/2016 9:33:24 AM,0.945119,Normal
2/1/2016 9:34:24 AM,0.945119,Normal
2/1/2016 9:35:24 AM,0.9771569,Normal
2/1/2016 9:36:24 AM,0.9771569,Normal
2/1/2016 9:37:24 AM,0.945119,Normal
2/1/2016 9:38:24 AM,0.9771569,Normal
2/1/2016 9:39:24 AM,0.961138,Normal
2/1/2016 9:40:24 AM,0.961138,Normal
2/1/2016 9:41:24 AM,1.009195,Normal
2/1/2016 9:42:24 AM,0.8970621,Normal
2/1/2016 9:43:24 AM,0.961138,Normal
2/1/2016 9:44:24 AM,0.9291,Normal
2/1/2016 9:45:24 AM,0.961138,Normal
2/1/2016 9:46:24 AM,1.009195,Normal
2/1/2016 9:47:24 AM,0.961138,Normal
2/1/2016 9:48:24 AM,0.945119,Normal
2/1/2016 9:49:24 AM,1.009195,Normal
2/1/2016 9:50:24 AM,0.9771569,Normal
2/1/2016 9:51:24 AM,0.8970621,Normal
2/1/2016 9:52:24 AM,0.9771569,Normal
2/1/2016 9:53:24 AM,1.025214,Normal
2/1/2016 9:54:24 AM,0.961138,Normal
2/1/2016 9:55:24 AM,0.961138,Normal
2/1/2016 9:56:24 AM,0.961138,Normal
2/1/2016 9:57:24 AM,1.041233,Normal
2/1/2016 9:58:24 AM,0.961138,Normal
2/1/2016 9:59:24 AM,0.945119,Normal
2/1/2016 10:00:24 AM,0.9291,Normal
2/1/2016 10:01:24 AM,0.9771569,Normal
2/1/2016 10:02:24 AM,0.9771569,Normal
2/1/2016 10:03:24 AM,0.9771569,Normal
2/1/2016 10:04:24 AM,0.9771569,Normal
2/1/2016 10:05:24 AM,0.9771569,Normal
2/1/2016 10:06:24 AM,0.9771569,Normal
2/1/2016 10:07:24 AM,0.9771569,Normal
2/1/2016 10:08:24 AM,0.961138,Normal
2/1/2016 10:09:24 AM,0.961138,Normal
2/1/2016 10:10:24 AM,1.009195,Normal
2/1/2016 10:11:24 AM,0.9771569,Normal
2/1/2016 10:12:24 AM,0.9291,Normal
2/1/2016 10:13:24 AM,0.961138,Normal
2/1/2016 10:14:24 AM,0.961138,Normal
2/1/2016 10:15:24 AM,1.009195,Normal
2/1/2016 10:16:24 AM,0.9771569,Normal
2/1/2016 10:17:24 AM,0.961138,Normal
2/1/2016 10:18:24 AM,0.8970621,Normal
2/1/2016 10:19:24 AM,0.9771569,Normal
2/1/2016 10:20:24 AM,0.9771569,Normal
2/1/2016 10:21:24 AM,0.945119,Normal
2/1/2016 10:22:24 AM,0.945119,Normal
2/1/2016 10:23:24 AM,1.009195,Normal
2/1/2016 10:24:24 AM,0.9771569,Normal
2/1/2016 10:25:24 AM,0.961138,Normal
2/1/2016 10:26:24 AM,0.961138,Normal
2/1/2016 10:27:24 AM,0.961138,Normal
2/1/2016 10:28:24 AM,0.961138,Normal
2/1/2016 10:29:24 AM,0.961138,Normal
2/1/2016 10:30:24 AM,0.961138,Normal
2/1/2016 10:31:24 AM,0.961138,Normal
2/1/2016 10:32:24 AM,0.961138,Normal
2/1/2016 10:33:24 AM,1.009195,Normal
2/1/2016 10:34:24 AM,0.9771569,Normal
2/1/2016 10:35:24 AM,1.025214,Normal
2/1/2016 10:36:24 AM,1.057252,Normal
2/1/2016 10:37:24 AM,0.945119,Normal
2/1/2016 10:38:24 AM,0.9771569,Normal
2/1/2016 10:39:24 AM,0.9291,Normal
2/1/2016 10:40:24 AM,0.961138,Normal
2/1/2016 10:41:24 AM,0.961138,Normal
2/1/2016 10:42:24 AM,1.009195,Normal
2/1/2016 10:43:24 AM,0.9771569,Normal
2/1/2016 10:44:24 AM,0.945119,Normal
2/1/2016 10:45:24 AM,0.8490052,Normal
2/1/2016 10:46:24 AM,0.945119,Normal
2/1/2016 10:47:24 AM,0.9291,Normal
2/1/2016 10:48:24 AM,0.945119,Normal
2/1/2016 10:49:24 AM,0.9291,Normal
2/1/2016 10:50:24 AM,0.961138,Normal
2/1/2016 10:51:24 AM,0.8970621,Normal
2/1/2016 10:52:24 AM,0.8970621,Normal
2/1/2016 10:53:24 AM,0.9291,Normal
2/1/2016 10:54:24 AM,0.945119,Normal
2/1/2016 10:55:24 AM,0.945119,Normal
2/1/2016 10:56:24 AM,0.945119,Normal
2/1/2016 10:57:24 AM,1.025214,Normal
2/1/2016 10:58:24 AM,0.9291,Normal
2/1/2016 10:59:24 AM,0.9291,Normal
2/1/2016 11:00:24 AM,1.009195,Normal
2/1/2016 11:01:24 AM,0.9771569,Normal
2/1/2016 11:02:24 AM,0.961138,Normal
2/1/2016 11:03:24 AM,0.8650241,Normal
2/1/2016 11:04:24 AM,0.8650241,Normal
2/1/2016 11:05:24 AM,0.961138,Normal
2/1/2016 11:06:24 AM,0.961138,Normal
2/1/2016 11:07:24 AM,1.025214,Normal
2/1/2016 11:08:24 AM,0.9291,Normal
2/1/2016 11:09:24 AM,0.9771569,Normal
2/1/2016 11:10:24 AM,0.961138,Normal
2/1/2016 11:11:24 AM,0.9771569,Normal
2/1/2016 11:12:24 AM,0.9771569,Normal
2/1/2016 11:13:24 AM,0.9291,Normal
2/1/2016 11:14:24 AM,1.041233,Normal
2/1/2016 11:15:24 AM,0.9771569,Normal
2/1/2016 11:16:24 AM,0.961138,Normal
2/1/2016 11:25:13 AM,0,Normal
2/1/2016 11:26:13 AM,1.041233,Normal
2/1/2016 11:27:13 AM,1.025214,Normal
2/1/2016 11:28:13 AM,1.057252,Normal
2/1/2016 11:29:13 AM,0.9771569,Normal
2/1/2016 11:30:13 AM,0.961138,Normal
2/1/2016 11:31:13 AM,0.961138,Normal
2/1/2016 11:36:54 AM,0.8970621,Normal
2/1/2016 11:37:54 AM,0.9291,Normal
2/1/2016 11:38:54 AM,0.945119,Normal
2/1/2016 11:39:54 AM,0.8810431,Normal
2/1/2016 11:40:54 AM,0.945119,Normal
2/1/2016 11:41:54 AM,1.025214,Normal
2/1/2016 11:42:54 AM,0.8970621,Normal
2/1/2016 11:50:35 AM,0.961138,Normal
2/1/2016 11:51:35 AM,0.961138,Normal
2/1/2016 11:57:32 AM,0.9771569,Normal
2/1/2016 11:58:32 AM,1.025214,Normal
2/1/2016 11:59:32 AM,0.9771569,Normal
2/1/2016 12:00:32 PM,1.025214,Normal
2/1/2016 12:01:32 PM,0.9771569,Normal
2/1/2016 12:02:32 PM,0.9291,Normal
2/1/2016 12:03:32 PM,0.9771569,Normal
2/1/2016 12:04:32 PM,0.961138,Normal
2/1/2016 12:05:32 PM,0.8650241,Normal
2/1/2016 12:06:32 PM,0.945119,Normal
2/1/2016 12:07:32 PM,0.8810431,Normal
2/1/2016 12:08:32 PM,0.945119,Normal
2/1/2016 12:09:32 PM,0.961138,Normal
2/1/2016 12:10:32 PM,0.961138,Normal
2/1/2016 12:11:32 PM,0.8650241,Normal
2/1/2016 12:12:32 PM,0.8650241,Normal
2/1/2016 12:13:32 PM,0.9771569,Normal
2/1/2016 12:14:32 PM,0.945119,Normal
2/1/2016 12:15:32 PM,0.9291,Normal
2/1/2016 12:16:32 PM,0.945119,Normal
2/1/2016 12:17:32 PM,0.8810431,Normal
2/1/2016 12:18:32 PM,1.009195,Normal
2/1/2016 12:19:32 PM,0.8009483,Normal
2/1/2016 12:20:32 PM,0.8810431,Normal
2/1/2016 12:21:32 PM,0.8970621,Normal
2/1/2016 12:22:32 PM,0.961138,Normal
2/1/2016 12:23:32 PM,0.9291,Normal
2/1/2016 12:24:32 PM,0.9291,Normal
2/1/2016 12:25:32 PM,0.945119,Normal
2/1/2016 12:26:32 PM,1.025214,Normal
2/1/2016 12:27:32 PM,0.9291,Normal
2/1/2016 12:28:32 PM,0.945119,Normal
2/1/2016 12:29:32 PM,0.945119,Normal
2/1/2016 12:30:32 PM,0.9291,Normal
2/1/2016 12:31:32 PM,0.945119,Normal
2/1/2016 12:32:32 PM,0.9291,Normal
2/1/2016 12:33:32 PM,0.9291,Normal
2/1/2016 12:34:32 PM,0.8490052,Normal
2/1/2016 12:35:32 PM,0.8169672,Normal
2/1/2016 12:36:32 PM,0.8970621,Normal
2/1/2016 12:37:32 PM,0.8970621,Normal
2/1/2016 12:38:32 PM,0.961138,Normal
2/1/2016 12:39:32 PM,0.8650241,Normal
2/1/2016 12:40:32 PM,0.8970621,Normal
2/1/2016 12:41:32 PM,0.8810431,Normal
2/1/2016 12:42:32 PM,0.8970621,Normal
2/1/2016 12:43:32 PM,0.961138,Normal
2/1/2016 12:44:32 PM,0.8650241,Normal
2/1/2016 12:45:32 PM,0.8970621,Normal
2/1/2016 12:46:32 PM,0.945119,Normal
2/1/2016 12:47:32 PM,0.8970621,Normal
2/1/2016 12:48:32 PM,0.8650241,Normal
2/1/2016 12:49:32 PM,1.009195,Normal
2/1/2016 12:50:32 PM,0.961138,Normal
2/1/2016 12:51:32 PM,0.945119,Normal
2/1/2016 12:52:32 PM,0.9291,Normal
2/1/2016 12:53:32 PM,1.041233,Normal
2/1/2016 12:54:32 PM,0.9771569,Normal
2/1/2016 12:55:32 PM,0.961138,Normal
2/1/2016 12:56:32 PM,1.025214,Normal
2/1/2016 12:57:32 PM,0.961138,Normal
2/1/2016 12:58:32 PM,0.9291,Normal
2/1/2016 12:59:32 PM,0.961138,Normal
2/1/2016 1:00:32 PM,0.8650241,Normal
2/1/2016 1:01:32 PM,0.961138,Normal
2/1/2016 1:02:32 PM,0.945119,Normal
2/1/2016 1:03:32 PM,0.9291,Normal
2/1/2016 1:04:32 PM,0.8490052,Normal
2/1/2016 1:05:32 PM,0.961138,Normal
2/1/2016 1:06:32 PM,0.9291,Normal
2/1/2016 1:07:32 PM,0.8650241,Normal
2/1/2016 1:08:32 PM,0.8970621,Normal
2/1/2016 1:09:32 PM,0.961138,Normal
2/1/2016 1:10:32 PM,0.961138,Normal
2/1/2016 1:11:32 PM,1.025214,Normal
2/1/2016 1:12:32 PM,0.961138,Normal
2/1/2016 1:41:42 PM,0.9291,Normal
2/1/2016 1:42:42 PM,0.9771569,Normal
2/1/2016 1:43:42 PM,1.025214,Normal
2/1/2016 1:44:42 PM,0.961138,Normal
2/1/2016 1:45:42 PM,0.8810431,Normal
2/1/2016 1:46:42 PM,0.961138,Normal
2/1/2016 1:47:42 PM,0.961138,Normal
2/1/2016 1:48:42 PM,1.025214,Normal
2/1/2016 1:49:42 PM,0.961138,Normal
2/1/2016 1:50:42 PM,0.9291,Normal
2/1/2016 1:51:42 PM,0.945119,Normal
2/1/2016 1:52:42 PM,0.9771569,Normal
2/1/2016 1:53:42 PM,0.9291,Normal
2/1/2016 1:54:42 PM,0.8650241,Normal
2/1/2016 1:55:42 PM,0.9291,Normal
2/1/2016 1:56:42 PM,0.8970621,Normal
2/1/2016 1:57:42 PM,1.025214,Normal
2/1/2016 1:58:42 PM,0.961138,Normal
2/1/2016 1:59:42 PM,1.009195,Normal
2/1/2016 2:00:42 PM,0.945119,Normal
2/1/2016 2:01:42 PM,0.945119,Normal
2/1/2016 2:02:42 PM,0.8970621,Normal
2/1/2016 2:03:42 PM,0.9771569,Normal
2/1/2016 2:04:42 PM,0.9291,Normal
2/1/2016 2:05:42 PM,0.8970621,Normal
2/1/2016 2:06:42 PM,0.945119,Normal
2/1/2016 2:07:42 PM,1.041233,Normal
2/1/2016 2:08:42 PM,0.961138,Normal
2/1/2016 2:09:42 PM,0.961138,Normal
2/1/2016 2:10:42 PM,0.9771569,Normal
2/1/2016 2:11:42 PM,0.8970621,Normal
2/1/2016 2:12:42 PM,0.8650241,Normal
2/1/2016 2:13:42 PM,1.009195,Normal
2/1/2016 2:14:42 PM,0.8970621,Normal
2/1/2016 2:15:42 PM,0.9771569,Normal
2/1/2016 2:16:42 PM,0.9771569,Normal
2/1/2016 2:17:42 PM,0.9771569,Normal
2/1/2016 2:18:42 PM,0.8970621,Normal
2/1/2016 2:19:42 PM,0.8490052,Normal
2/1/2016 2:20:42 PM,0.8970621,Normal
2/1/2016 2:21:42 PM,0.945119,Normal
2/1/2016 2:22:42 PM,0.961138,Normal
2/1/2016 2:23:42 PM,0.945119,Normal
2/1/2016 2:24:42 PM,0.8970621,Normal
2/1/2016 2:25:42 PM,0.8970621,Normal
2/1/2016 2:26:42 PM,0.8970621,Normal
2/1/2016 2:27:42 PM,0.8970621,Normal
2/1/2016 2:28:42 PM,0.8810431,Normal
2/1/2016 2:29:42 PM,0.945119,Normal
2/1/2016 2:30:42 PM,0.8650241,Normal
2/1/2016 2:31:42 PM,0.9771569,Normal
2/1/2016 2:32:42 PM,0.8970621,Normal
2/1/2016 2:33:42 PM,0.945119,Normal
2/1/2016 2:34:42 PM,0.961138,Normal
2/1/2016 2:35:42 PM,0.9291,Normal
2/1/2016 2:36:42 PM,0.961138,Normal
2/1/2016 2:37:42 PM,0.945119,Normal
2/1/2016 2:38:42 PM,1.009195,Normal
2/1/2016 2:39:42 PM,0.945119,Normal
2/1/2016 2:40:42 PM,0.9771569,Normal
2/1/2016 2:41:42 PM,0.961138,Normal
2/1/2016 2:42:42 PM,0.9291,Normal
2/1/2016 2:43:42 PM,0.9291,Normal
2/1/2016 2:44:42 PM,0.8810431,Normal
2/1/2016 2:45:42 PM,0.9291,Normal
2/1/2016 2:46:42 PM,0.961138,Normal
2/1/2016 2:47:42 PM,0.8970621,Normal
2/1/2016 2:48:42 PM,0.8810431,Normal
2/1/2016 2:49:42 PM,0.8169672,Normal
2/1/2016 2:50:42 PM,0.961138,Normal
2/1/2016 2:51:42 PM,0.8490052,Normal
2/1/2016 2:52:42 PM,1.009195,Normal
2/1/2016 2:53:42 PM,0.8490052,Normal
2/1/2016 2:54:42 PM,0.945119,Normal
2/1/2016 2:55:42 PM,0.961138,Normal
2/1/2016 2:56:42 PM,0.8810431,Normal
2/1/2016 2:57:42 PM,0.8970621,Normal
2/1/2016 2:58:42 PM,0.8970621,Normal
2/1/2016 2:59:42 PM,0.9771569,Normal
22/12/2015 4:00:42 PM,0,Normal
22/12/2015 4:01:42 PM,0,Normal
22/12/2015 4:02:42 PM,0,Normal
22/12/2015 4:03:42 PM,3.09166,Normal
22/12/2015 4:04:42 PM,0,Normal
22/12/2015 4:05:42 PM,0,Normal
22/12/2015 4:06:42 PM,0,Normal
22/12/2015 4:07:42 PM,0,Normal
22/12/2015 4:08:42 PM,0,Normal
22/12/2015 4:09:42 PM,0,Normal
22/12/2015 4:10:42 PM,0,Normal
22/12/2015 4:11:42 PM,0,Normal
22/12/2015 4:12:42 PM,0,Normal
22/12/2015 4:13:42 PM,0,Normal
22/12/2015 4:14:42 PM,0,Normal
22/12/2015 4:15:42 PM,0,Normal
22/12/2015 4:16:42 PM,0,Normal
22/12/2015 4:17:42 PM,0,Normal
22/12/2015 4:18:42 PM,0,Normal
22/12/2015 4:19:42 PM,0,Normal
22/12/2015 4:20:42 PM,0,Normal
22/12/2015 4:21:42 PM,0,Normal
22/12/2015 4:22:42 PM,0,Normal
22/12/2015 4:23:42 PM,0,Normal
22/12/2015 4:24:42 PM,0,Normal
22/12/2015 4:25:42 PM,0,Normal
22/12/2015 4:26:42 PM,0,Normal
22/12/2015 4:27:42 PM,0,Normal
22/12/2015 4:28:42 PM,0,Normal
22/12/2015 4:29:42 PM,0,Normal
22/12/2015 4:30:42 PM,0,Normal
22/12/2015 4:31:42 PM,0,Normal
22/12/2015 4:32:42 PM,0,Normal
22/12/2015 4:33:42 PM,0,Normal
22/12/2015 4:34:42 PM,0,Normal
22/12/2015 4:35:42 PM,0,Normal
22/12/2015 4:36:42 PM,0,Normal
22/12/2015 4:37:42 PM,0,Normal
22/12/2015 4:38:42 PM,0,Normal
22/12/2015 4:39:42 PM,0,Normal
22/12/2015 4:40:42 PM,0,Normal
22/12/2015 4:41:42 PM,0,Normal
22/12/2015 4:42:42 PM,0,Normal
22/12/2015 4:43:42 PM,0,Normal
22/12/2015 4:44:42 PM,0,Normal
22/12/2015 4:45:42 PM,0,Normal
22/12/2015 4:46:42 PM,0,Normal
22/12/2015 4:47:42 PM,0,Normal
22/12/2015 4:48:42 PM,0,Normal
22/12/2015 4:49:42 PM,0,Normal
22/12/2015 4:50:42 PM,0,Normal
22/12/2015 4:51:42 PM,0,Normal
22/12/2015 4:52:42 PM,0,Normal
22/12/2015 4:53:42 PM,0,Normal
22/12/2015 4:54:42 PM,2.979528,Normal
22/12/2015 4:55:42 PM,3.059623,Normal
22/12/2015 4:56:42 PM,3.107679,Normal
22/12/2015 4:57:42 PM,1.361612,Normal
22/12/2015 4:58:42 PM,1.441707,Normal
22/12/2015 4:59:42 PM,1.441707,Normal
22/12/2015 5:00:42 PM,1.441707,Normal
22/12/2015 5:01:42 PM,1.457726,Normal
22/12/2015 5:02:42 PM,1.457726,Normal
22/12/2015 5:03:42 PM,1.457726,Normal
22/12/2015 5:04:42 PM,1.505783,Normal
22/12/2015 5:05:42 PM,1.489764,Normal
22/12/2015 5:06:42 PM,1.521802,Normal
22/12/2015 5:07:42 PM,1.489764,Normal
22/12/2015 5:08:42 PM,1.489764,Normal
22/12/2015 5:09:42 PM,1.505783,Normal
22/12/2015 5:10:42 PM,1.505783,Normal
22/12/2015 5:11:42 PM,1.425688,Normal
22/12/2015 5:12:42 PM,1.457726,Normal
22/12/2015 5:13:42 PM,1.489764,Normal
22/12/2015 5:14:42 PM,1.505783,Normal
22/12/2015 5:15:42 PM,1.505783,Normal
22/12/2015 5:16:42 PM,1.505783,Normal
22/12/2015 5:17:42 PM,1.505783,Normal
22/12/2015 5:18:42 PM,1.505783,Normal
22/12/2015 5:19:42 PM,1.489764,Normal
22/12/2015 5:20:42 PM,1.521802,Normal
22/12/2015 5:21:42 PM,1.521802,Normal
22/12/2015 5:22:42 PM,1.505783,Normal
22/12/2015 5:23:42 PM,1.505783,Normal
22/12/2015 5:24:42 PM,1.441707,Normal
22/12/2015 5:25:42 PM,1.69801,Normal
22/12/2015 5:26:42 PM,1.601897,Normal
22/12/2015 5:27:42 PM,1.537821,Normal
22/12/2015 5:28:42 PM,1.505783,Normal
22/12/2015 5:29:42 PM,1.505783,Normal
22/12/2015 5:30:42 PM,1.521802,Normal
22/12/2015 5:31:42 PM,1.537821,Normal
22/12/2015 5:32:42 PM,1.537821,Normal
22/12/2015 5:33:42 PM,1.585878,Normal
22/12/2015 5:34:42 PM,1.569859,Normal
22/12/2015 5:35:42 PM,1.537821,Normal
22/12/2015 5:36:42 PM,1.537821,Normal
22/12/2015 5:37:42 PM,1.569859,Normal
22/12/2015 5:38:42 PM,1.505783,Normal
22/12/2015 5:39:42 PM,1.537821,Normal
22/12/2015 5:40:42 PM,1.585878,Normal
22/12/2015 5:41:42 PM,1.585878,Normal
22/12/2015 5:42:42 PM,1.457726,Normal
22/12/2015 5:43:42 PM,1.537821,Normal
22/12/2015 5:44:42 PM,1.617916,Normal
22/12/2015 5:45:42 PM,1.441707,Normal
22/12/2015 5:46:42 PM,1.537821,Normal
22/12/2015 5:47:42 PM,1.521802,Normal
22/12/2015 5:48:42 PM,1.569859,Normal
22/12/2015 5:49:42 PM,1.537821,Normal
22/12/2015 5:50:42 PM,1.601897,Normal
22/12/2015 5:51:42 PM,1.585878,Normal
22/12/2015 5:52:42 PM,1.537821,Normal
22/12/2015 5:53:42 PM,1.521802,Normal
22/12/2015 5:54:42 PM,1.569859,Normal
22/12/2015 5:55:42 PM,1.601897,Normal
22/12/2015 5:56:42 PM,1.537821,Normal
22/12/2015 5:57:42 PM,1.457726,Normal
22/12/2015 5:58:42 PM,1.489764,Normal
22/12/2015 5:59:42 PM,1.569859,Normal
22/12/2015 6:00:42 PM,1.585878,Normal
22/12/2015 6:01:42 PM,1.521802,Normal
22/12/2015 6:02:42 PM,1.521802,Normal
22/12/2015 6:03:42 PM,1.505783,Normal
22/12/2015 6:04:42 PM,1.521802,Normal
22/12/2015 6:05:42 PM,1.537821,Normal
22/12/2015 6:06:42 PM,1.601897,Normal
22/12/2015 6:07:42 PM,1.537821,Normal
22/12/2015 6:08:42 PM,1.569859,Normal
22/12/2015 6:09:42 PM,1.521802,Normal
22/12/2015 6:10:42 PM,1.569859,Normal
22/12/2015 6:11:42 PM,1.537821,Normal
22/12/2015 6:12:42 PM,1.521802,Normal
22/12/2015 6:13:42 PM,1.489764,Normal
22/12/2015 6:14:42 PM,1.457726,Normal
22/12/2015 6:15:42 PM,1.505783,Normal
22/12/2015 6:16:42 PM,1.649953,Normal
22/12/2015 6:17:42 PM,1.601897,Normal
22/12/2015 6:18:42 PM,1.569859,Normal
22/12/2015 6:19:42 PM,1.521802,Normal
22/12/2015 6:20:42 PM,1.521802,Normal
22/12/2015 6:21:42 PM,1.585878,Normal
22/12/2015 6:22:42 PM,1.537821,Normal
22/12/2015 6:23:42 PM,1.585878,Normal
22/12/2015 6:24:42 PM,1.537821,Normal
22/12/2015 6:25:42 PM,1.457726,Normal
22/12/2015 6:26:42 PM,1.505783,Normal
22/12/2015 6:27:42 PM,1.585878,Normal
22/12/2015 6:28:42 PM,1.521802,Normal
22/12/2015 6:29:42 PM,1.569859,Normal
22/12/2015 6:30:42 PM,1.569859,Normal
22/12/2015 6:31:42 PM,1.585878,Normal
22/12/2015 6:32:42 PM,1.569859,Normal
22/12/2015 6:33:42 PM,1.521802,Normal
22/12/2015 6:34:42 PM,1.521802,Normal
22/12/2015 6:35:42 PM,1.521802,Normal
22/12/2015 6:36:42 PM,1.537821,Normal
22/12/2015 6:37:42 PM,1.585878,Normal
22/12/2015 6:38:42 PM,1.505783,Normal
22/12/2015 6:39:42 PM,1.505783,Normal
22/12/2015 6:40:42 PM,1.537821,Normal
22/12/2015 6:41:42 PM,1.569859,Normal
22/12/2015 6:42:42 PM,1.569859,Normal
22/12/2015 6:43:42 PM,1.521802,Normal
22/12/2015 6:44:42 PM,1.537821,Normal
22/12/2015 6:45:42 PM,1.617916,Normal
22/12/2015 6:46:42 PM,1.521802,Normal
22/12/2015 6:47:42 PM,1.425688,Normal
22/12/2015 6:48:42 PM,1.617916,Normal
22/12/2015 6:49:42 PM,1.569859,Normal
22/12/2015 6:50:42 PM,1.521802,Normal
22/12/2015 6:51:42 PM,1.649953,Normal
22/12/2015 6:52:42 PM,1.457726,Normal
22/12/2015 6:53:42 PM,1.505783,Normal
22/12/2015 6:54:42 PM,1.521802,Normal
22/12/2015 6:55:42 PM,1.489764,Normal
22/12/2015 6:56:42 PM,1.521802,Normal
22/12/2015 6:57:42 PM,1.521802,Normal
22/12/2015 6:58:42 PM,1.457726,Normal
22/12/2015 6:59:42 PM,1.441707,Normal
22/12/2015 7:00:42 PM,1.505783,Normal
22/12/2015 7:01:42 PM,1.537821,Normal
22/12/2015 7:02:42 PM,1.457726,Normal
22/12/2015 7:03:42 PM,1.521802,Normal
22/12/2015 7:04:42 PM,1.521802,Normal
22/12/2015 7:05:42 PM,1.441707,Normal
22/12/2015 7:06:42 PM,1.585878,Normal
22/12/2015 7:07:42 PM,1.457726,Normal
22/12/2015 7:08:42 PM,1.457726,Normal
22/12/2015 7:09:42 PM,1.537821,Normal
22/12/2015 7:10:42 PM,1.569859,Normal
22/12/2015 7:11:42 PM,1.521802,Normal
22/12/2015 7:12:42 PM,1.505783,Normal
22/12/2015 7:13:42 PM,1.457726,Normal
22/12/2015 7:14:42 PM,1.537821,Normal
22/12/2015 7:15:42 PM,1.489764,Normal
22/12/2015 7:16:42 PM,1.425688,Normal
22/12/2015 7:17:42 PM,1.521802,Normal
22/12/2015 7:18:42 PM,1.505783,Normal
22/12/2015 7:19:42 PM,1.489764,Normal
22/12/2015 7:20:42 PM,1.457726,Normal
22/12/2015 7:21:42 PM,1.457726,Normal
22/12/2015 7:22:42 PM,1.521802,Normal
22/12/2015 7:23:42 PM,1.457726,Normal
22/12/2015 7:24:42 PM,1.425688,Normal
22/12/2015 7:25:42 PM,1.489764,Normal
22/12/2015 7:26:42 PM,1.409669,Normal
22/12/2015 7:27:42 PM,1.425688,Normal
22/12/2015 7:28:42 PM,1.425688,Normal
22/12/2015 7:29:42 PM,1.425688,Normal
22/12/2015 7:30:42 PM,1.425688,Normal
22/12/2015 7:31:42 PM,1.425688,Normal
22/12/2015 7:32:42 PM,1.425688,Normal
22/12/2015 7:33:42 PM,1.425688,Normal
22/12/2015 7:34:42 PM,1.377631,Normal
22/12/2015 7:35:42 PM,1.425688,Normal
22/12/2015 7:36:42 PM,1.377631,Normal
22/12/2015 7:37:42 PM,1.425688,Normal
22/12/2015 7:38:42 PM,1.425688,Normal
22/12/2015 7:39:42 PM,1.425688,Normal
22/12/2015 7:40:42 PM,1.425688,Normal
22/12/2015 7:41:42 PM,1.441707,Normal
22/12/2015 7:42:42 PM,1.441707,Normal
22/12/2015 7:43:42 PM,1.377631,Normal
22/12/2015 7:44:42 PM,1.377631,Normal
22/12/2015 7:45:42 PM,1.425688,Normal
22/12/2015 7:46:42 PM,1.345593,Normal
22/12/2015 7:47:42 PM,1.457726,Normal
22/12/2015 7:48:42 PM,1.361612,Normal
22/12/2015 7:49:42 PM,1.361612,Normal
22/12/2015 7:50:42 PM,1.377631,Normal
22/12/2015 7:51:42 PM,1.377631,Normal
22/12/2015 7:52:42 PM,1.377631,Normal
22/12/2015 7:53:42 PM,1.425688,Normal
22/12/2015 7:54:42 PM,1.329574,Normal
22/12/2015 7:55:42 PM,1.377631,Normal
22/12/2015 7:56:42 PM,1.345593,Normal
22/12/2015 7:57:42 PM,1.345593,Normal
22/12/2015 7:58:42 PM,1.361612,Normal
22/12/2015 7:59:42 PM,1.409669,Normal
22/12/2015 8:00:42 PM,1.329574,Normal
22/12/2015 8:01:42 PM,1.345593,Normal
22/12/2015 8:02:42 PM,1.377631,Normal
22/12/2015 8:03:42 PM,1.361612,Normal
22/12/2015 8:04:42 PM,1.361612,Normal
22/12/2015 8:05:42 PM,1.297536,Normal
22/12/2015 8:06:42 PM,1.281517,Normal
22/12/2015 8:07:42 PM,1.265498,Normal
22/12/2015 8:08:42 PM,1.345593,Normal
22/12/2015 8:09:42 PM,1.361612,Normal
22/12/2015 8:10:42 PM,1.329574,Normal
22/12/2015 8:11:42 PM,1.329574,Normal
22/12/2015 8:12:42 PM,1.361612,Normal
22/12/2015 8:13:42 PM,1.361612,Normal
22/12/2015 8:14:42 PM,1.329574,Normal
22/12/2015 8:15:42 PM,1.345593,Normal
22/12/2015 8:16:42 PM,1.345593,Normal
22/12/2015 8:17:42 PM,1.361612,Normal
22/12/2015 8:18:42 PM,1.377631,Normal
22/12/2015 8:19:42 PM,1.297536,Normal
22/12/2015 8:20:42 PM,1.281517,Normal
22/12/2015 8:21:42 PM,1.249479,Normal
22/12/2015 8:22:42 PM,1.297536,Normal
22/12/2015 8:23:42 PM,1.329574,Normal
22/12/2015 8:24:42 PM,1.297536,Normal
22/12/2015 8:25:42 PM,1.201422,Normal
22/12/2015 8:26:42 PM,1.249479,Normal
22/12/2015 8:27:42 PM,1.201422,Normal
22/12/2015 8:28:42 PM,1.249479,Normal
22/12/2015 8:29:42 PM,1.249479,Normal
22/12/2015 8:30:42 PM,1.409669,Normal
22/12/2015 8:31:42 PM,1.217441,Normal
22/12/2015 8:32:42 PM,1.201422,Normal
22/12/2015 8:33:42 PM,1.201422,Normal
22/12/2015 8:34:42 PM,1.217441,Normal
22/12/2015 8:35:42 PM,1.265498,Normal
22/12/2015 8:36:42 PM,1.201422,Normal
22/12/2015 8:37:42 PM,1.217441,Normal
22/12/2015 8:38:42 PM,1.137347,Normal
22/12/2015 8:39:42 PM,1.185403,Normal
22/12/2015 8:40:42 PM,1.185403,Normal
22/12/2015 8:41:42 PM,1.201422,Normal
22/12/2015 8:42:42 PM,1.201422,Normal
22/12/2015 8:43:42 PM,1.201422,Normal
22/12/2015 8:44:42 PM,1.249479,Normal
22/12/2015 8:45:42 PM,1.201422,Normal
22/12/2015 8:46:42 PM,1.201422,Normal
22/12/2015 8:47:42 PM,1.217441,Normal
22/12/2015 8:48:42 PM,1.217441,Normal
22/12/2015 8:49:42 PM,1.201422,Normal
22/12/2015 8:50:42 PM,1.201422,Normal
22/12/2015 8:51:42 PM,1.201422,Normal
22/12/2015 8:52:42 PM,1.185403,Normal
22/12/2015 8:53:42 PM,1.185403,Normal
22/12/2015 8:54:42 PM,1.201422,Normal
22/12/2015 8:55:42 PM,1.185403,Normal
22/12/2015 8:56:42 PM,1.185403,Normal
22/12/2015 8:57:42 PM,1.185403,Normal
22/12/2015 8:58:42 PM,1.185403,Normal
22/12/2015 8:59:42 PM,1.185403,Normal
22/12/2015 9:00:42 PM,1.201422,Normal
22/12/2015 9:01:42 PM,1.185403,Normal
22/12/2015 9:02:42 PM,1.185403,Normal
22/12/2015 9:03:42 PM,1.185403,Normal
22/12/2015 9:04:42 PM,1.185403,Normal
22/12/2015 9:05:42 PM,1.185403,Normal
22/12/2015 9:06:42 PM,1.169384,Normal
22/12/2015 9:07:42 PM,1.201422,Normal
22/12/2015 9:08:42 PM,1.169384,Normal
22/12/2015 9:09:42 PM,1.137347,Normal
22/12/2015 9:10:42 PM,1.137347,Normal
22/12/2015 9:11:42 PM,1.169384,Normal
22/12/2015 9:12:42 PM,1.185403,Normal
22/12/2015 9:13:42 PM,1.169384,Normal
22/12/2015 9:14:42 PM,1.185403,Normal
22/12/2015 9:15:42 PM,1.185403,Normal
22/12/2015 9:16:42 PM,1.105309,Normal
22/12/2015 9:17:42 PM,1.137347,Normal
22/12/2015 9:18:42 PM,1.105309,Normal
22/12/2015 9:19:42 PM,1.105309,Normal
22/12/2015 9:20:42 PM,1.217441,Normal
22/12/2015 9:21:42 PM,1.121328,Normal
22/12/2015 9:22:42 PM,1.217441,Normal
22/12/2015 9:23:42 PM,1.057252,Normal
22/12/2015 9:24:42 PM,1.057252,Normal
22/12/2015 9:25:42 PM,1.08929,Normal
22/12/2015 9:26:42 PM,1.105309,Normal
22/12/2015 9:27:42 PM,1.121328,Normal
22/12/2015 9:28:42 PM,1.121328,Normal
22/12/2015 9:29:42 PM,1.057252,Normal
22/12/2015 9:30:42 PM,1.105309,Normal
22/12/2015 9:31:42 PM,1.057252,Normal
22/12/2015 9:32:42 PM,1.057252,Normal
22/12/2015 9:33:42 PM,1.105309,Normal
22/12/2015 9:34:42 PM,1.057252,Normal
22/12/2015 9:35:42 PM,1.041233,Normal
22/12/2015 9:36:42 PM,1.057252,Normal
22/12/2015 9:37:42 PM,1.105309,Normal
22/12/2015 9:38:42 PM,1.137347,Normal
22/12/2015 9:39:42 PM,1.025214,Normal
22/12/2015 9:40:42 PM,1.057252,Normal
22/12/2015 9:41:42 PM,1.105309,Normal
22/12/2015 9:42:42 PM,1.105309,Normal
22/12/2015 9:43:42 PM,1.121328,Normal
22/12/2015 9:44:42 PM,1.105309,Normal
22/12/2015 9:45:42 PM,1.105309,Normal
22/12/2015 9:46:42 PM,1.105309,Normal
22/12/2015 9:47:42 PM,1.08929,Normal
22/12/2015 9:48:42 PM,1.08929,Normal
22/12/2015 9:49:42 PM,1.025214,Normal
22/12/2015 9:50:42 PM,1.057252,Normal
22/12/2015 9:51:42 PM,1.08929,Normal
22/12/2015 9:52:42 PM,1.08929,Normal
22/12/2015 9:53:42 PM,1.105309,Normal
22/12/2015 9:54:42 PM,1.105309,Normal
22/12/2015 9:55:42 PM,1.08929,Normal
22/12/2015 9:56:42 PM,1.121328,Normal
22/12/2015 9:57:42 PM,1.08929,Normal
22/12/2015 9:58:42 PM,1.057252,Normal
22/12/2015 9:59:42 PM,1.08929,Normal
22/12/2015 10:00:42 PM,1.057252,Normal
22/12/2015 10:01:42 PM,1.08929,Normal
22/12/2015 10:02:42 PM,1.057252,Normal
22/12/2015 10:03:42 PM,1.105309,Normal
22/12/2015 10:04:42 PM,1.08929,Normal
22/12/2015 10:05:42 PM,1.041233,Normal
22/12/2015 10:06:42 PM,1.121328,Normal
22/12/2015 10:07:42 PM,0.9771569,Normal
22/12/2015 10:08:42 PM,1.121328,Normal
22/12/2015 10:09:42 PM,1.08929,Normal
22/12/2015 10:10:42 PM,1.105309,Normal
22/12/2015 10:11:42 PM,1.041233,Normal
22/12/2015 10:12:42 PM,1.041233,Normal
22/12/2015 10:13:42 PM,1.041233,Normal
22/12/2015 10:14:42 PM,1.08929,Normal
22/12/2015 10:15:42 PM,1.105309,Normal
22/12/2015 10:16:42 PM,1.041233,Normal
22/12/2015 10:17:42 PM,1.08929,Normal
22/12/2015 10:18:42 PM,1.121328,Normal
22/12/2015 10:19:42 PM,1.121328,Normal
22/12/2015 10:20:42 PM,1.041233,Normal
22/12/2015 10:21:42 PM,1.057252,Normal
22/12/2015 10:22:42 PM,1.057252,Normal
22/12/2015 10:23:42 PM,1.025214,Normal
22/12/2015 10:24:42 PM,1.041233,Normal
22/12/2015 10:25:42 PM,0.9771569,Normal
22/12/2015 10:26:42 PM,1.08929,Normal
22/12/2015 10:27:42 PM,1.041233,Normal
22/12/2015 10:28:42 PM,0.9771569,Normal
22/12/2015 10:29:42 PM,1.08929,Normal
22/12/2015 10:30:42 PM,1.057252,Normal
22/12/2015 10:31:42 PM,1.041233,Normal
22/12/2015 10:32:42 PM,1.025214,Normal
22/12/2015 10:33:42 PM,1.025214,Normal
22/12/2015 10:34:42 PM,1.057252,Normal
22/12/2015 10:35:42 PM,1.025214,Normal
22/12/2015 10:36:42 PM,1.057252,Normal
22/12/2015 10:37:42 PM,1.057252,Normal
22/12/2015 10:38:42 PM,1.121328,Normal
22/12/2015 10:39:42 PM,1.041233,Normal
22/12/2015 10:40:42 PM,1.041233,Normal
22/12/2015 10:41:42 PM,1.041233,Normal
22/12/2015 10:42:42 PM,1.025214,Normal
22/12/2015 10:43:42 PM,1.025214,Normal
22/12/2015 10:44:42 PM,1.025214,Normal
22/12/2015 10:45:42 PM,1.025214,Normal
22/12/2015 10:46:42 PM,1.025214,Normal
22/12/2015 10:47:42 PM,1.057252,Normal
22/12/2015 10:48:42 PM,1.009195,Normal
22/12/2015 10:49:42 PM,1.009195,Normal
22/12/2015 10:50:42 PM,1.009195,Normal
22/12/2015 10:51:42 PM,1.057252,Normal
22/12/2015 10:52:42 PM,1.009195,Normal
22/12/2015 10:53:42 PM,1.009195,Normal
22/12/2015 10:54:42 PM,1.009195,Normal
22/12/2015 10:55:42 PM,1.009195,Normal
22/12/2015 10:56:42 PM,1.025214,Normal
22/12/2015 10:57:42 PM,1.009195,Normal
22/12/2015 10:58:42 PM,0.961138,Normal
22/12/2015 10:59:42 PM,1.137347,Normal
22/12/2015 11:00:42 PM,1.08929,Normal
22/12/2015 11:01:42 PM,0.9771569,Normal
22/12/2015 11:02:42 PM,1.025214,Normal
22/12/2015 11:03:42 PM,1.025214,Normal
22/12/2015 11:04:42 PM,1.025214,Normal
22/12/2015 11:05:42 PM,1.009195,Normal
22/12/2015 11:06:42 PM,1.009195,Normal
22/12/2015 11:07:42 PM,1.041233,Normal
22/12/2015 11:08:42 PM,1.025214,Normal
22/12/2015 11:09:42 PM,1.025214,Normal
22/12/2015 11:10:42 PM,1.025214,Normal
22/12/2015 11:11:42 PM,1.057252,Normal
22/12/2015 11:12:42 PM,1.08929,Normal
22/12/2015 11:13:42 PM,1.041233,Normal
22/12/2015 11:14:42 PM,1.041233,Normal
22/12/2015 11:15:42 PM,1.08929,Normal
22/12/2015 11:16:42 PM,1.009195,Normal
22/12/2015 11:17:42 PM,0.9771569,Normal
22/12/2015 11:18:42 PM,0.9771569,Normal
22/12/2015 11:19:42 PM,0.9771569,Normal
22/12/2015 11:20:42 PM,1.057252,Normal
22/12/2015 11:21:42 PM,0.9771569,Normal
22/12/2015 11:22:42 PM,1.041233,Normal
22/12/2015 11:23:42 PM,1.025214,Normal
22/12/2015 11:24:42 PM,0.9771569,Normal
22/12/2015 11:25:42 PM,1.025214,Normal
22/12/2015 11:26:42 PM,1.025214,Normal
22/12/2015 11:27:42 PM,0.9771569,Normal
22/12/2015 11:28:42 PM,1.009195,Normal
22/12/2015 11:29:42 PM,1.041233,Normal
22/12/2015 11:30:42 PM,1.057252,Normal
22/12/2015 11:31:42 PM,1.025214,Normal
22/12/2015 11:32:42 PM,1.121328,Normal
22/12/2015 11:33:42 PM,1.009195,Normal
22/12/2015 11:34:42 PM,1.009195,Normal
22/12/2015 11:35:42 PM,1.009195,Normal
22/12/2015 11:36:42 PM,1.025214,Normal
22/12/2015 11:37:42 PM,1.041233,Normal
22/12/2015 11:38:42 PM,1.009195,Normal
22/12/2015 11:39:42 PM,0.9771569,Normal
22/12/2015 11:40:42 PM,1.025214,Normal
22/12/2015 11:41:42 PM,1.025214,Normal
22/12/2015 11:42:42 PM,1.025214,Normal
22/12/2015 11:43:42 PM,1.025214,Normal
22/12/2015 11:44:42 PM,0.9771569,Normal
22/12/2015 11:45:42 PM,0.961138,Normal
22/12/2015 11:46:42 PM,1.009195,Normal
22/12/2015 11:47:42 PM,1.009195,Normal
22/12/2015 11:48:42 PM,0.9771569,Normal
22/12/2015 11:49:42 PM,1.025214,Normal
22/12/2015 11:50:42 PM,0.9771569,Normal
22/12/2015 11:51:42 PM,1.025214,Normal
22/12/2015 11:52:42 PM,1.08929,Normal
22/12/2015 11:53:42 PM,0.9771569,Normal
22/12/2015 11:54:42 PM,0.9771569,Normal
22/12/2015 11:55:42 PM,1.025214,Normal
22/12/2015 11:56:42 PM,0.9771569,Normal
22/12/2015 11:57:42 PM,1.009195,Normal
22/12/2015 11:58:42 PM,1.009195,Normal
22/12/2015 11:59:42 PM,1.025214,Normal
23/12/2015 12:00:42 AM,1.025214,Normal
23/12/2015 12:01:42 AM,0.961138,Normal
23/12/2015 12:02:42 AM,1.025214,Normal
23/12/2015 12:03:42 AM,0.9771569,Normal
23/12/2015 12:04:42 AM,0.9771569,Normal
23/12/2015 12:05:42 AM,1.009195,Normal
23/12/2015 12:06:42 AM,0.9771569,Normal
23/12/2015 12:07:42 AM,1.025214,Normal
23/12/2015 12:08:42 AM,0.961138,Normal
23/12/2015 12:09:42 AM,0.9771569,Normal
23/12/2015 12:10:42 AM,1.057252,Normal
23/12/2015 12:11:42 AM,0.9771569,Normal
23/12/2015 12:12:42 AM,0.9771569,Normal
23/12/2015 12:13:42 AM,0.9771569,Normal
23/12/2015 12:14:42 AM,1.041233,Normal
23/12/2015 12:15:42 AM,1.009195,Normal
23/12/2015 12:16:42 AM,1.009195,Normal
23/12/2015 12:17:42 AM,1.009195,Normal
23/12/2015 12:18:42 AM,1.025214,Normal
23/12/2015 12:19:42 AM,1.105309,Normal
23/12/2015 12:20:42 AM,0.961138,Normal
23/12/2015 12:21:42 AM,1.009195,Normal
23/12/2015 12:22:42 AM,1.009195,Normal
23/12/2015 12:23:42 AM,1.009195,Normal
23/12/2015 12:24:42 AM,1.009195,Normal
23/12/2015 12:25:42 AM,1.009195,Normal
23/12/2015 12:26:42 AM,0.9771569,Normal
23/12/2015 12:27:42 AM,0.9771569,Normal
23/12/2015 12:28:42 AM,1.025214,Normal
23/12/2015 12:29:42 AM,1.009195,Normal
23/12/2015 12:30:42 AM,1.009195,Normal
23/12/2015 12:31:42 AM,1.025214,Normal
23/12/2015 12:32:42 AM,0.961138,Normal
23/12/2015 12:33:42 AM,0.9771569,Normal
23/12/2015 12:34:42 AM,1.009195,Normal
23/12/2015 12:35:42 AM,1.009195,Normal
23/12/2015 12:36:42 AM,1.009195,Normal
23/12/2015 12:37:42 AM,1.009195,Normal
23/12/2015 12:38:42 AM,1.08929,Normal
23/12/2015 12:39:42 AM,1.009195,Normal
23/12/2015 12:40:42 AM,0.9771569,Normal
23/12/2015 12:41:42 AM,0.9771569,Normal
23/12/2015 12:42:42 AM,0.9771569,Normal
23/12/2015 12:43:42 AM,0.9771569,Normal
23/12/2015 12:44:42 AM,0.9771569,Normal
23/12/2015 12:45:42 AM,1.009195,Normal
23/12/2015 12:46:42 AM,1.057252,Normal
23/12/2015 12:47:42 AM,1.009195,Normal
23/12/2015 12:48:42 AM,1.009195,Normal
23/12/2015 12:49:42 AM,1.009195,Normal
23/12/2015 12:50:42 AM,1.009195,Normal
23/12/2015 12:51:42 AM,0.9771569,Normal
23/12/2015 12:52:42 AM,0.9771569,Normal
23/12/2015 12:53:42 AM,0.9771569,Normal
23/12/2015 12:54:42 AM,0.9771569,Normal
23/12/2015 12:55:42 AM,0.9771569,Normal
23/12/2015 12:56:42 AM,1.009195,Normal
23/12/2015 12:57:42 AM,0.9771569,Normal
23/12/2015 12:58:42 AM,0.9771569,Normal
23/12/2015 12:59:42 AM,0.9771569,Normal
23/12/2015 1:00:42 AM,1.009195,Normal
23/12/2015 1:01:42 AM,1.009195,Normal
23/12/2015 1:02:42 AM,1.041233,Normal
23/12/2015 1:03:42 AM,0.945119,Normal
23/12/2015 1:04:42 AM,0.9771569,Normal
23/12/2015 1:05:42 AM,0.9771569,Normal
23/12/2015 1:06:42 AM,1.041233,Normal
23/12/2015 1:07:42 AM,1.009195,Normal
23/12/2015 1:08:42 AM,1.009195,Normal
23/12/2015 1:09:42 AM,0.961138,Normal
23/12/2015 1:10:42 AM,1.009195,Normal
23/12/2015 1:11:42 AM,1.009195,Normal
23/12/2015 1:12:42 AM,1.009195,Normal
23/12/2015 1:13:42 AM,1.009195,Normal
23/12/2015 1:14:42 AM,1.025214,Normal
23/12/2015 1:15:42 AM,0.961138,Normal
23/12/2015 1:16:42 AM,1.009195,Normal
23/12/2015 1:17:42 AM,1.08929,Normal
23/12/2015 1:18:42 AM,1.009195,Normal
23/12/2015 1:19:42 AM,0.9771569,Normal
23/12/2015 1:20:42 AM,0.9771569,Normal
23/12/2015 1:21:42 AM,1.025214,Normal
23/12/2015 1:22:42 AM,1.025214,Normal
23/12/2015 1:23:42 AM,0.9771569,Normal
23/12/2015 1:24:42 AM,1.057252,Normal
23/12/2015 1:25:42 AM,1.009195,Normal
23/12/2015 1:26:42 AM,1.009195,Normal
23/12/2015 1:27:42 AM,1.057252,Normal
23/12/2015 1:28:42 AM,1.025214,Normal
23/12/2015 1:29:42 AM,0.9771569,Normal
23/12/2015 1:30:42 AM,0.961138,Normal
23/12/2015 1:31:42 AM,0.9771569,Normal
23/12/2015 1:32:42 AM,1.041233,Normal
23/12/2015 1:33:42 AM,0.9771569,Normal
23/12/2015 1:34:42 AM,1.025214,Normal
23/12/2015 1:35:42 AM,0.9771569,Normal
23/12/2015 1:36:42 AM,0.9771569,Normal
23/12/2015 1:37:42 AM,0.9771569,Normal
23/12/2015 1:38:42 AM,1.009195,Normal
23/12/2015 1:39:42 AM,1.009195,Normal
23/12/2015 1:40:42 AM,1.009195,Normal
23/12/2015 1:41:42 AM,1.009195,Normal
23/12/2015 1:42:42 AM,1.105309,Normal
23/12/2015 1:43:42 AM,1.041233,Normal
23/12/2015 1:44:42 AM,1.105309,Normal
23/12/2015 1:45:42 AM,1.009195,Normal
23/12/2015 1:46:42 AM,1.009195,Normal
23/12/2015 1:47:42 AM,1.009195,Normal
23/12/2015 1:48:42 AM,1.009195,Normal
23/12/2015 1:49:42 AM,1.009195,Normal
23/12/2015 1:50:42 AM,1.009195,Normal
23/12/2015 1:51:42 AM,1.009195,Normal
23/12/2015 1:52:42 AM,0.9771569,Normal
23/12/2015 1:53:42 AM,0.9771569,Normal
23/12/2015 1:54:42 AM,0.9771569,Normal
23/12/2015 1:55:42 AM,0.9771569,Normal
23/12/2015 1:56:42 AM,1.009195,Normal
23/12/2015 1:57:42 AM,1.009195,Normal
23/12/2015 1:58:42 AM,1.009195,Normal
23/12/2015 1:59:42 AM,1.009195,Normal
23/12/2015 2:00:42 AM,1.025214,Normal
23/12/2015 2:01:42 AM,1.025214,Normal
23/12/2015 2:02:42 AM,1.041233,Normal
23/12/2015 2:03:42 AM,1.025214,Normal
23/12/2015 2:04:42 AM,1.041233,Normal
23/12/2015 2:05:42 AM,1.025214,Normal
23/12/2015 2:06:42 AM,0.9771569,Normal
23/12/2015 2:07:42 AM,1.025214,Normal
23/12/2015 2:08:42 AM,1.025214,Normal
23/12/2015 2:09:42 AM,1.025214,Normal
23/12/2015 2:10:42 AM,0.9771569,Normal
23/12/2015 2:11:42 AM,0.9771569,Normal
23/12/2015 2:12:42 AM,0.9771569,Normal
23/12/2015 2:13:42 AM,1.121328,Normal
23/12/2015 2:14:42 AM,1.041233,Normal
23/12/2015 2:15:42 AM,1.009195,Normal
23/12/2015 2:16:42 AM,1.009195,Normal
23/12/2015 2:17:42 AM,1.009195,Normal
23/12/2015 2:18:42 AM,1.009195,Normal
23/12/2015 2:19:42 AM,1.009195,Normal
23/12/2015 2:20:42 AM,1.009195,Normal
23/12/2015 2:21:42 AM,1.009195,Normal
23/12/2015 2:22:42 AM,1.009195,Normal
23/12/2015 2:23:42 AM,1.009195,Normal
23/12/2015 2:24:42 AM,1.009195,Normal
23/12/2015 2:25:42 AM,1.057252,Normal
23/12/2015 2:26:42 AM,1.041233,Normal
23/12/2015 2:27:42 AM,1.025214,Normal
23/12/2015 2:28:42 AM,1.025214,Normal
23/12/2015 2:29:42 AM,1.025214,Normal
23/12/2015 2:30:42 AM,1.009195,Normal
23/12/2015 2:31:42 AM,1.009195,Normal
23/12/2015 2:32:42 AM,1.009195,Normal
23/12/2015 2:33:42 AM,1.009195,Normal
23/12/2015 2:34:42 AM,1.025214,Normal
23/12/2015 2:35:42 AM,1.057252,Normal
23/12/2015 2:36:42 AM,1.025214,Normal
23/12/2015 2:37:42 AM,1.025214,Normal
23/12/2015 2:38:42 AM,1.025214,Normal
23/12/2015 2:39:42 AM,0.9771569,Normal
23/12/2015 2:40:42 AM,0.9771569,Normal
23/12/2015 2:41:42 AM,0.9771569,Normal
23/12/2015 2:42:42 AM,0.9771569,Normal
23/12/2015 2:43:42 AM,1.025214,Normal
23/12/2015 2:44:42 AM,1.009195,Normal
23/12/2015 2:45:42 AM,1.041233,Normal
23/12/2015 2:46:42 AM,1.041233,Normal
23/12/2015 2:47:42 AM,0.961138,Normal
23/12/2015 2:48:42 AM,0.9771569,Normal
23/12/2015 2:49:42 AM,0.9771569,Normal
23/12/2015 2:50:42 AM,1.009195,Normal
23/12/2015 2:51:42 AM,0.961138,Normal
23/12/2015 2:52:42 AM,1.009195,Normal
23/12/2015 2:53:42 AM,1.025214,Normal
23/12/2015 2:54:42 AM,0.9771569,Normal
23/12/2015 2:55:42 AM,1.057252,Normal
23/12/2015 2:56:42 AM,0.9771569,Normal
23/12/2015 2:57:42 AM,0.9771569,Normal
23/12/2015 2:58:42 AM,0.9771569,Normal
23/12/2015 2:59:42 AM,0.9771569,Normal
23/12/2015 3:00:42 AM,0.961138,Normal
23/12/2015 3:01:42 AM,1.009195,Normal
23/12/2015 3:02:42 AM,1.009195,Normal
23/12/2015 3:03:42 AM,1.009195,Normal
23/12/2015 3:04:42 AM,1.009195,Normal
23/12/2015 3:05:42 AM,0.9771569,Normal
23/12/2015 3:06:42 AM,1.009195,Normal
23/12/2015 3:07:42 AM,1.009195,Normal
23/12/2015 3:08:42 AM,1.08929,Normal
23/12/2015 3:09:42 AM,0.961138,Normal
23/12/2015 3:10:42 AM,1.009195,Normal
23/12/2015 3:11:42 AM,1.009195,Normal
23/12/2015 3:12:42 AM,1.009195,Normal
23/12/2015 3:13:42 AM,1.009195,Normal
23/12/2015 3:14:42 AM,1.009195,Normal
23/12/2015 3:15:42 AM,0.9771569,Normal
23/12/2015 3:16:42 AM,0.961138,Normal
23/12/2015 3:17:42 AM,1.025214,Normal
23/12/2015 3:18:42 AM,1.041233,Normal
23/12/2015 3:19:42 AM,0.9771569,Normal
23/12/2015 3:20:42 AM,0.9291,Normal
23/12/2015 3:21:42 AM,0.945119,Normal
23/12/2015 3:22:42 AM,0.945119,Normal
23/12/2015 3:23:42 AM,0.961138,Normal
23/12/2015 3:24:42 AM,0.961138,Normal
23/12/2015 3:25:42 AM,0.961138,Normal
23/12/2015 3:26:42 AM,0.9771569,Normal
23/12/2015 3:27:42 AM,0.9771569,Normal
23/12/2015 3:28:42 AM,0.9771569,Normal
23/12/2015 3:29:42 AM,1.009195,Normal
23/12/2015 3:30:42 AM,1.057252,Normal
23/12/2015 3:31:42 AM,0.961138,Normal
23/12/2015 3:32:42 AM,0.961138,Normal
23/12/2015 3:33:42 AM,1.009195,Normal
23/12/2015 3:34:42 AM,1.009195,Normal
23/12/2015 3:35:42 AM,0.9771569,Normal
23/12/2015 3:36:42 AM,0.961138,Normal
23/12/2015 3:37:42 AM,0.961138,Normal
23/12/2015 3:38:42 AM,0.945119,Normal
23/12/2015 3:39:42 AM,0.9291,Normal
23/12/2015 3:40:42 AM,0.961138,Normal
23/12/2015 3:41:42 AM,0.8650241,Normal
23/12/2015 3:42:42 AM,0.8970621,Normal
23/12/2015 3:43:42 AM,0.9771569,Normal
23/12/2015 3:44:42 AM,0.9771569,Normal
23/12/2015 3:45:42 AM,0.8970621,Normal
23/12/2015 3:46:42 AM,0.8970621,Normal
23/12/2015 3:47:42 AM,0.9291,Normal
23/12/2015 3:48:42 AM,0.9291,Normal
23/12/2015 3:49:42 AM,0.8650241,Normal
23/12/2015 3:50:42 AM,0.8970621,Normal
23/12/2015 3:51:42 AM,0.945119,Normal
23/12/2015 3:52:42 AM,0.8970621,Normal
23/12/2015 3:53:42 AM,0.945119,Normal
23/12/2015 3:54:42 AM,0.9771569,Normal
23/12/2015 3:55:42 AM,0.9771569,Normal
23/12/2015 3:56:42 AM,0.945119,Normal
23/12/2015 3:57:42 AM,0.945119,Normal
23/12/2015 3:58:42 AM,1.009195,Normal
23/12/2015 3:59:42 AM,0.945119,Normal
23/12/2015 4:00:42 AM,0.945119,Normal
23/12/2015 4:01:42 AM,1.025214,Normal
23/12/2015 4:02:42 AM,0.961138,Normal
23/12/2015 4:03:42 AM,0.9771569,Normal
23/12/2015 4:04:42 AM,0.9771569,Normal
23/12/2015 4:05:42 AM,1.009195,Normal
23/12/2015 4:06:42 AM,0.961138,Normal
23/12/2015 4:07:42 AM,0.9771569,Normal
23/12/2015 4:08:42 AM,0.961138,Normal
23/12/2015 4:09:42 AM,1.041233,Normal
23/12/2015 4:10:42 AM,0.9771569,Normal
23/12/2015 4:11:42 AM,0.9771569,Normal
23/12/2015 4:12:42 AM,0.945119,Normal
23/12/2015 4:13:42 AM,0.961138,Normal
23/12/2015 4:14:42 AM,0.8970621,Normal
23/12/2015 4:15:42 AM,0.945119,Normal
23/12/2015 4:16:42 AM,0.945119,Normal
23/12/2015 4:17:42 AM,0.945119,Normal
23/12/2015 4:18:42 AM,0.9771569,Normal
23/12/2015 4:19:42 AM,0.9771569,Normal
23/12/2015 4:20:42 AM,1.009195,Normal
23/12/2015 4:21:42 AM,0.9291,Normal
23/12/2015 4:22:42 AM,0.9771569,Normal
23/12/2015 4:23:42 AM,0.961138,Normal
23/12/2015 4:24:42 AM,0.945119,Normal
23/12/2015 4:25:42 AM,1.009195,Normal
23/12/2015 4:26:42 AM,1.025214,Normal
23/12/2015 4:27:42 AM,1.025214,Normal
23/12/2015 4:28:42 AM,0.9771569,Normal
23/12/2015 4:29:42 AM,0.945119,Normal
23/12/2015 4:30:42 AM,1.009195,Normal
23/12/2015 4:31:42 AM,0.9771569,Normal
23/12/2015 4:32:42 AM,0.9771569,Normal
23/12/2015 4:33:42 AM,0.9771569,Normal
23/12/2015 4:34:42 AM,0.961138,Normal
23/12/2015 4:35:42 AM,0.9771569,Normal
23/12/2015 4:36:42 AM,0.961138,Normal
23/12/2015 4:37:42 AM,1.009195,Normal
23/12/2015 4:38:42 AM,0.961138,Normal
23/12/2015 4:39:42 AM,0.9771569,Normal
23/12/2015 4:40:42 AM,0.9771569,Normal
23/12/2015 4:41:42 AM,1.137347,Normal
23/12/2015 4:42:42 AM,1.009195,Normal
23/12/2015 4:43:42 AM,1.009195,Normal
23/12/2015 4:44:42 AM,0.9771569,Normal
23/12/2015 4:45:42 AM,0.9771569,Normal
23/12/2015 4:46:42 AM,0.9771569,Normal
23/12/2015 4:47:42 AM,0.9771569,Normal
23/12/2015 4:48:42 AM,0.945119,Normal
23/12/2015 4:49:42 AM,0.9771569,Normal
23/12/2015 4:50:42 AM,0.961138,Normal
23/12/2015 4:51:42 AM,1.009195,Normal
23/12/2015 4:52:42 AM,0.9291,Normal
23/12/2015 4:53:42 AM,0.9771569,Normal
23/12/2015 4:54:42 AM,0.9771569,Normal
23/12/2015 4:55:42 AM,0.9771569,Normal
23/12/2015 4:56:42 AM,0.9771569,Normal
23/12/2015 4:57:42 AM,0.961138,Normal
23/12/2015 4:58:42 AM,0.961138,Normal
23/12/2015 4:59:42 AM,0.9771569,Normal
23/12/2015 5:00:42 AM,0.9771569,Normal
23/12/2015 5:01:42 AM,0.961138,Normal
23/12/2015 5:02:42 AM,0.961138,Normal
23/12/2015 5:03:42 AM,0.961138,Normal
23/12/2015 5:04:42 AM,0.945119,Normal
23/12/2015 5:05:42 AM,0.9291,Normal
23/12/2015 5:06:42 AM,1.009195,Normal
23/12/2015 5:07:42 AM,1.009195,Normal
23/12/2015 5:08:42 AM,0.9771569,Normal
23/12/2015 5:09:42 AM,0.9771569,Normal
23/12/2015 5:10:42 AM,0.9771569,Normal
23/12/2015 5:11:42 AM,1.009195,Normal
23/12/2015 5:12:42 AM,1.009195,Normal
23/12/2015 5:13:42 AM,1.009195,Normal
23/12/2015 5:14:42 AM,1.009195,Normal
23/12/2015 5:15:42 AM,1.009195,Normal
23/12/2015 5:16:42 AM,0.9771569,Normal
23/12/2015 5:17:42 AM,0.9771569,Normal
23/12/2015 5:18:42 AM,1.105309,Normal
23/12/2015 5:19:42 AM,1.009195,Normal
23/12/2015 5:20:42 AM,0.9771569,Normal
23/12/2015 5:21:42 AM,1.025214,Normal
23/12/2015 5:22:42 AM,1.025214,Normal
23/12/2015 5:23:42 AM,1.009195,Normal
23/12/2015 5:24:42 AM,1.009195,Normal
23/12/2015 5:25:42 AM,1.009195,Normal
23/12/2015 5:26:42 AM,1.009195,Normal
23/12/2015 5:27:42 AM,0.9771569,Normal
23/12/2015 5:28:42 AM,0.8970621,Normal
23/12/2015 5:29:42 AM,0.9771569,Normal
23/12/2015 5:30:42 AM,1.009195,Normal
23/12/2015 5:31:42 AM,0.945119,Normal
23/12/2015 5:32:42 AM,0.961138,Normal
23/12/2015 5:33:42 AM,0.9771569,Normal
23/12/2015 5:34:42 AM,0.9771569,Normal
23/12/2015 5:35:42 AM,1.041233,Normal
23/12/2015 5:36:42 AM,0.9771569,Normal
23/12/2015 5:37:42 AM,0.9771569,Normal
23/12/2015 5:38:42 AM,0.9771569,Normal
23/12/2015 5:39:42 AM,0.9771569,Normal
23/12/2015 5:40:42 AM,0.9291,Normal
23/12/2015 5:41:42 AM,0.961138,Normal
23/12/2015 5:42:42 AM,0.961138,Normal
23/12/2015 5:43:42 AM,0.961138,Normal
23/12/2015 5:44:42 AM,0.9771569,Normal
23/12/2015 5:45:42 AM,1.025214,Normal
23/12/2015 5:46:42 AM,0.9771569,Normal
23/12/2015 5:47:42 AM,0.9291,Normal
23/12/2015 5:48:42 AM,0.9771569,Normal
23/12/2015 5:49:42 AM,1.025214,Normal
23/12/2015 5:50:42 AM,0.945119,Normal
23/12/2015 5:51:42 AM,0.9771569,Normal
23/12/2015 5:52:42 AM,0.9771569,Normal
23/12/2015 5:53:42 AM,0.961138,Normal
23/12/2015 5:54:42 AM,0.961138,Normal
23/12/2015 5:55:42 AM,1.009195,Normal
23/12/2015 5:56:42 AM,0.961138,Normal
23/12/2015 5:57:42 AM,0.961138,Normal
23/12/2015 5:58:42 AM,0.9771569,Normal
23/12/2015 5:59:42 AM,0.945119,Normal
23/12/2015 6:00:42 AM,0.8810431,Normal
23/12/2015 6:01:42 AM,0.8970621,Normal
23/12/2015 6:02:42 AM,0.961138,Normal
23/12/2015 6:03:42 AM,1.009195,Normal
23/12/2015 6:04:42 AM,0.8810431,Normal
23/12/2015 6:05:42 AM,0.8970621,Normal
23/12/2015 6:06:42 AM,0.961138,Normal
23/12/2015 6:07:42 AM,0.961138,Normal
23/12/2015 6:08:42 AM,1.025214,Normal
23/12/2015 6:09:42 AM,0.8810431,Normal
23/12/2015 6:10:42 AM,0.945119,Normal
23/12/2015 6:11:42 AM,0.961138,Normal
23/12/2015 6:12:42 AM,1.041233,Normal
23/12/2015 6:13:42 AM,0.9291,Normal
23/12/2015 6:14:42 AM,0.9771569,Normal
23/12/2015 6:15:42 AM,0.9771569,Normal
23/12/2015 6:16:42 AM,0.961138,Normal
23/12/2015 6:17:42 AM,0.9771569,Normal
23/12/2015 6:18:42 AM,0.9771569,Normal
23/12/2015 6:19:42 AM,1.009195,Normal
23/12/2015 6:20:42 AM,0.8810431,Normal
23/12/2015 6:21:42 AM,0.9771569,Normal
23/12/2015 6:22:42 AM,1.009195,Normal
23/12/2015 6:23:42 AM,0.9771569,Normal
23/12/2015 6:24:42 AM,0.961138,Normal
23/12/2015 6:25:42 AM,0.9771569,Normal
23/12/2015 6:26:42 AM,0.9771569,Normal
23/12/2015 6:27:42 AM,0.9771569,Normal
23/12/2015 6:28:42 AM,1.009195,Normal
23/12/2015 6:29:42 AM,1.009195,Normal
23/12/2015 6:30:42 AM,0.9771569,Normal
23/12/2015 6:31:42 AM,0.9771569,Normal
23/12/2015 6:32:42 AM,0.9291,Normal
23/12/2015 6:33:42 AM,1.009195,Normal
23/12/2015 6:34:42 AM,0.8650241,Normal
23/12/2015 6:35:42 AM,0.9771569,Normal
23/12/2015 6:36:42 AM,0.961138,Normal
23/12/2015 6:37:42 AM,0.9771569,Normal
23/12/2015 6:38:42 AM,0.8810431,Normal
23/12/2015 6:39:42 AM,0.961138,Normal
23/12/2015 6:40:42 AM,0.945119,Normal
23/12/2015 6:41:42 AM,0.961138,Normal
23/12/2015 6:42:42 AM,0.961138,Normal
23/12/2015 6:43:42 AM,0.961138,Normal
23/12/2015 6:44:42 AM,0.9771569,Normal
23/12/2015 6:45:42 AM,1.041233,Normal
23/12/2015 6:46:42 AM,0.9771569,Normal
23/12/2015 6:47:42 AM,0.961138,Normal
23/12/2015 6:48:42 AM,0.9291,Normal
23/12/2015 6:49:42 AM,0.961138,Normal
23/12/2015 6:50:42 AM,0.9771569,Normal
23/12/2015 6:51:42 AM,0.9771569,Normal
23/12/2015 6:52:42 AM,0.9771569,Normal
23/12/2015 6:53:42 AM,1.009195,Normal
23/12/2015 6:54:42 AM,0.961138,Normal
23/12/2015 6:55:42 AM,1.105309,Normal
23/12/2015 6:56:42 AM,0.9771569,Normal
23/12/2015 6:57:42 AM,0.945119,Normal
23/12/2015 6:58:42 AM,0.961138,Normal
23/12/2015 6:59:42 AM,0.961138,Normal
23/12/2015 7:00:42 AM,0.9771569,Normal
23/12/2015 7:01:42 AM,0.8810431,Normal
23/12/2015 7:02:42 AM,0.8650241,Normal
23/12/2015 7:03:42 AM,0.961138,Normal
23/12/2015 7:04:42 AM,0.8970621,Normal
23/12/2015 7:05:42 AM,0.945119,Normal
23/12/2015 7:06:42 AM,0.8970621,Normal
23/12/2015 7:07:42 AM,1.041233,Normal
23/12/2015 7:08:42 AM,0.961138,Normal
23/12/2015 7:09:42 AM,0.9291,Normal
23/12/2015 7:10:42 AM,0.8810431,Normal
23/12/2015 7:11:42 AM,0.8650241,Normal
23/12/2015 7:12:42 AM,0.8970621,Normal
23/12/2015 7:13:42 AM,0.8650241,Normal
23/12/2015 7:14:42 AM,0.8650241,Normal
23/12/2015 7:15:42 AM,0.9771569,Normal
23/12/2015 7:16:42 AM,0.9291,Normal
23/12/2015 7:17:42 AM,0.8810431,Normal
23/12/2015 7:18:42 AM,0.945119,Normal
23/12/2015 7:19:42 AM,0.8490052,Normal
23/12/2015 7:20:42 AM,0.8970621,Normal
23/12/2015 7:21:42 AM,1.009195,Normal
23/12/2015 7:22:42 AM,0.9771569,Normal
23/12/2015 7:23:42 AM,0.9771569,Normal
23/12/2015 7:24:42 AM,1.009195,Normal
23/12/2015 7:25:42 AM,0.961138,Normal
23/12/2015 7:26:42 AM,1.025214,Normal
23/12/2015 7:27:42 AM,1.041233,Normal
23/12/2015 7:28:42 AM,1.009195,Normal
23/12/2015 7:29:42 AM,1.009195,Normal
23/12/2015 7:30:42 AM,1.08929,Normal
23/12/2015 7:31:42 AM,1.057252,Normal
23/12/2015 7:32:42 AM,1.009195,Normal
23/12/2015 7:33:42 AM,1.041233,Normal
23/12/2015 7:34:42 AM,1.08929,Normal
23/12/2015 7:35:42 AM,1.025214,Normal
23/12/2015 7:36:42 AM,1.041233,Normal
23/12/2015 7:37:42 AM,1.169384,Normal
23/12/2015 7:38:42 AM,1.169384,Normal
23/12/2015 7:39:42 AM,1.105309,Normal
23/12/2015 7:40:42 AM,1.169384,Normal
23/12/2015 7:41:42 AM,1.185403,Normal
23/12/2015 7:42:42 AM,1.185403,Normal
23/12/2015 7:43:42 AM,1.217441,Normal
23/12/2015 7:44:42 AM,1.185403,Normal
23/12/2015 7:45:42 AM,1.217441,Normal
23/12/2015 7:46:42 AM,1.137347,Normal
23/12/2015 7:47:42 AM,1.201422,Normal
23/12/2015 7:48:42 AM,1.217441,Normal
23/12/2015 7:49:42 AM,1.201422,Normal
23/12/2015 7:50:42 AM,1.217441,Normal
23/12/2015 7:51:42 AM,1.217441,Normal
23/12/2015 7:52:42 AM,1.201422,Normal
23/12/2015 7:53:42 AM,1.265498,Normal
23/12/2015 7:54:42 AM,1.281517,Normal
23/12/2015 7:55:42 AM,1.281517,Normal
23/12/2015 7:56:42 AM,1.265498,Normal
23/12/2015 7:57:42 AM,1.281517,Normal
23/12/2015 7:58:42 AM,1.377631,Normal
23/12/2015 7:59:42 AM,1.409669,Normal
23/12/2015 8:00:42 AM,1.217441,Normal
23/12/2015 8:01:42 AM,1.297536,Normal
23/12/2015 8:02:42 AM,1.297536,Normal
23/12/2015 8:03:42 AM,1.265498,Normal
23/12/2015 8:04:42 AM,1.281517,Normal
23/12/2015 8:05:42 AM,1.361612,Normal
23/12/2015 8:06:42 AM,1.281517,Normal
23/12/2015 8:07:42 AM,1.329574,Normal
23/12/2015 8:08:42 AM,1.281517,Normal
23/12/2015 8:09:42 AM,1.297536,Normal
23/12/2015 8:10:42 AM,1.329574,Normal
23/12/2015 8:11:42 AM,1.329574,Normal
23/12/2015 8:12:42 AM,1.361612,Normal
23/12/2015 8:13:42 AM,1.361612,Normal
23/12/2015 8:14:42 AM,1.345593,Normal
23/12/2015 8:15:42 AM,1.377631,Normal
23/12/2015 8:16:42 AM,1.297536,Normal
23/12/2015 8:17:42 AM,1.345593,Normal
23/12/2015 8:18:42 AM,1.265498,Normal
23/12/2015 8:19:42 AM,1.345593,Normal
23/12/2015 8:20:42 AM,1.361612,Normal
23/12/2015 8:21:42 AM,1.361612,Normal
23/12/2015 8:22:42 AM,1.377631,Normal
23/12/2015 8:23:42 AM,1.377631,Normal
23/12/2015 8:24:42 AM,1.361612,Normal
23/12/2015 8:25:42 AM,1.377631,Normal
23/12/2015 8:26:42 AM,1.377631,Normal
23/12/2015 8:27:42 AM,1.361612,Normal
23/12/2015 8:28:42 AM,1.425688,Normal
23/12/2015 8:29:42 AM,1.441707,Normal
23/12/2015 8:30:42 AM,1.377631,Normal
23/12/2015 8:31:42 AM,1.377631,Normal
23/12/2015 8:32:42 AM,1.425688,Normal
23/12/2015 8:33:42 AM,1.409669,Normal
23/12/2015 8:34:42 AM,1.409669,Normal
23/12/2015 8:35:42 AM,1.425688,Normal
23/12/2015 8:36:42 AM,1.361612,Normal
23/12/2015 8:37:42 AM,1.425688,Normal
23/12/2015 8:38:42 AM,1.409669,Normal
23/12/2015 8:39:42 AM,1.409669,Normal
23/12/2015 8:40:42 AM,1.457726,Normal
23/12/2015 8:41:42 AM,1.409669,Normal
23/12/2015 8:42:42 AM,1.441707,Normal
23/12/2015 8:43:42 AM,1.425688,Normal
23/12/2015 8:44:42 AM,1.425688,Normal
23/12/2015 8:45:42 AM,1.505783,Normal
23/12/2015 8:46:42 AM,1.409669,Normal
23/12/2015 8:47:42 AM,1.377631,Normal
23/12/2015 8:48:42 AM,1.377631,Normal
23/12/2015 8:49:42 AM,1.441707,Normal
23/12/2015 8:50:42 AM,1.441707,Normal
23/12/2015 8:51:42 AM,1.489764,Normal
23/12/2015 8:52:42 AM,1.441707,Normal
23/12/2015 8:53:42 AM,1.505783,Normal
23/12/2015 8:54:42 AM,1.441707,Normal
23/12/2015 8:55:42 AM,1.441707,Normal
23/12/2015 8:56:42 AM,1.377631,Normal
23/12/2015 8:57:42 AM,1.377631,Normal
23/12/2015 8:58:42 AM,1.425688,Normal
23/12/2015 8:59:42 AM,1.457726,Normal
23/12/2015 9:00:42 AM,1.489764,Normal
23/12/2015 9:01:42 AM,1.441707,Normal
23/12/2015 9:02:42 AM,1.377631,Normal
23/12/2015 9:03:42 AM,1.441707,Normal
23/12/2015 9:04:42 AM,1.505783,Normal
23/12/2015 9:05:42 AM,1.457726,Normal
23/12/2015 9:06:42 AM,1.489764,Normal
23/12/2015 9:07:42 AM,1.409669,Normal
23/12/2015 9:08:42 AM,1.489764,Normal
23/12/2015 9:09:42 AM,1.489764,Normal
23/12/2015 9:10:42 AM,1.425688,Normal
23/12/2015 9:11:42 AM,1.457726,Normal
23/12/2015 9:12:42 AM,1.489764,Normal
23/12/2015 9:13:42 AM,1.377631,Normal
23/12/2015 9:14:42 AM,1.457726,Normal
23/12/2015 9:15:42 AM,1.361612,Normal
23/12/2015 9:16:42 AM,1.521802,Normal
23/12/2015 9:17:42 AM,1.441707,Normal
23/12/2015 9:18:42 AM,1.537821,Normal
23/12/2015 9:19:42 AM,1.425688,Normal
23/12/2015 9:20:42 AM,1.457726,Normal
23/12/2015 9:21:42 AM,1.425688,Normal
23/12/2015 9:22:42 AM,1.457726,Normal
23/12/2015 9:23:42 AM,1.409669,Normal
23/12/2015 9:24:42 AM,1.457726,Normal
23/12/2015 9:25:42 AM,1.409669,Normal
23/12/2015 9:26:42 AM,1.425688,Normal
23/12/2015 9:27:42 AM,1.441707,Normal
23/12/2015 9:28:42 AM,1.441707,Normal
23/12/2015 9:29:42 AM,1.409669,Normal
23/12/2015 9:30:42 AM,1.377631,Normal
23/12/2015 9:31:42 AM,1.441707,Normal
23/12/2015 9:32:42 AM,1.425688,Normal
23/12/2015 9:33:42 AM,1.377631,Normal
23/12/2015 9:34:42 AM,1.409669,Normal
23/12/2015 9:35:42 AM,1.489764,Normal
23/12/2015 9:36:42 AM,1.361612,Normal
23/12/2015 9:37:42 AM,1.441707,Normal
23/12/2015 9:38:42 AM,1.441707,Normal
23/12/2015 9:39:42 AM,1.457726,Normal
23/12/2015 9:40:42 AM,1.441707,Normal
23/12/2015 9:41:42 AM,1.441707,Normal
23/12/2015 9:42:42 AM,1.425688,Normal
23/12/2015 9:43:42 AM,1.457726,Normal
23/12/2015 9:44:42 AM,1.521802,Normal
23/12/2015 9:45:42 AM,1.441707,Normal
23/12/2015 9:46:42 AM,1.409669,Normal
23/12/2015 9:47:42 AM,1.569859,Normal
23/12/2015 9:48:42 AM,1.505783,Normal
23/12/2015 9:49:42 AM,1.489764,Normal
23/12/2015 9:50:42 AM,1.441707,Normal
23/12/2015 9:51:42 AM,1.505783,Normal
23/12/2015 9:52:42 AM,1.425688,Normal
23/12/2015 9:53:42 AM,1.441707,Normal
23/12/2015 9:54:42 AM,1.601897,Normal
23/12/2015 9:55:42 AM,1.361612,Normal
23/12/2015 9:56:42 AM,1.457726,Normal
23/12/2015 9:57:42 AM,1.489764,Normal
23/12/2015 9:58:42 AM,1.521802,Normal
23/12/2015 9:59:42 AM,1.457726,Normal
23/12/2015 10:00:42 AM,1.457726,Normal
23/12/2015 10:01:42 AM,1.585878,Normal
23/12/2015 10:02:42 AM,1.537821,Normal
23/12/2015 10:03:42 AM,1.505783,Normal
23/12/2015 10:04:42 AM,1.409669,Normal
23/12/2015 10:05:42 AM,1.425688,Normal
23/12/2015 10:06:42 AM,1.441707,Normal
23/12/2015 10:07:42 AM,1.425688,Normal
23/12/2015 10:08:42 AM,1.441707,Normal
23/12/2015 10:09:42 AM,1.537821,Normal
23/12/2015 10:10:42 AM,1.441707,Normal
23/12/2015 10:11:42 AM,1.345593,Normal
23/12/2015 10:12:42 AM,1.425688,Normal
23/12/2015 10:13:42 AM,1.489764,Normal
23/12/2015 10:14:42 AM,1.521802,Normal
23/12/2015 10:15:42 AM,1.505783,Normal
23/12/2015 10:16:42 AM,1.457726,Normal
23/12/2015 10:17:42 AM,1.505783,Normal
23/12/2015 10:18:42 AM,1.441707,Normal
23/12/2015 10:19:42 AM,1.409669,Normal
23/12/2015 10:20:42 AM,1.489764,Normal
23/12/2015 10:21:42 AM,1.457726,Normal
23/12/2015 10:22:42 AM,1.489764,Normal
23/12/2015 10:23:42 AM,1.601897,Normal
23/12/2015 10:24:42 AM,1.505783,Normal
23/12/2015 10:25:42 AM,1.505783,Normal
23/12/2015 10:26:42 AM,1.521802,Normal
23/12/2015 10:27:42 AM,1.505783,Normal
23/12/2015 10:28:42 AM,1.441707,Normal
23/12/2015 10:29:42 AM,1.537821,Normal
23/12/2015 10:30:42 AM,1.569859,Normal
23/12/2015 10:31:42 AM,1.489764,Normal
23/12/2015 10:32:42 AM,1.649953,Normal
23/12/2015 10:33:42 AM,1.521802,Normal
23/12/2015 10:34:42 AM,1.505783,Normal
23/12/2015 10:35:42 AM,1.505783,Normal
23/12/2015 10:36:42 AM,1.425688,Normal
23/12/2015 10:37:42 AM,1.457726,Normal
23/12/2015 10:38:42 AM,1.521802,Normal
23/12/2015 10:39:42 AM,1.441707,Normal
23/12/2015 10:40:42 AM,1.521802,Normal
23/12/2015 10:41:42 AM,1.537821,Normal
23/12/2015 10:42:42 AM,1.505783,Normal
23/12/2015 10:43:42 AM,1.489764,Normal
23/12/2015 10:44:42 AM,1.441707,Normal
23/12/2015 10:45:42 AM,1.521802,Normal
23/12/2015 10:46:42 AM,1.521802,Normal
23/12/2015 10:47:42 AM,1.585878,Normal
23/12/2015 10:48:42 AM,1.457726,Normal
23/12/2015 10:49:42 AM,1.489764,Normal
23/12/2015 10:50:42 AM,1.569859,Normal
23/12/2015 10:51:42 AM,1.505783,Normal
23/12/2015 10:52:42 AM,1.521802,Normal
23/12/2015 10:53:42 AM,1.457726,Normal
23/12/2015 10:54:42 AM,1.505783,Normal
23/12/2015 10:55:42 AM,1.489764,Normal
23/12/2015 10:56:42 AM,1.537821,Normal
23/12/2015 10:57:42 AM,1.505783,Normal
23/12/2015 10:58:42 AM,1.409669,Normal
23/12/2015 10:59:42 AM,1.569859,Normal
23/12/2015 11:00:42 AM,1.505783,Normal
23/12/2015 11:01:42 AM,1.569859,Normal
23/12/2015 11:02:42 AM,1.537821,Normal
23/12/2015 11:03:42 AM,1.441707,Normal
23/12/2015 11:04:42 AM,1.601897,Normal
23/12/2015 11:05:42 AM,1.537821,Normal
23/12/2015 11:06:42 AM,1.521802,Normal
23/12/2015 11:07:42 AM,1.521802,Normal
23/12/2015 11:08:42 AM,1.409669,Normal
23/12/2015 11:09:42 AM,1.489764,Normal
23/12/2015 11:10:42 AM,1.425688,Normal
23/12/2015 11:11:42 AM,1.425688,Normal
23/12/2015 11:12:42 AM,1.409669,Normal
23/12/2015 11:13:42 AM,1.489764,Normal
23/12/2015 11:14:42 AM,1.409669,Normal
23/12/2015 11:15:42 AM,1.521802,Normal
23/12/2015 11:16:42 AM,1.441707,Normal
23/12/2015 11:17:42 AM,1.537821,Normal
23/12/2015 11:18:42 AM,1.489764,Normal
23/12/2015 11:19:42 AM,1.489764,Normal
23/12/2015 11:20:42 AM,1.377631,Normal
23/12/2015 11:21:42 AM,1.441707,Normal
23/12/2015 11:22:42 AM,1.489764,Normal
23/12/2015 11:23:42 AM,1.489764,Normal
23/12/2015 11:24:42 AM,1.489764,Normal
23/12/2015 11:25:42 AM,1.537821,Normal
23/12/2015 11:26:42 AM,1.425688,Normal
23/12/2015 11:27:42 AM,1.505783,Normal
23/12/2015 11:28:42 AM,1.505783,Normal
23/12/2015 11:29:42 AM,1.489764,Normal
23/12/2015 11:30:42 AM,1.489764,Normal
23/12/2015 11:31:42 AM,1.521802,Normal
23/12/2015 11:32:42 AM,1.457726,Normal
23/12/2015 11:33:42 AM,1.585878,Normal
23/12/2015 11:34:42 AM,1.505783,Normal
23/12/2015 11:35:42 AM,1.537821,Normal
23/12/2015 11:36:42 AM,1.505783,Normal
23/12/2015 11:37:42 AM,1.537821,Normal
23/12/2015 11:38:42 AM,1.569859,Normal
23/12/2015 11:39:42 AM,1.537821,Normal
23/12/2015 11:40:42 AM,1.537821,Normal
23/12/2015 11:41:42 AM,1.521802,Normal
23/12/2015 11:42:42 AM,1.441707,Normal
23/12/2015 11:43:42 AM,1.537821,Normal
23/12/2015 11:44:42 AM,1.441707,Normal
23/12/2015 11:45:42 AM,1.569859,Normal
23/12/2015 11:46:42 AM,1.441707,Normal
23/12/2015 11:47:42 AM,1.521802,Normal
23/12/2015 11:48:42 AM,1.569859,Normal
23/12/2015 11:49:42 AM,1.569859,Normal
23/12/2015 11:50:42 AM,1.569859,Normal
23/12/2015 11:51:42 AM,1.521802,Normal
23/12/2015 11:52:42 AM,1.585878,Normal
23/12/2015 11:53:42 AM,1.585878,Normal
23/12/2015 11:54:42 AM,1.537821,Normal
23/12/2015 11:55:42 AM,1.537821,Normal
23/12/2015 11:56:42 AM,1.569859,Normal
23/12/2015 11:57:42 AM,1.569859,Normal
23/12/2015 11:58:42 AM,1.649953,Normal
23/12/2015 11:59:42 AM,1.585878,Normal
23/12/2015 12:00:42 PM,1.585878,Normal
23/12/2015 12:01:42 PM,1.585878,Normal
23/12/2015 12:02:42 PM,1.617916,Normal
23/12/2015 12:03:42 PM,1.601897,Normal
23/12/2015 12:04:42 PM,1.601897,Normal
23/12/2015 12:05:42 PM,1.569859,Normal
23/12/2015 12:06:42 PM,1.601897,Normal
23/12/2015 12:07:42 PM,1.601897,Normal
23/12/2015 12:08:42 PM,1.569859,Normal
23/12/2015 12:09:42 PM,1.569859,Normal
23/12/2015 12:10:42 PM,1.569859,Normal
23/12/2015 12:11:42 PM,1.617916,Normal
23/12/2015 12:12:42 PM,1.585878,Normal
23/12/2015 12:13:42 PM,1.585878,Normal
23/12/2015 12:14:42 PM,1.601897,Normal
23/12/2015 12:15:42 PM,1.537821,Normal
23/12/2015 12:16:42 PM,1.569859,Normal
23/12/2015 12:17:42 PM,1.585878,Normal
23/12/2015 12:18:42 PM,1.489764,Normal
23/12/2015 12:19:42 PM,1.665972,Normal
23/12/2015 12:20:42 PM,1.521802,Normal
23/12/2015 12:21:42 PM,1.569859,Normal
23/12/2015 12:22:42 PM,1.521802,Normal
23/12/2015 12:23:42 PM,1.537821,Normal
23/12/2015 12:24:42 PM,1.537821,Normal
23/12/2015 12:25:42 PM,1.521802,Normal
23/12/2015 12:26:42 PM,1.585878,Normal
23/12/2015 12:27:42 PM,1.537821,Normal
23/12/2015 12:28:42 PM,1.537821,Normal
23/12/2015 12:29:42 PM,1.585878,Normal
23/12/2015 12:30:42 PM,1.585878,Normal
23/12/2015 12:31:42 PM,1.585878,Normal
23/12/2015 12:32:42 PM,1.569859,Normal
23/12/2015 12:33:42 PM,1.569859,Normal
23/12/2015 12:34:42 PM,1.569859,Normal
23/12/2015 12:35:42 PM,1.569859,Normal
23/12/2015 12:36:42 PM,1.585878,Normal
23/12/2015 12:37:42 PM,1.585878,Normal
23/12/2015 12:38:42 PM,1.585878,Normal
23/12/2015 12:39:42 PM,1.569859,Normal
23/12/2015 12:40:42 PM,1.569859,Normal
23/12/2015 12:41:42 PM,1.569859,Normal
23/12/2015 12:42:42 PM,1.569859,Normal
23/12/2015 12:43:42 PM,1.569859,Normal
23/12/2015 12:44:42 PM,1.569859,Normal
23/12/2015 12:45:42 PM,1.617916,Normal
23/12/2015 12:46:42 PM,1.585878,Normal
23/12/2015 12:47:42 PM,1.585878,Normal
23/12/2015 12:48:42 PM,1.601897,Normal
23/12/2015 12:49:42 PM,1.489764,Normal
23/12/2015 12:50:42 PM,1.537821,Normal
23/12/2015 12:51:42 PM,1.569859,Normal
23/12/2015 12:52:42 PM,1.601897,Normal
23/12/2015 12:53:42 PM,1.585878,Normal
23/12/2015 12:54:42 PM,1.681991,Normal
23/12/2015 12:55:42 PM,1.585878,Normal
23/12/2015 12:56:42 PM,1.569859,Normal
23/12/2015 12:57:42 PM,1.569859,Normal
23/12/2015 12:58:42 PM,1.537821,Normal
23/12/2015 12:59:42 PM,1.569859,Normal
23/12/2015 1:00:42 PM,1.585878,Normal
23/12/2015 1:01:42 PM,1.585878,Normal
23/12/2015 1:02:42 PM,1.665972,Normal
23/12/2015 1:03:42 PM,1.569859,Normal
23/12/2015 1:04:42 PM,1.569859,Normal
23/12/2015 1:05:42 PM,1.569859,Normal
23/12/2015 1:06:42 PM,1.585878,Normal
23/12/2015 1:07:42 PM,1.569859,Normal
23/12/2015 1:08:42 PM,1.569859,Normal
23/12/2015 1:09:42 PM,1.585878,Normal
23/12/2015 1:10:42 PM,1.585878,Normal
23/12/2015 1:11:42 PM,1.585878,Normal
23/12/2015 1:12:42 PM,1.585878,Normal
23/12/2015 1:13:42 PM,1.585878,Normal
23/12/2015 1:14:42 PM,1.585878,Normal
23/12/2015 1:15:42 PM,1.585878,Normal
23/12/2015 1:16:42 PM,1.617916,Normal
23/12/2015 1:17:42 PM,1.585878,Normal
23/12/2015 1:18:42 PM,1.585878,Normal
23/12/2015 1:19:42 PM,1.585878,Normal
23/12/2015 1:20:42 PM,1.585878,Normal
23/12/2015 1:21:42 PM,1.617916,Normal
23/12/2015 1:22:42 PM,1.601897,Normal
23/12/2015 1:23:42 PM,1.585878,Normal
23/12/2015 1:24:42 PM,1.585878,Normal
23/12/2015 1:25:42 PM,1.505783,Normal
23/12/2015 1:26:42 PM,1.569859,Normal
23/12/2015 1:27:42 PM,1.537821,Normal
23/12/2015 1:28:42 PM,1.537821,Normal
23/12/2015 1:29:42 PM,1.457726,Normal
23/12/2015 1:30:42 PM,1.569859,Normal
23/12/2015 1:31:42 PM,1.601897,Normal
23/12/2015 1:32:42 PM,1.569859,Normal
23/12/2015 1:33:42 PM,1.569859,Normal
23/12/2015 1:34:42 PM,1.569859,Normal
23/12/2015 1:35:42 PM,1.569859,Normal
23/12/2015 1:36:42 PM,1.537821,Normal
23/12/2015 1:37:42 PM,1.505783,Normal
23/12/2015 1:38:42 PM,1.585878,Normal
23/12/2015 1:39:42 PM,1.585878,Normal
23/12/2015 1:40:42 PM,1.585878,Normal
23/12/2015 1:41:42 PM,1.617916,Normal
23/12/2015 1:42:42 PM,1.601897,Normal
23/12/2015 1:43:42 PM,1.569859,Normal
23/12/2015 1:44:42 PM,1.569859,Normal
23/12/2015 1:45:42 PM,1.585878,Normal
23/12/2015 1:46:42 PM,1.585878,Normal
23/12/2015 1:47:42 PM,1.601897,Normal
23/12/2015 1:48:42 PM,1.585878,Normal
23/12/2015 1:49:42 PM,1.585878,Normal
23/12/2015 1:50:42 PM,1.585878,Normal
23/12/2015 1:51:42 PM,1.585878,Normal
23/12/2015 1:52:42 PM,1.569859,Normal
23/12/2015 1:53:42 PM,1.601897,Normal
23/12/2015 1:54:42 PM,1.601897,Normal
23/12/2015 1:55:42 PM,1.617916,Normal
23/12/2015 1:56:42 PM,1.585878,Normal
23/12/2015 1:57:42 PM,1.601897,Normal
23/12/2015 1:58:42 PM,1.601897,Normal
23/12/2015 1:59:42 PM,1.601897,Normal
23/12/2015 2:00:42 PM,1.601897,Normal
23/12/2015 2:01:42 PM,1.569859,Normal
23/12/2015 2:02:42 PM,1.601897,Normal
23/12/2015 2:03:42 PM,1.569859,Normal
23/12/2015 2:04:42 PM,1.585878,Normal
23/12/2015 2:05:42 PM,1.505783,Normal
23/12/2015 2:06:42 PM,1.601897,Normal
23/12/2015 2:07:42 PM,1.569859,Normal
23/12/2015 2:08:42 PM,1.585878,Normal
23/12/2015 2:09:42 PM,1.585878,Normal
23/12/2015 2:10:42 PM,1.585878,Normal
23/12/2015 2:11:42 PM,1.585878,Normal
23/12/2015 2:12:42 PM,1.585878,Normal
23/12/2015 2:13:42 PM,1.681991,Normal
23/12/2015 2:14:42 PM,1.601897,Normal
23/12/2015 2:15:42 PM,1.441707,Normal
23/12/2015 2:16:42 PM,1.537821,Normal
23/12/2015 2:17:42 PM,1.601897,Normal
23/12/2015 2:18:42 PM,1.585878,Normal
23/12/2015 2:19:42 PM,1.585878,Normal
23/12/2015 2:20:42 PM,1.585878,Normal
23/12/2015 2:21:42 PM,1.617916,Normal
23/12/2015 2:22:42 PM,1.601897,Normal
23/12/2015 2:23:42 PM,1.569859,Normal
23/12/2015 2:24:42 PM,1.521802,Normal
23/12/2015 2:25:42 PM,1.601897,Normal
23/12/2015 2:26:42 PM,1.601897,Normal
23/12/2015 2:27:42 PM,1.601897,Normal
23/12/2015 2:28:42 PM,1.537821,Normal
23/12/2015 2:29:42 PM,1.585878,Normal
23/12/2015 2:30:42 PM,1.585878,Normal
23/12/2015 2:31:42 PM,1.569859,Normal
23/12/2015 2:32:42 PM,1.601897,Normal
23/12/2015 2:33:42 PM,1.601897,Normal
23/12/2015 2:34:42 PM,1.537821,Normal
23/12/2015 2:35:42 PM,1.569859,Normal
23/12/2015 2:36:42 PM,1.665972,Normal
23/12/2015 2:37:42 PM,1.601897,Normal
23/12/2015 2:38:42 PM,1.617916,Normal
23/12/2015 2:39:42 PM,1.569859,Normal
23/12/2015 2:40:42 PM,1.569859,Normal
23/12/2015 2:41:42 PM,1.617916,Normal
23/12/2015 2:42:42 PM,1.585878,Normal
23/12/2015 2:43:42 PM,1.585878,Normal
23/12/2015 2:44:42 PM,1.601897,Normal
23/12/2015 2:45:42 PM,1.585878,Normal
23/12/2015 2:46:42 PM,1.585878,Normal
23/12/2015 2:47:42 PM,1.537821,Normal
23/12/2015 2:48:42 PM,1.601897,Normal
23/12/2015 2:49:42 PM,1.601897,Normal
23/12/2015 2:50:42 PM,1.601897,Normal
23/12/2015 2:51:42 PM,1.601897,Normal
23/12/2015 2:52:42 PM,1.569859,Normal
23/12/2015 2:53:42 PM,1.569859,Normal
23/12/2015 2:54:42 PM,1.585878,Normal
23/12/2015 2:55:42 PM,1.585878,Normal
23/12/2015 2:56:42 PM,1.585878,Normal
23/12/2015 2:57:42 PM,1.601897,Normal
23/12/2015 2:58:42 PM,1.601897,Normal
23/12/2015 2:59:42 PM,1.617916,Normal
23/12/2015 3:00:42 PM,1.569859,Normal
23/12/2015 3:01:42 PM,1.601897,Normal
23/12/2015 3:02:42 PM,1.601897,Normal
23/12/2015 3:03:42 PM,1.601897,Normal
23/12/2015 3:04:42 PM,1.601897,Normal
23/12/2015 3:05:42 PM,1.569859,Normal
23/12/2015 3:06:42 PM,1.585878,Normal
23/12/2015 3:07:42 PM,1.585878,Normal
23/12/2015 3:08:42 PM,1.585878,Normal
23/12/2015 3:09:42 PM,1.585878,Normal
23/12/2015 3:10:42 PM,1.585878,Normal
23/12/2015 3:11:42 PM,1.585878,Normal
23/12/2015 3:12:42 PM,1.569859,Normal
23/12/2015 3:13:42 PM,1.441707,Normal
23/12/2015 3:14:42 PM,1.585878,Normal
23/12/2015 3:15:42 PM,1.489764,Normal
23/12/2015 3:16:42 PM,1.569859,Normal
23/12/2015 3:17:42 PM,1.569859,Normal
23/12/2015 3:18:42 PM,1.569859,Normal
23/12/2015 3:19:42 PM,1.569859,Normal
23/12/2015 3:20:42 PM,1.569859,Normal
23/12/2015 3:21:42 PM,1.569859,Normal
23/12/2015 3:22:42 PM,1.569859,Normal
23/12/2015 3:23:42 PM,1.489764,Normal
23/12/2015 3:24:42 PM,1.585878,Normal
23/12/2015 3:25:42 PM,1.569859,Normal
23/12/2015 3:26:42 PM,1.585878,Normal
23/12/2015 3:27:42 PM,1.665972,Normal
23/12/2015 3:28:42 PM,1.569859,Normal
23/12/2015 3:29:42 PM,1.617916,Normal
23/12/2015 3:30:42 PM,1.521802,Normal
23/12/2015 3:31:42 PM,1.537821,Normal
23/12/2015 3:32:42 PM,1.585878,Normal
23/12/2015 3:33:42 PM,1.649953,Normal
23/12/2015 3:34:42 PM,1.537821,Normal
23/12/2015 3:35:42 PM,1.585878,Normal
23/12/2015 3:36:42 PM,1.569859,Normal
23/12/2015 3:37:42 PM,1.569859,Normal
23/12/2015 3:38:42 PM,1.521802,Normal
23/12/2015 3:39:42 PM,1.601897,Normal
23/12/2015 3:40:42 PM,1.585878,Normal
23/12/2015 3:41:42 PM,1.601897,Normal
23/12/2015 3:42:42 PM,1.649953,Normal
23/12/2015 3:43:42 PM,1.601897,Normal
23/12/2015 3:44:42 PM,1.505783,Normal
23/12/2015 3:45:42 PM,1.585878,Normal
23/12/2015 3:46:42 PM,1.569859,Normal
23/12/2015 3:47:42 PM,1.569859,Normal
23/12/2015 3:48:42 PM,1.649953,Normal
23/12/2015 3:49:42 PM,1.521802,Normal
23/12/2015 3:50:42 PM,1.585878,Normal
23/12/2015 3:51:42 PM,1.585878,Normal
23/12/2015 3:52:42 PM,1.585878,Normal
23/12/2015 3:53:42 PM,1.585878,Normal
23/12/2015 3:54:42 PM,1.585878,Normal
23/12/2015 3:55:42 PM,1.585878,Normal
23/12/2015 3:56:42 PM,1.569859,Normal
23/12/2015 3:57:42 PM,1.537821,Normal
23/12/2015 3:58:42 PM,1.585878,Normal
23/12/2015 3:59:42 PM,1.569859,Normal
23/12/2015 4:00:42 PM,1.569859,Normal
23/12/2015 4:01:42 PM,1.569859,Normal
23/12/2015 4:02:42 PM,1.569859,Normal
23/12/2015 4:03:42 PM,1.601897,Normal
23/12/2015 4:04:42 PM,1.681991,Normal
23/12/2015 4:05:42 PM,1.601897,Normal
23/12/2015 4:06:42 PM,1.601897,Normal
23/12/2015 4:07:42 PM,1.441707,Normal
23/12/2015 4:08:42 PM,1.601897,Normal
23/12/2015 4:09:42 PM,1.601897,Normal
23/12/2015 4:10:42 PM,1.601897,Normal
23/12/2015 4:11:42 PM,1.601897,Normal
23/12/2015 4:12:42 PM,1.585878,Normal
23/12/2015 4:13:42 PM,1.585878,Normal
23/12/2015 4:14:42 PM,1.585878,Normal
23/12/2015 4:15:42 PM,1.601897,Normal
23/12/2015 4:16:42 PM,1.601897,Normal
23/12/2015 4:17:42 PM,1.601897,Normal
23/12/2015 4:18:42 PM,1.601897,Normal
23/12/2015 4:19:42 PM,1.601897,Normal
23/12/2015 4:20:42 PM,1.601897,Normal
23/12/2015 4:21:42 PM,1.585878,Normal
23/12/2015 4:22:42 PM,1.601897,Normal
23/12/2015 4:23:42 PM,1.585878,Normal
23/12/2015 4:24:42 PM,1.585878,Normal
23/12/2015 4:25:42 PM,1.585878,Normal
23/12/2015 4:26:42 PM,1.585878,Normal
23/12/2015 4:27:42 PM,1.585878,Normal
23/12/2015 4:28:42 PM,1.601897,Normal
23/12/2015 4:29:42 PM,1.601897,Normal
23/12/2015 4:30:42 PM,1.585878,Normal
23/12/2015 4:31:42 PM,1.617916,Normal
23/12/2015 4:32:42 PM,1.569859,Normal
23/12/2015 4:33:42 PM,1.537821,Normal
23/12/2015 4:34:42 PM,1.601897,Normal
23/12/2015 4:35:42 PM,1.585878,Normal
23/12/2015 4:36:42 PM,1.681991,Normal
23/12/2015 4:37:42 PM,1.601897,Normal
23/12/2015 4:38:42 PM,1.585878,Normal
23/12/2015 4:39:42 PM,1.585878,Normal
23/12/2015 4:40:42 PM,1.617916,Normal
23/12/2015 4:41:42 PM,1.601897,Normal
23/12/2015 4:42:42 PM,1.601897,Normal
23/12/2015 4:43:42 PM,1.521802,Normal
23/12/2015 4:44:42 PM,1.585878,Normal
23/12/2015 4:45:42 PM,1.585878,Normal
23/12/2015 4:46:42 PM,1.585878,Normal
23/12/2015 4:47:42 PM,1.681991,Normal
23/12/2015 4:48:42 PM,1.601897,Normal
23/12/2015 4:49:42 PM,1.601897,Normal
23/12/2015 4:50:42 PM,1.585878,Normal
23/12/2015 4:51:42 PM,1.585878,Normal
23/12/2015 4:52:42 PM,1.585878,Normal
23/12/2015 4:53:42 PM,1.569859,Normal
23/12/2015 4:54:42 PM,1.569859,Normal
23/12/2015 4:55:42 PM,1.601897,Normal
23/12/2015 4:56:42 PM,1.585878,Normal
23/12/2015 4:57:42 PM,1.617916,Normal
23/12/2015 4:58:42 PM,1.601897,Normal
23/12/2015 4:59:42 PM,1.585878,Normal
23/12/2015 5:00:42 PM,1.585878,Normal
23/12/2015 5:01:42 PM,1.585878,Normal
23/12/2015 5:02:42 PM,1.585878,Normal
23/12/2015 5:03:42 PM,1.585878,Normal
23/12/2015 5:04:42 PM,1.585878,Normal
23/12/2015 5:05:42 PM,1.585878,Normal
23/12/2015 5:06:42 PM,1.585878,Normal
23/12/2015 5:07:42 PM,1.585878,Normal
23/12/2015 5:08:42 PM,1.585878,Normal
23/12/2015 5:09:42 PM,1.585878,Normal
23/12/2015 5:10:42 PM,1.585878,Normal
23/12/2015 5:11:42 PM,1.601897,Normal
23/12/2015 5:12:42 PM,1.601897,Normal
23/12/2015 5:13:42 PM,1.601897,Normal
23/12/2015 5:14:42 PM,1.601897,Normal
23/12/2015 5:15:42 PM,1.601897,Normal
23/12/2015 5:16:42 PM,1.601897,Normal
23/12/2015 5:17:42 PM,1.585878,Normal
23/12/2015 5:18:42 PM,1.585878,Normal
23/12/2015 5:19:42 PM,1.585878,Normal
23/12/2015 5:20:42 PM,1.649953,Normal
23/12/2015 5:21:42 PM,1.601897,Normal
23/12/2015 5:22:42 PM,1.601897,Normal
23/12/2015 5:23:42 PM,1.601897,Normal
23/12/2015 5:24:42 PM,1.585878,Normal
23/12/2015 5:25:42 PM,1.585878,Normal
23/12/2015 5:26:42 PM,1.585878,Normal
23/12/2015 5:27:42 PM,1.585878,Normal
23/12/2015 5:28:42 PM,1.585878,Normal
23/12/2015 5:29:42 PM,1.585878,Normal
23/12/2015 5:30:42 PM,1.585878,Normal
23/12/2015 5:31:42 PM,1.521802,Normal
23/12/2015 5:32:42 PM,1.521802,Normal
23/12/2015 5:33:42 PM,1.601897,Normal
23/12/2015 5:34:42 PM,1.601897,Normal
23/12/2015 5:35:42 PM,1.489764,Normal
23/12/2015 5:36:42 PM,1.569859,Normal
23/12/2015 5:37:42 PM,1.569859,Normal
23/12/2015 5:38:42 PM,1.569859,Normal
23/12/2015 5:39:42 PM,1.457726,Normal
23/12/2015 5:40:42 PM,1.585878,Normal
23/12/2015 5:41:42 PM,1.505783,Normal
23/12/2015 5:42:42 PM,1.569859,Normal
23/12/2015 5:43:42 PM,1.569859,Normal
23/12/2015 5:44:42 PM,1.505783,Normal
23/12/2015 5:45:42 PM,1.585878,Normal
23/12/2015 5:46:42 PM,1.537821,Normal
23/12/2015 5:47:42 PM,1.585878,Normal
23/12/2015 5:48:42 PM,1.537821,Normal
23/12/2015 5:49:42 PM,1.569859,Normal
23/12/2015 5:50:42 PM,1.569859,Normal
23/12/2015 5:51:42 PM,1.569859,Normal
23/12/2015 5:52:42 PM,1.537821,Normal
23/12/2015 5:53:42 PM,1.585878,Normal
23/12/2015 5:54:42 PM,1.569859,Normal
23/12/2015 5:55:42 PM,1.569859,Normal
23/12/2015 5:56:42 PM,1.569859,Normal
23/12/2015 5:57:42 PM,1.569859,Normal
23/12/2015 5:58:42 PM,1.601897,Normal
23/12/2015 5:59:42 PM,1.569859,Normal
23/12/2015 6:00:42 PM,1.489764,Normal
23/12/2015 6:01:42 PM,1.521802,Normal
23/12/2015 6:02:42 PM,1.569859,Normal
23/12/2015 6:03:42 PM,1.521802,Normal
23/12/2015 6:04:42 PM,1.489764,Normal
23/12/2015 6:05:42 PM,1.617916,Normal
23/12/2015 6:06:42 PM,1.537821,Normal
23/12/2015 6:07:42 PM,1.585878,Normal
23/12/2015 6:08:42 PM,1.601897,Normal
23/12/2015 6:09:42 PM,1.537821,Normal
23/12/2015 6:10:42 PM,1.521802,Normal
23/12/2015 6:11:42 PM,1.521802,Normal
23/12/2015 6:12:42 PM,1.521802,Normal
23/12/2015 6:13:42 PM,1.537821,Normal
23/12/2015 6:14:42 PM,1.505783,Normal
23/12/2015 6:15:42 PM,1.441707,Normal
23/12/2015 6:16:42 PM,1.585878,Normal
23/12/2015 6:17:42 PM,1.569859,Normal
23/12/2015 6:18:42 PM,1.617916,Normal
23/12/2015 6:19:42 PM,1.521802,Normal
23/12/2015 6:20:42 PM,1.521802,Normal
23/12/2015 6:21:42 PM,1.569859,Normal
23/12/2015 6:22:42 PM,1.569859,Normal
23/12/2015 6:23:42 PM,1.537821,Normal
23/12/2015 6:24:42 PM,1.569859,Normal
23/12/2015 6:25:42 PM,1.569859,Normal
23/12/2015 6:26:42 PM,1.537821,Normal
23/12/2015 6:27:42 PM,1.585878,Normal
23/12/2015 6:28:42 PM,1.585878,Normal
23/12/2015 6:29:42 PM,1.585878,Normal
23/12/2015 6:30:42 PM,1.585878,Normal
23/12/2015 6:31:42 PM,1.585878,Normal
23/12/2015 6:32:42 PM,1.585878,Normal
23/12/2015 6:33:42 PM,1.521802,Normal
23/12/2015 6:34:42 PM,1.585878,Normal
23/12/2015 6:35:42 PM,1.617916,Normal
23/12/2015 6:36:42 PM,1.537821,Normal
23/12/2015 6:37:42 PM,1.505783,Normal
23/12/2015 6:38:42 PM,1.585878,Normal
23/12/2015 6:39:42 PM,1.585878,Normal
23/12/2015 6:40:42 PM,1.569859,Normal
23/12/2015 6:41:42 PM,1.569859,Normal
23/12/2015 6:42:42 PM,1.569859,Normal
23/12/2015 6:43:42 PM,1.585878,Normal
23/12/2015 6:44:42 PM,1.585878,Normal
23/12/2015 6:45:42 PM,1.585878,Normal
23/12/2015 6:46:42 PM,1.585878,Normal
23/12/2015 6:47:42 PM,1.585878,Normal
23/12/2015 6:48:42 PM,1.585878,Normal
23/12/2015 6:49:42 PM,1.585878,Normal
23/12/2015 6:50:42 PM,1.569859,Normal
23/12/2015 6:51:42 PM,1.601897,Normal
23/12/2015 6:52:42 PM,1.585878,Normal
23/12/2015 6:53:42 PM,1.585878,Normal
23/12/2015 6:54:42 PM,1.585878,Normal
23/12/2015 6:55:42 PM,1.585878,Normal
23/12/2015 6:56:42 PM,1.617916,Normal
23/12/2015 6:57:42 PM,1.617916,Normal
23/12/2015 6:58:42 PM,1.601897,Normal
23/12/2015 6:59:42 PM,1.521802,Normal
23/12/2015 7:00:42 PM,1.601897,Normal
23/12/2015 7:01:42 PM,1.601897,Normal
23/12/2015 7:02:42 PM,1.601897,Normal
23/12/2015 7:03:42 PM,1.601897,Normal
23/12/2015 7:04:42 PM,1.601897,Normal
23/12/2015 7:05:42 PM,1.649953,Normal
23/12/2015 7:06:42 PM,1.585878,Normal
23/12/2015 7:07:42 PM,1.617916,Normal
23/12/2015 7:08:42 PM,1.585878,Normal
23/12/2015 7:09:42 PM,1.601897,Normal
23/12/2015 7:10:42 PM,1.601897,Normal
23/12/2015 7:11:42 PM,1.665972,Normal
23/12/2015 7:12:42 PM,1.585878,Normal
23/12/2015 7:13:42 PM,1.537821,Normal
23/12/2015 7:14:42 PM,1.585878,Normal
23/12/2015 7:15:42 PM,1.569859,Normal
23/12/2015 7:16:42 PM,1.569859,Normal
23/12/2015 7:17:42 PM,1.569859,Normal
23/12/2015 7:18:42 PM,1.617916,Normal
23/12/2015 7:19:42 PM,1.489764,Normal
23/12/2015 7:20:42 PM,1.505783,Normal
23/12/2015 7:21:42 PM,1.489764,Normal
23/12/2015 7:22:42 PM,1.505783,Normal
23/12/2015 7:23:42 PM,1.441707,Normal
23/12/2015 7:24:42 PM,1.521802,Normal
23/12/2015 7:25:42 PM,1.489764,Normal
23/12/2015 7:26:42 PM,1.537821,Normal
23/12/2015 7:27:42 PM,1.521802,Normal
23/12/2015 7:28:42 PM,1.441707,Normal
23/12/2015 7:29:42 PM,1.457726,Normal
23/12/2015 7:30:42 PM,1.505783,Normal
23/12/2015 7:31:42 PM,1.489764,Normal
23/12/2015 7:32:42 PM,1.441707,Normal
23/12/2015 7:33:42 PM,1.457726,Normal
23/12/2015 7:34:42 PM,1.409669,Normal
23/12/2015 7:35:42 PM,1.505783,Normal
23/12/2015 7:36:42 PM,1.489764,Normal
23/12/2015 7:37:42 PM,1.457726,Normal
23/12/2015 7:38:42 PM,1.457726,Normal
23/12/2015 7:39:42 PM,1.457726,Normal
23/12/2015 7:40:42 PM,1.457726,Normal
23/12/2015 7:41:42 PM,1.409669,Normal
23/12/2015 7:42:42 PM,1.585878,Normal
23/12/2015 7:43:42 PM,1.505783,Normal
23/12/2015 7:44:42 PM,1.409669,Normal
23/12/2015 7:45:42 PM,1.457726,Normal
23/12/2015 7:46:42 PM,1.441707,Normal
23/12/2015 7:47:42 PM,1.441707,Normal
23/12/2015 7:48:42 PM,1.409669,Normal
23/12/2015 7:49:42 PM,1.441707,Normal
23/12/2015 7:50:42 PM,1.425688,Normal
23/12/2015 7:51:42 PM,1.377631,Normal
23/12/2015 7:52:42 PM,1.377631,Normal
23/12/2015 7:53:42 PM,1.409669,Normal
23/12/2015 7:54:42 PM,1.409669,Normal
23/12/2015 7:55:42 PM,1.409669,Normal
23/12/2015 7:56:42 PM,1.409669,Normal
23/12/2015 7:57:42 PM,1.345593,Normal
23/12/2015 7:58:42 PM,1.329574,Normal
23/12/2015 7:59:42 PM,1.409669,Normal
23/12/2015 8:00:42 PM,1.361612,Normal
23/12/2015 8:01:42 PM,1.409669,Normal
23/12/2015 8:02:42 PM,1.361612,Normal
23/12/2015 8:03:42 PM,1.425688,Normal
23/12/2015 8:04:42 PM,1.361612,Normal
23/12/2015 8:05:42 PM,1.409669,Normal
23/12/2015 8:06:42 PM,1.361612,Normal
23/12/2015 8:07:42 PM,1.217441,Normal
23/12/2015 8:08:42 PM,1.329574,Normal
23/12/2015 8:09:42 PM,1.329574,Normal
23/12/2015 8:10:42 PM,1.297536,Normal
23/12/2015 8:11:42 PM,1.345593,Normal
23/12/2015 8:12:42 PM,1.345593,Normal
23/12/2015 8:13:42 PM,1.377631,Normal
23/12/2015 8:14:42 PM,1.425688,Normal
23/12/2015 8:15:42 PM,1.345593,Normal
23/12/2015 8:16:42 PM,1.425688,Normal
23/12/2015 8:17:42 PM,1.329574,Normal
23/12/2015 8:18:42 PM,1.425688,Normal
23/12/2015 8:19:42 PM,1.425688,Normal
23/12/2015 8:20:42 PM,1.345593,Normal
23/12/2015 8:21:42 PM,1.361612,Normal
23/12/2015 8:22:42 PM,1.249479,Normal
23/12/2015 8:23:42 PM,1.345593,Normal
23/12/2015 8:24:42 PM,1.281517,Normal
23/12/2015 8:25:42 PM,1.297536,Normal
23/12/2015 8:26:42 PM,1.265498,Normal
23/12/2015 8:27:42 PM,1.297536,Normal
23/12/2015 8:28:42 PM,1.217441,Normal
23/12/2015 8:29:42 PM,1.265498,Normal
23/12/2015 8:30:42 PM,1.265498,Normal
23/12/2015 8:31:42 PM,1.249479,Normal
23/12/2015 8:32:42 PM,1.201422,Normal
23/12/2015 8:33:42 PM,1.249479,Normal
23/12/2015 8:34:42 PM,1.265498,Normal
23/12/2015 8:35:42 PM,1.265498,Normal
23/12/2015 8:36:42 PM,1.185403,Normal
23/12/2015 8:37:42 PM,1.249479,Normal
23/12/2015 8:38:42 PM,1.265498,Normal
23/12/2015 8:39:42 PM,1.201422,Normal
23/12/2015 8:40:42 PM,1.169384,Normal
23/12/2015 8:41:42 PM,1.217441,Normal
23/12/2015 8:42:42 PM,1.281517,Normal
23/12/2015 8:43:42 PM,1.217441,Normal
23/12/2015 8:44:42 PM,1.201422,Normal
23/12/2015 8:45:42 PM,1.297536,Normal
23/12/2015 8:46:42 PM,1.249479,Normal
23/12/2015 8:47:42 PM,1.217441,Normal
23/12/2015 8:48:42 PM,1.265498,Normal
23/12/2015 8:49:42 PM,1.201422,Normal
23/12/2015 8:50:42 PM,1.217441,Normal
23/12/2015 8:51:42 PM,1.217441,Normal
23/12/2015 8:52:42 PM,1.185403,Normal
23/12/2015 8:53:42 PM,1.201422,Normal
23/12/2015 8:54:42 PM,1.217441,Normal
23/12/2015 8:55:42 PM,1.217441,Normal
23/12/2015 8:56:42 PM,1.217441,Normal
23/12/2015 8:57:42 PM,1.185403,Normal
23/12/2015 8:58:42 PM,1.201422,Normal
23/12/2015 8:59:42 PM,1.201422,Normal
23/12/2015 9:00:42 PM,1.201422,Normal
23/12/2015 9:01:42 PM,1.201422,Normal
23/12/2015 9:02:42 PM,1.201422,Normal
23/12/2015 9:03:42 PM,1.201422,Normal
23/12/2015 9:04:42 PM,1.201422,Normal
23/12/2015 9:05:42 PM,1.201422,Normal
23/12/2015 9:06:42 PM,1.217441,Normal
23/12/2015 9:07:42 PM,1.121328,Normal
23/12/2015 9:08:42 PM,1.169384,Normal
23/12/2015 9:09:42 PM,1.217441,Normal
23/12/2015 9:10:42 PM,1.217441,Normal
23/12/2015 9:11:42 PM,1.185403,Normal
23/12/2015 9:12:42 PM,1.185403,Normal
23/12/2015 9:13:42 PM,1.201422,Normal
23/12/2015 9:14:42 PM,1.169384,Normal
23/12/2015 9:15:42 PM,1.217441,Normal
23/12/2015 9:16:42 PM,1.249479,Normal
23/12/2015 9:17:42 PM,1.121328,Normal
23/12/2015 9:18:42 PM,1.201422,Normal
23/12/2015 9:19:42 PM,1.185403,Normal
23/12/2015 9:20:42 PM,1.185403,Normal
23/12/2015 9:21:42 PM,1.201422,Normal
23/12/2015 9:22:42 PM,1.185403,Normal
23/12/2015 9:23:42 PM,1.249479,Normal
23/12/2015 9:24:42 PM,1.201422,Normal
23/12/2015 9:25:42 PM,1.201422,Normal
23/12/2015 9:26:42 PM,1.201422,Normal
23/12/2015 9:27:42 PM,1.201422,Normal
23/12/2015 9:28:42 PM,1.201422,Normal
23/12/2015 9:29:42 PM,1.201422,Normal
23/12/2015 9:30:42 PM,1.201422,Normal
23/12/2015 9:31:42 PM,1.137347,Normal
23/12/2015 9:32:42 PM,1.201422,Normal
23/12/2015 9:33:42 PM,1.217441,Normal
23/12/2015 9:34:42 PM,1.185403,Normal
23/12/2015 9:35:42 PM,1.185403,Normal
23/12/2015 9:36:42 PM,1.185403,Normal
23/12/2015 9:37:42 PM,1.201422,Normal
23/12/2015 9:38:42 PM,1.169384,Normal
23/12/2015 9:39:42 PM,1.169384,Normal
23/12/2015 9:40:42 PM,1.185403,Normal
23/12/2015 9:41:42 PM,1.169384,Normal
23/12/2015 9:42:42 PM,1.169384,Normal
23/12/2015 9:43:42 PM,1.169384,Normal
23/12/2015 9:44:42 PM,1.201422,Normal
23/12/2015 9:45:42 PM,1.201422,Normal
23/12/2015 9:46:42 PM,1.169384,Normal
23/12/2015 9:47:42 PM,1.169384,Normal
23/12/2015 9:48:42 PM,1.201422,Normal
23/12/2015 9:49:42 PM,1.169384,Normal
23/12/2015 9:50:42 PM,1.169384,Normal
23/12/2015 9:51:42 PM,1.169384,Normal
23/12/2015 9:52:42 PM,1.185403,Normal
23/12/2015 9:53:42 PM,1.201422,Normal
23/12/2015 9:54:42 PM,1.08929,Normal
23/12/2015 9:55:42 PM,1.217441,Normal
23/12/2015 9:56:42 PM,1.121328,Normal
23/12/2015 9:57:42 PM,1.169384,Normal
23/12/2015 9:58:42 PM,1.137347,Normal
23/12/2015 9:59:42 PM,1.201422,Normal
23/12/2015 10:00:42 PM,1.137347,Normal
23/12/2015 10:01:42 PM,1.137347,Normal
23/12/2015 10:02:42 PM,1.185403,Normal
23/12/2015 10:03:42 PM,1.185403,Normal
23/12/2015 10:04:42 PM,1.105309,Normal
23/12/2015 10:05:42 PM,1.169384,Normal
23/12/2015 10:06:42 PM,1.169384,Normal
23/12/2015 10:07:42 PM,1.169384,Normal
23/12/2015 10:08:42 PM,1.121328,Normal
23/12/2015 10:09:42 PM,1.169384,Normal
23/12/2015 10:10:42 PM,1.121328,Normal
23/12/2015 10:11:42 PM,1.121328,Normal
23/12/2015 10:12:42 PM,1.121328,Normal
23/12/2015 10:13:42 PM,1.169384,Normal
23/12/2015 10:14:42 PM,1.08929,Normal
23/12/2015 10:15:42 PM,1.041233,Normal
23/12/2015 10:16:42 PM,1.185403,Normal
23/12/2015 10:17:42 PM,1.185403,Normal
23/12/2015 10:18:42 PM,1.169384,Normal
23/12/2015 10:19:42 PM,1.057252,Normal
23/12/2015 10:20:42 PM,1.137347,Normal
23/12/2015 10:21:42 PM,1.121328,Normal
23/12/2015 10:22:42 PM,1.121328,Normal
23/12/2015 10:23:42 PM,1.137347,Normal
23/12/2015 10:24:42 PM,1.121328,Normal
23/12/2015 10:25:42 PM,1.105309,Normal
23/12/2015 10:26:42 PM,1.137347,Normal
23/12/2015 10:27:42 PM,1.185403,Normal
23/12/2015 10:28:42 PM,1.08929,Normal
23/12/2015 10:29:42 PM,1.185403,Normal
23/12/2015 10:30:42 PM,1.041233,Normal
23/12/2015 10:31:42 PM,1.169384,Normal
23/12/2015 10:32:42 PM,1.137347,Normal
23/12/2015 10:33:42 PM,1.185403,Normal
23/12/2015 10:34:42 PM,1.201422,Normal
23/12/2015 10:35:42 PM,1.185403,Normal
23/12/2015 10:36:42 PM,1.201422,Normal
23/12/2015 10:37:42 PM,1.169384,Normal
23/12/2015 10:38:42 PM,1.169384,Normal
23/12/2015 10:39:42 PM,1.185403,Normal
23/12/2015 10:40:42 PM,1.169384,Normal
23/12/2015 10:41:42 PM,1.08929,Normal
23/12/2015 10:42:42 PM,1.121328,Normal
23/12/2015 10:43:42 PM,1.121328,Normal
23/12/2015 10:44:42 PM,1.105309,Normal
23/12/2015 10:45:42 PM,1.08929,Normal
23/12/2015 10:46:42 PM,1.185403,Normal
23/12/2015 10:47:42 PM,1.08929,Normal
23/12/2015 10:48:42 PM,1.121328,Normal
23/12/2015 10:49:42 PM,1.057252,Normal
23/12/2015 10:50:42 PM,1.08929,Normal
23/12/2015 10:51:42 PM,1.201422,Normal
23/12/2015 10:52:42 PM,1.08929,Normal
23/12/2015 10:53:42 PM,1.057252,Normal
23/12/2015 10:54:42 PM,1.041233,Normal
23/12/2015 10:55:42 PM,1.057252,Normal
23/12/2015 10:56:42 PM,1.121328,Normal
23/12/2015 10:57:42 PM,1.08929,Normal
23/12/2015 10:58:42 PM,1.057252,Normal
23/12/2015 10:59:42 PM,1.041233,Normal
23/12/2015 11:00:42 PM,1.169384,Normal
23/12/2015 11:01:42 PM,1.121328,Normal
23/12/2015 11:02:42 PM,1.08929,Normal
23/12/2015 11:03:42 PM,1.105309,Normal
23/12/2015 11:04:42 PM,1.105309,Normal
23/12/2015 11:05:42 PM,1.041233,Normal
23/12/2015 11:06:42 PM,1.08929,Normal
23/12/2015 11:07:42 PM,1.057252,Normal
23/12/2015 11:08:42 PM,1.105309,Normal
23/12/2015 11:09:42 PM,1.08929,Normal
23/12/2015 11:10:42 PM,1.217441,Normal
23/12/2015 11:11:42 PM,1.057252,Normal
23/12/2015 11:12:42 PM,1.105309,Normal
23/12/2015 11:13:42 PM,1.105309,Normal
23/12/2015 11:14:42 PM,1.185403,Normal
23/12/2015 11:15:42 PM,1.201422,Normal
23/12/2015 11:16:42 PM,1.169384,Normal
23/12/2015 11:17:42 PM,1.169384,Normal
23/12/2015 11:18:42 PM,1.105309,Normal
23/12/2015 11:19:42 PM,1.121328,Normal
23/12/2015 11:20:42 PM,1.137347,Normal
23/12/2015 11:21:42 PM,1.137347,Normal
23/12/2015 11:22:42 PM,1.185403,Normal
23/12/2015 11:23:42 PM,1.105309,Normal
23/12/2015 11:24:42 PM,1.121328,Normal
23/12/2015 11:25:42 PM,1.057252,Normal
23/12/2015 11:26:42 PM,1.137347,Normal
23/12/2015 11:27:42 PM,1.08929,Normal
23/12/2015 11:28:42 PM,1.137347,Normal
23/12/2015 11:29:42 PM,1.137347,Normal
23/12/2015 11:30:42 PM,1.137347,Normal
23/12/2015 11:31:42 PM,1.105309,Normal
23/12/2015 11:32:42 PM,1.121328,Normal
23/12/2015 11:33:42 PM,0.9771569,Normal
23/12/2015 11:34:42 PM,1.185403,Normal
23/12/2015 11:35:42 PM,1.169384,Normal
23/12/2015 11:36:42 PM,1.121328,Normal
23/12/2015 11:37:42 PM,1.08929,Normal
23/12/2015 11:38:42 PM,1.169384,Normal
23/12/2015 11:39:42 PM,1.08929,Normal
23/12/2015 11:40:42 PM,1.105309,Normal
23/12/2015 11:41:42 PM,1.105309,Normal
23/12/2015 11:42:42 PM,1.217441,Normal
23/12/2015 11:43:42 PM,1.137347,Normal
23/12/2015 11:44:42 PM,1.057252,Normal
23/12/2015 11:45:42 PM,1.121328,Normal
23/12/2015 11:46:42 PM,1.121328,Normal
23/12/2015 11:47:42 PM,1.121328,Normal
23/12/2015 11:48:42 PM,1.137347,Normal
23/12/2015 11:49:42 PM,1.08929,Normal
23/12/2015 11:50:42 PM,1.009195,Normal
23/12/2015 11:51:42 PM,1.08929,Normal
23/12/2015 11:52:42 PM,1.08929,Normal
23/12/2015 11:53:42 PM,1.057252,Normal
23/12/2015 11:54:42 PM,1.057252,Normal
23/12/2015 11:55:42 PM,1.121328,Normal
23/12/2015 11:56:42 PM,1.057252,Normal
23/12/2015 11:57:42 PM,1.137347,Normal
23/12/2015 11:58:42 PM,1.105309,Normal
23/12/2015 11:59:42 PM,1.025214,Normal
24/12/2015 12:00:42 AM,1.121328,Normal
24/12/2015 12:01:42 AM,1.057252,Normal
24/12/2015 12:02:42 AM,1.025214,Normal
24/12/2015 12:03:42 AM,1.121328,Normal
24/12/2015 12:04:42 AM,1.041233,Normal
24/12/2015 12:05:42 AM,1.169384,Normal
24/12/2015 12:06:42 AM,1.137347,Normal
24/12/2015 12:07:42 AM,1.121328,Normal
24/12/2015 12:08:42 AM,1.041233,Normal
24/12/2015 12:09:42 AM,1.121328,Normal
24/12/2015 12:10:42 AM,1.08929,Normal
24/12/2015 12:11:42 AM,1.185403,Normal
24/12/2015 12:12:42 AM,1.137347,Normal
24/12/2015 12:13:42 AM,1.057252,Normal
24/12/2015 12:14:42 AM,1.009195,Normal
24/12/2015 12:15:42 AM,1.041233,Normal
24/12/2015 12:16:42 AM,1.121328,Normal
24/12/2015 12:17:42 AM,1.041233,Normal
24/12/2015 12:18:42 AM,1.121328,Normal
24/12/2015 12:19:42 AM,1.105309,Normal
24/12/2015 12:20:42 AM,1.137347,Normal
24/12/2015 12:21:42 AM,1.08929,Normal
24/12/2015 12:22:42 AM,1.137347,Normal
24/12/2015 12:23:42 AM,1.08929,Normal
24/12/2015 12:24:42 AM,1.041233,Normal
24/12/2015 12:25:42 AM,1.025214,Normal
24/12/2015 12:26:42 AM,1.105309,Normal
24/12/2015 12:27:42 AM,1.041233,Normal
24/12/2015 12:28:42 AM,1.08929,Normal
24/12/2015 12:29:42 AM,1.201422,Normal
24/12/2015 12:30:42 AM,1.041233,Normal
24/12/2015 12:31:42 AM,1.121328,Normal
24/12/2015 12:32:42 AM,1.105309,Normal
24/12/2015 12:33:42 AM,1.057252,Normal
24/12/2015 12:34:42 AM,1.057252,Normal
24/12/2015 12:35:42 AM,1.105309,Normal
24/12/2015 12:36:42 AM,1.041233,Normal
24/12/2015 12:37:42 AM,1.041233,Normal
24/12/2015 12:38:42 AM,1.105309,Normal
24/12/2015 12:39:42 AM,1.057252,Normal
24/12/2015 12:40:42 AM,1.041233,Normal
24/12/2015 12:41:42 AM,1.025214,Normal
24/12/2015 12:42:42 AM,1.041233,Normal
24/12/2015 12:43:42 AM,1.041233,Normal
24/12/2015 12:44:42 AM,1.041233,Normal
24/12/2015 12:45:42 AM,1.041233,Normal
24/12/2015 12:46:42 AM,1.025214,Normal
24/12/2015 12:47:42 AM,1.025214,Normal
24/12/2015 12:48:42 AM,1.105309,Normal
24/12/2015 12:49:42 AM,1.201422,Normal
24/12/2015 12:50:42 AM,1.041233,Normal
24/12/2015 12:51:42 AM,1.121328,Normal
24/12/2015 12:52:42 AM,1.137347,Normal
24/12/2015 12:53:42 AM,1.057252,Normal
24/12/2015 12:54:42 AM,1.08929,Normal
24/12/2015 12:55:42 AM,1.185403,Normal
24/12/2015 12:56:42 AM,1.025214,Normal
24/12/2015 12:57:42 AM,1.025214,Normal
24/12/2015 12:58:42 AM,1.08929,Normal
24/12/2015 12:59:42 AM,1.057252,Normal
24/12/2015 1:00:42 AM,1.057252,Normal
24/12/2015 1:01:42 AM,1.057252,Normal
24/12/2015 1:02:42 AM,1.121328,Normal
24/12/2015 1:03:42 AM,1.121328,Normal
24/12/2015 1:04:42 AM,1.105309,Normal
24/12/2015 1:05:42 AM,1.041233,Normal
24/12/2015 1:06:42 AM,1.08929,Normal
24/12/2015 1:07:42 AM,1.025214,Normal
24/12/2015 1:08:42 AM,1.041233,Normal
24/12/2015 1:09:42 AM,1.08929,Normal
24/12/2015 1:10:42 AM,0.9771569,Normal
24/12/2015 1:11:42 AM,1.057252,Normal
24/12/2015 1:12:42 AM,1.137347,Normal
24/12/2015 1:13:42 AM,1.08929,Normal
24/12/2015 1:14:42 AM,1.057252,Normal
24/12/2015 1:15:42 AM,1.041233,Normal
24/12/2015 1:16:42 AM,1.057252,Normal
24/12/2015 1:17:42 AM,1.041233,Normal
24/12/2015 1:18:42 AM,1.025214,Normal
24/12/2015 1:19:42 AM,1.041233,Normal
24/12/2015 1:20:42 AM,1.009195,Normal
24/12/2015 1:21:42 AM,1.08929,Normal
24/12/2015 1:22:42 AM,1.041233,Normal
24/12/2015 1:23:42 AM,1.009195,Normal
24/12/2015 1:24:42 AM,0.961138,Normal
24/12/2015 1:25:42 AM,1.009195,Normal
24/12/2015 1:26:42 AM,1.041233,Normal
24/12/2015 1:27:42 AM,1.105309,Normal
24/12/2015 1:28:42 AM,1.08929,Normal
24/12/2015 1:29:42 AM,1.08929,Normal
24/12/2015 1:30:42 AM,1.025214,Normal
24/12/2015 1:31:42 AM,1.041233,Normal
24/12/2015 1:32:42 AM,1.025214,Normal
24/12/2015 1:33:42 AM,1.08929,Normal
24/12/2015 1:34:42 AM,1.169384,Normal
24/12/2015 1:35:42 AM,1.025214,Normal
24/12/2015 1:36:42 AM,1.041233,Normal
24/12/2015 1:37:42 AM,1.08929,Normal
24/12/2015 1:38:42 AM,1.249479,Normal
24/12/2015 1:39:42 AM,1.08929,Normal
24/12/2015 1:40:42 AM,1.009195,Normal
24/12/2015 1:41:42 AM,1.025214,Normal
24/12/2015 1:42:42 AM,0.9291,Normal
24/12/2015 1:43:42 AM,1.025214,Normal
24/12/2015 1:44:42 AM,1.009195,Normal
24/12/2015 1:45:42 AM,1.057252,Normal
24/12/2015 1:46:42 AM,1.057252,Normal
24/12/2015 1:47:42 AM,1.041233,Normal
24/12/2015 1:48:42 AM,1.009195,Normal
24/12/2015 1:49:42 AM,1.041233,Normal
24/12/2015 1:50:42 AM,1.025214,Normal
24/12/2015 1:51:42 AM,1.041233,Normal
24/12/2015 1:52:42 AM,0.9771569,Normal
24/12/2015 1:53:42 AM,1.009195,Normal
24/12/2015 1:54:42 AM,0.961138,Normal
24/12/2015 1:55:42 AM,1.121328,Normal
24/12/2015 1:56:42 AM,1.057252,Normal
24/12/2015 1:57:42 AM,1.025214,Normal
24/12/2015 1:58:42 AM,1.025214,Normal
24/12/2015 1:59:42 AM,1.025214,Normal
24/12/2015 2:00:42 AM,1.041233,Normal
24/12/2015 2:01:42 AM,1.041233,Normal
24/12/2015 2:02:42 AM,1.057252,Normal
24/12/2015 2:03:42 AM,1.08929,Normal
24/12/2015 2:04:42 AM,1.025214,Normal
24/12/2015 2:05:42 AM,0.945119,Normal
24/12/2015 2:06:42 AM,1.041233,Normal
24/12/2015 2:07:42 AM,1.025214,Normal
24/12/2015 2:08:42 AM,1.009195,Normal
24/12/2015 2:09:42 AM,0.945119,Normal
24/12/2015 2:10:42 AM,1.025214,Normal
24/12/2015 2:11:42 AM,1.041233,Normal
24/12/2015 2:12:42 AM,1.105309,Normal
24/12/2015 2:13:42 AM,1.041233,Normal
24/12/2015 2:14:42 AM,1.08929,Normal
24/12/2015 2:15:42 AM,1.025214,Normal
24/12/2015 2:16:42 AM,1.025214,Normal
24/12/2015 2:17:42 AM,0.961138,Normal
24/12/2015 2:18:42 AM,1.057252,Normal
24/12/2015 2:19:42 AM,0.9771569,Normal
24/12/2015 2:20:42 AM,1.105309,Normal
24/12/2015 2:21:42 AM,1.041233,Normal
24/12/2015 2:22:42 AM,1.025214,Normal
24/12/2015 2:23:42 AM,1.057252,Normal
24/12/2015 2:24:42 AM,1.009195,Normal
24/12/2015 2:25:42 AM,0.9771569,Normal
24/12/2015 2:26:42 AM,1.041233,Normal
24/12/2015 2:27:42 AM,1.025214,Normal
24/12/2015 2:28:42 AM,1.025214,Normal
24/12/2015 2:29:42 AM,1.041233,Normal
24/12/2015 2:30:42 AM,1.041233,Normal
24/12/2015 2:31:42 AM,1.025214,Normal
24/12/2015 2:32:42 AM,0.9771569,Normal
24/12/2015 2:33:42 AM,1.105309,Normal
24/12/2015 2:34:42 AM,1.105309,Normal
24/12/2015 2:35:42 AM,1.041233,Normal
24/12/2015 2:36:42 AM,1.009195,Normal
24/12/2015 2:37:42 AM,1.009195,Normal
24/12/2015 2:38:42 AM,1.041233,Normal
24/12/2015 2:39:42 AM,1.009195,Normal
24/12/2015 2:40:42 AM,1.025214,Normal
24/12/2015 2:41:42 AM,1.025214,Normal
24/12/2015 2:42:42 AM,1.057252,Normal
24/12/2015 2:43:42 AM,1.009195,Normal
24/12/2015 2:44:42 AM,1.217441,Normal
24/12/2015 2:45:42 AM,1.041233,Normal
24/12/2015 2:46:42 AM,1.025214,Normal
24/12/2015 2:47:42 AM,0.9771569,Normal
24/12/2015 2:48:42 AM,1.08929,Normal
24/12/2015 2:49:42 AM,1.025214,Normal
24/12/2015 2:50:42 AM,1.025214,Normal
24/12/2015 2:51:42 AM,1.009195,Normal
24/12/2015 2:52:42 AM,1.009195,Normal
24/12/2015 2:53:42 AM,1.169384,Normal
24/12/2015 2:54:42 AM,0.9771569,Normal
24/12/2015 2:55:42 AM,1.041233,Normal
24/12/2015 2:56:42 AM,1.025214,Normal
24/12/2015 2:57:42 AM,1.025214,Normal
24/12/2015 2:58:42 AM,0.9291,Normal
24/12/2015 2:59:42 AM,1.025214,Normal
24/12/2015 3:00:42 AM,1.009195,Normal
24/12/2015 3:01:42 AM,1.025214,Normal
24/12/2015 3:02:42 AM,1.025214,Normal
24/12/2015 3:03:42 AM,1.057252,Normal
24/12/2015 3:04:42 AM,1.009195,Normal
24/12/2015 3:05:42 AM,1.08929,Normal
24/12/2015 3:06:42 AM,1.057252,Normal
24/12/2015 3:07:42 AM,1.025214,Normal
24/12/2015 3:08:42 AM,1.025214,Normal
24/12/2015 3:09:42 AM,1.08929,Normal
24/12/2015 3:10:42 AM,1.185403,Normal
24/12/2015 3:11:42 AM,1.009195,Normal
24/12/2015 3:12:42 AM,1.025214,Normal
24/12/2015 3:13:42 AM,1.041233,Normal
24/12/2015 3:14:42 AM,1.041233,Normal
24/12/2015 3:15:42 AM,1.057252,Normal
24/12/2015 3:16:42 AM,1.025214,Normal
24/12/2015 3:17:42 AM,1.105309,Normal
24/12/2015 3:18:42 AM,1.025214,Normal
24/12/2015 3:19:42 AM,1.025214,Normal
24/12/2015 3:20:42 AM,1.025214,Normal
24/12/2015 3:21:42 AM,1.009195,Normal
24/12/2015 3:22:42 AM,1.041233,Normal
24/12/2015 3:23:42 AM,1.009195,Normal
24/12/2015 3:24:42 AM,1.025214,Normal
24/12/2015 3:25:42 AM,0.9771569,Normal
24/12/2015 3:26:42 AM,1.041233,Normal
24/12/2015 3:27:42 AM,0.9771569,Normal
24/12/2015 3:28:42 AM,1.08929,Normal
24/12/2015 3:29:42 AM,0.961138,Normal
24/12/2015 3:30:42 AM,1.121328,Normal
24/12/2015 3:31:42 AM,1.009195,Normal
24/12/2015 3:32:42 AM,1.105309,Normal
24/12/2015 3:33:42 AM,0.9771569,Normal
24/12/2015 3:34:42 AM,1.025214,Normal
24/12/2015 3:35:42 AM,1.025214,Normal
24/12/2015 3:36:42 AM,1.025214,Normal
24/12/2015 3:37:42 AM,0.9771569,Normal
24/12/2015 3:38:42 AM,0.9771569,Normal
24/12/2015 3:39:42 AM,1.025214,Normal
24/12/2015 3:40:42 AM,1.025214,Normal
24/12/2015 3:41:42 AM,1.025214,Normal
24/12/2015 3:42:42 AM,0.9771569,Normal
24/12/2015 3:43:42 AM,1.08929,Normal
24/12/2015 3:44:42 AM,1.057252,Normal
24/12/2015 3:45:42 AM,1.041233,Normal
24/12/2015 3:46:42 AM,1.137347,Normal
24/12/2015 3:47:42 AM,1.025214,Normal
24/12/2015 3:48:42 AM,1.025214,Normal
24/12/2015 3:49:42 AM,1.057252,Normal
24/12/2015 3:50:42 AM,1.025214,Normal
24/12/2015 3:51:42 AM,1.08929,Normal
24/12/2015 3:52:42 AM,1.041233,Normal
24/12/2015 3:53:42 AM,1.137347,Normal
24/12/2015 3:54:42 AM,1.08929,Normal
24/12/2015 3:55:42 AM,1.185403,Normal
24/12/2015 3:56:42 AM,1.169384,Normal
24/12/2015 3:57:42 AM,1.025214,Normal
24/12/2015 3:58:42 AM,1.025214,Normal
24/12/2015 3:59:42 AM,1.121328,Normal
24/12/2015 4:00:42 AM,1.137347,Normal
24/12/2015 4:01:42 AM,0.9771569,Normal
24/12/2015 4:02:42 AM,1.041233,Normal
24/12/2015 4:03:42 AM,1.041233,Normal
24/12/2015 4:04:42 AM,1.08929,Normal
24/12/2015 4:05:42 AM,1.025214,Normal
24/12/2015 4:06:42 AM,1.041233,Normal
24/12/2015 4:07:42 AM,1.025214,Normal
24/12/2015 4:08:42 AM,0.9771569,Normal
24/12/2015 4:09:42 AM,1.08929,Normal
24/12/2015 4:10:42 AM,0.9771569,Normal
24/12/2015 4:11:42 AM,1.009195,Normal
24/12/2015 4:12:42 AM,1.041233,Normal
24/12/2015 4:13:42 AM,1.041233,Normal
24/12/2015 4:14:42 AM,1.025214,Normal
24/12/2015 4:15:42 AM,1.025214,Normal
24/12/2015 4:16:42 AM,1.08929,Normal
24/12/2015 4:17:42 AM,1.105309,Normal
24/12/2015 4:18:42 AM,1.025214,Normal
24/12/2015 4:19:42 AM,1.009195,Normal
24/12/2015 4:20:42 AM,1.137347,Normal
24/12/2015 4:21:42 AM,1.025214,Normal
24/12/2015 4:22:42 AM,1.041233,Normal
24/12/2015 4:23:42 AM,1.137347,Normal
24/12/2015 4:24:42 AM,1.169384,Normal
24/12/2015 4:25:42 AM,1.169384,Normal
24/12/2015 4:26:42 AM,1.08929,Normal
24/12/2015 4:27:42 AM,1.121328,Normal
24/12/2015 4:28:42 AM,1.169384,Normal
24/12/2015 4:29:42 AM,1.041233,Normal
24/12/2015 4:30:42 AM,1.08929,Normal
24/12/2015 4:31:42 AM,1.025214,Normal
24/12/2015 4:32:42 AM,1.041233,Normal
24/12/2015 4:33:42 AM,1.057252,Normal
24/12/2015 4:34:42 AM,1.057252,Normal
24/12/2015 4:35:42 AM,1.041233,Normal
24/12/2015 4:36:42 AM,1.057252,Normal
24/12/2015 4:37:42 AM,1.041233,Normal
24/12/2015 4:38:42 AM,1.057252,Normal
24/12/2015 4:39:42 AM,1.105309,Normal
24/12/2015 4:40:42 AM,1.057252,Normal
24/12/2015 4:41:42 AM,1.121328,Normal
24/12/2015 4:42:42 AM,1.08929,Normal
24/12/2015 4:43:42 AM,1.121328,Normal
24/12/2015 4:44:42 AM,1.137347,Normal
24/12/2015 4:45:42 AM,1.08929,Normal
24/12/2015 4:46:42 AM,1.169384,Normal
24/12/2015 4:47:42 AM,1.105309,Normal
24/12/2015 4:48:42 AM,1.041233,Normal
24/12/2015 4:49:42 AM,1.121328,Normal
24/12/2015 4:50:42 AM,1.057252,Normal
24/12/2015 4:51:42 AM,1.08929,Normal
24/12/2015 4:52:42 AM,0.9771569,Normal
24/12/2015 4:53:42 AM,1.08929,Normal
24/12/2015 4:54:42 AM,1.08929,Normal
24/12/2015 4:55:42 AM,1.169384,Normal
24/12/2015 4:56:42 AM,1.041233,Normal
24/12/2015 4:57:42 AM,1.041233,Normal
24/12/2015 4:58:42 AM,1.169384,Normal
24/12/2015 4:59:42 AM,1.08929,Normal
24/12/2015 5:00:42 AM,1.057252,Normal
24/12/2015 5:01:42 AM,1.057252,Normal
24/12/2015 5:02:42 AM,1.08929,Normal
24/12/2015 5:03:42 AM,1.009195,Normal
24/12/2015 5:04:42 AM,1.121328,Normal
24/12/2015 5:05:42 AM,1.137347,Normal
24/12/2015 5:06:42 AM,1.041233,Normal
24/12/2015 5:07:42 AM,1.025214,Normal
24/12/2015 5:08:42 AM,1.169384,Normal
24/12/2015 5:09:42 AM,0.961138,Normal
24/12/2015 5:10:42 AM,1.025214,Normal
24/12/2015 5:11:42 AM,1.057252,Normal
24/12/2015 5:12:42 AM,1.105309,Normal
24/12/2015 5:13:42 AM,1.08929,Normal
24/12/2015 5:14:42 AM,1.121328,Normal
24/12/2015 5:15:42 AM,1.105309,Normal
24/12/2015 5:16:42 AM,1.121328,Normal
24/12/2015 5:17:42 AM,1.08929,Normal
24/12/2015 5:18:42 AM,1.105309,Normal
24/12/2015 5:19:42 AM,0.9771569,Normal
24/12/2015 5:20:42 AM,1.041233,Normal
24/12/2015 5:21:42 AM,1.08929,Normal
24/12/2015 5:22:42 AM,1.041233,Normal
24/12/2015 5:23:42 AM,1.009195,Normal
24/12/2015 5:24:42 AM,1.08929,Normal
24/12/2015 5:25:42 AM,1.217441,Normal
24/12/2015 5:26:42 AM,1.009195,Normal
24/12/2015 5:27:42 AM,1.121328,Normal
24/12/2015 5:28:42 AM,1.105309,Normal
24/12/2015 5:29:42 AM,1.057252,Normal
24/12/2015 5:30:42 AM,1.105309,Normal
24/12/2015 5:31:42 AM,0.9771569,Normal
24/12/2015 5:32:42 AM,1.057252,Normal
24/12/2015 5:33:42 AM,1.057252,Normal
24/12/2015 5:34:42 AM,1.105309,Normal
24/12/2015 5:35:42 AM,1.041233,Normal
24/12/2015 5:36:42 AM,1.08929,Normal
24/12/2015 5:37:42 AM,1.08929,Normal
24/12/2015 5:38:42 AM,1.057252,Normal
24/12/2015 5:39:42 AM,1.057252,Normal
24/12/2015 5:40:42 AM,1.009195,Normal
24/12/2015 5:41:42 AM,1.025214,Normal
24/12/2015 5:42:42 AM,1.057252,Normal
24/12/2015 5:43:42 AM,1.041233,Normal
24/12/2015 5:44:42 AM,1.025214,Normal
24/12/2015 5:45:42 AM,1.025214,Normal
24/12/2015 5:46:42 AM,1.025214,Normal
24/12/2015 5:47:42 AM,1.025214,Normal
24/12/2015 5:48:42 AM,1.025214,Normal
24/12/2015 5:49:42 AM,1.041233,Normal
24/12/2015 5:50:42 AM,1.025214,Normal
24/12/2015 5:51:42 AM,1.057252,Normal
24/12/2015 5:52:42 AM,1.025214,Normal
24/12/2015 5:53:42 AM,1.041233,Normal
24/12/2015 5:54:42 AM,1.041233,Normal
24/12/2015 5:55:42 AM,1.041233,Normal
24/12/2015 5:56:42 AM,1.057252,Normal
24/12/2015 5:57:42 AM,1.041233,Normal
24/12/2015 5:58:42 AM,0.961138,Normal
24/12/2015 5:59:42 AM,1.057252,Normal
24/12/2015 6:00:42 AM,1.025214,Normal
24/12/2015 6:01:42 AM,1.121328,Normal
24/12/2015 6:02:42 AM,0.961138,Normal
24/12/2015 6:03:42 AM,1.025214,Normal
24/12/2015 6:04:42 AM,1.025214,Normal
24/12/2015 6:05:42 AM,1.105309,Normal
24/12/2015 6:06:42 AM,1.057252,Normal
24/12/2015 6:07:42 AM,1.025214,Normal
24/12/2015 6:08:42 AM,1.041233,Normal
24/12/2015 6:09:42 AM,1.057252,Normal
24/12/2015 6:10:42 AM,1.025214,Normal
24/12/2015 6:11:42 AM,0.9771569,Normal
24/12/2015 6:12:42 AM,1.025214,Normal
24/12/2015 6:13:42 AM,1.08929,Normal
24/12/2015 6:14:42 AM,0.9771569,Normal
24/12/2015 6:15:42 AM,1.041233,Normal
24/12/2015 6:16:42 AM,1.041233,Normal
24/12/2015 6:17:42 AM,0.9771569,Normal
24/12/2015 6:18:42 AM,1.025214,Normal
24/12/2015 6:19:42 AM,1.025214,Normal
24/12/2015 6:20:42 AM,1.009195,Normal
24/12/2015 6:21:42 AM,1.08929,Normal
24/12/2015 6:22:42 AM,1.041233,Normal
24/12/2015 6:23:42 AM,1.009195,Normal
24/12/2015 6:24:42 AM,1.025214,Normal
24/12/2015 6:25:42 AM,1.041233,Normal
24/12/2015 6:26:42 AM,1.057252,Normal
24/12/2015 6:27:42 AM,1.041233,Normal
24/12/2015 6:28:42 AM,1.025214,Normal
24/12/2015 6:29:42 AM,1.105309,Normal
24/12/2015 6:30:42 AM,1.025214,Normal
24/12/2015 6:31:42 AM,0.9771569,Normal
24/12/2015 6:32:42 AM,1.041233,Normal
24/12/2015 6:33:42 AM,0.9771569,Normal
24/12/2015 6:34:42 AM,1.121328,Normal
24/12/2015 6:35:42 AM,1.08929,Normal
24/12/2015 6:36:42 AM,1.057252,Normal
24/12/2015 6:37:42 AM,1.057252,Normal
24/12/2015 6:38:42 AM,1.08929,Normal
24/12/2015 6:39:42 AM,1.08929,Normal
24/12/2015 6:40:42 AM,1.041233,Normal
24/12/2015 6:41:42 AM,1.041233,Normal
24/12/2015 6:42:42 AM,1.105309,Normal
24/12/2015 6:43:42 AM,1.025214,Normal
24/12/2015 6:44:42 AM,1.041233,Normal
24/12/2015 6:45:42 AM,1.025214,Normal
24/12/2015 6:46:42 AM,1.009195,Normal
24/12/2015 6:47:42 AM,0.9291,Normal
24/12/2015 6:48:42 AM,1.009195,Normal
24/12/2015 6:49:42 AM,1.009195,Normal
24/12/2015 6:50:42 AM,1.025214,Normal
24/12/2015 6:51:42 AM,1.025214,Normal
24/12/2015 6:52:42 AM,1.041233,Normal
24/12/2015 6:53:42 AM,1.08929,Normal
24/12/2015 6:54:42 AM,1.025214,Normal
24/12/2015 6:55:42 AM,1.025214,Normal
24/12/2015 6:56:42 AM,1.009195,Normal
24/12/2015 6:57:42 AM,1.009195,Normal
24/12/2015 6:58:42 AM,1.025214,Normal
24/12/2015 6:59:42 AM,1.025214,Normal
24/12/2015 7:00:42 AM,0.9771569,Normal
24/12/2015 7:01:42 AM,1.041233,Normal
24/12/2015 7:02:42 AM,1.025214,Normal
24/12/2015 7:03:42 AM,0.9771569,Normal
24/12/2015 7:04:42 AM,1.009195,Normal
24/12/2015 7:05:42 AM,1.009195,Normal
24/12/2015 7:06:42 AM,0.9771569,Normal
24/12/2015 7:07:42 AM,1.009195,Normal
24/12/2015 7:08:42 AM,1.105309,Normal
24/12/2015 7:09:42 AM,0.9771569,Normal
24/12/2015 7:10:42 AM,0.9771569,Normal
24/12/2015 7:11:42 AM,1.025214,Normal
24/12/2015 7:12:42 AM,1.041233,Normal
24/12/2015 7:13:42 AM,0.961138,Normal
24/12/2015 7:14:42 AM,1.057252,Normal
24/12/2015 7:15:42 AM,1.121328,Normal
24/12/2015 7:16:42 AM,1.041233,Normal
24/12/2015 7:17:42 AM,1.025214,Normal
24/12/2015 7:18:42 AM,1.057252,Normal
24/12/2015 7:19:42 AM,1.041233,Normal
24/12/2015 7:20:42 AM,1.08929,Normal
24/12/2015 7:21:42 AM,1.057252,Normal
24/12/2015 7:22:42 AM,1.121328,Normal
24/12/2015 7:23:42 AM,1.121328,Normal
24/12/2015 7:24:42 AM,1.121328,Normal
24/12/2015 7:25:42 AM,1.249479,Normal
24/12/2015 7:26:42 AM,1.185403,Normal
24/12/2015 7:27:42 AM,1.169384,Normal
24/12/2015 7:28:42 AM,1.185403,Normal
24/12/2015 7:29:42 AM,1.169384,Normal
24/12/2015 7:30:42 AM,1.169384,Normal
24/12/2015 7:31:42 AM,1.169384,Normal
24/12/2015 7:32:42 AM,1.201422,Normal
24/12/2015 7:33:42 AM,1.201422,Normal
24/12/2015 7:34:42 AM,1.201422,Normal
24/12/2015 7:35:42 AM,1.201422,Normal
24/12/2015 7:36:42 AM,1.217441,Normal
24/12/2015 7:37:42 AM,1.249479,Normal
24/12/2015 7:38:42 AM,1.265498,Normal
24/12/2015 7:39:42 AM,1.185403,Normal
24/12/2015 7:40:42 AM,1.297536,Normal
24/12/2015 7:41:42 AM,1.169384,Normal
24/12/2015 7:42:42 AM,1.249479,Normal
24/12/2015 7:43:42 AM,1.329574,Normal
24/12/2015 7:44:42 AM,1.345593,Normal
24/12/2015 7:45:42 AM,1.345593,Normal
24/12/2015 7:46:42 AM,1.377631,Normal
24/12/2015 7:47:42 AM,1.265498,Normal
24/12/2015 7:48:42 AM,1.297536,Normal
24/12/2015 7:49:42 AM,1.361612,Normal
24/12/2015 7:50:42 AM,1.361612,Normal
24/12/2015 7:51:42 AM,1.377631,Normal
24/12/2015 7:52:42 AM,1.377631,Normal
24/12/2015 7:53:42 AM,1.377631,Normal
24/12/2015 7:54:42 AM,1.377631,Normal
24/12/2015 7:55:42 AM,1.377631,Normal
24/12/2015 7:56:42 AM,1.377631,Normal
24/12/2015 7:57:42 AM,1.377631,Normal
24/12/2015 7:58:42 AM,1.377631,Normal
24/12/2015 7:59:42 AM,1.377631,Normal
24/12/2015 8:00:42 AM,1.377631,Normal
24/12/2015 8:01:42 AM,1.377631,Normal
24/12/2015 8:02:42 AM,1.377631,Normal
24/12/2015 8:03:42 AM,1.425688,Normal
24/12/2015 8:04:42 AM,1.377631,Normal
24/12/2015 8:05:42 AM,1.409669,Normal
24/12/2015 8:06:42 AM,1.409669,Normal
24/12/2015 8:07:42 AM,1.409669,Normal
24/12/2015 8:08:42 AM,1.409669,Normal
24/12/2015 8:09:42 AM,1.409669,Normal
24/12/2015 8:10:42 AM,1.425688,Normal
24/12/2015 8:11:42 AM,1.505783,Normal
24/12/2015 8:12:42 AM,1.489764,Normal
24/12/2015 8:13:42 AM,1.409669,Normal
24/12/2015 8:14:42 AM,1.441707,Normal
24/12/2015 8:15:42 AM,1.457726,Normal
24/12/2015 8:16:42 AM,1.457726,Normal
24/12/2015 8:17:42 AM,1.425688,Normal
24/12/2015 8:18:42 AM,1.457726,Normal
24/12/2015 8:19:42 AM,1.489764,Normal
24/12/2015 8:20:42 AM,1.441707,Normal
24/12/2015 8:21:42 AM,1.329574,Normal
24/12/2015 8:22:42 AM,1.441707,Normal
24/12/2015 8:23:42 AM,1.425688,Normal
24/12/2015 8:24:42 AM,1.409669,Normal
24/12/2015 8:25:42 AM,1.521802,Normal
24/12/2015 8:26:42 AM,1.537821,Normal
24/12/2015 8:27:42 AM,1.425688,Normal
24/12/2015 8:28:42 AM,1.569859,Normal
24/12/2015 8:29:42 AM,1.505783,Normal
24/12/2015 8:30:42 AM,1.489764,Normal
24/12/2015 8:31:42 AM,1.569859,Normal
24/12/2015 8:32:42 AM,1.441707,Normal
24/12/2015 8:33:42 AM,1.489764,Normal
24/12/2015 8:34:42 AM,1.457726,Normal
24/12/2015 8:35:42 AM,1.521802,Normal
24/12/2015 8:36:42 AM,1.521802,Normal
24/12/2015 8:37:42 AM,1.489764,Normal
24/12/2015 8:38:42 AM,1.425688,Normal
24/12/2015 8:39:42 AM,1.505783,Normal
24/12/2015 8:40:42 AM,1.457726,Normal
24/12/2015 8:41:42 AM,1.521802,Normal
24/12/2015 8:42:42 AM,1.505783,Normal
24/12/2015 8:43:42 AM,1.425688,Normal
24/12/2015 8:44:42 AM,1.489764,Normal
24/12/2015 8:45:42 AM,1.585878,Normal
24/12/2015 8:46:42 AM,1.521802,Normal
24/12/2015 8:47:42 AM,1.537821,Normal
24/12/2015 8:48:42 AM,1.441707,Normal
24/12/2015 8:49:42 AM,1.521802,Normal
24/12/2015 8:50:42 AM,1.569859,Normal
24/12/2015 8:51:42 AM,1.569859,Normal
24/12/2015 8:52:42 AM,1.569859,Normal
24/12/2015 8:53:42 AM,1.521802,Normal
24/12/2015 8:54:42 AM,1.569859,Normal
24/12/2015 8:55:42 AM,1.585878,Normal
24/12/2015 8:56:42 AM,1.521802,Normal
24/12/2015 8:57:42 AM,1.489764,Normal
24/12/2015 8:58:42 AM,1.537821,Normal
24/12/2015 8:59:42 AM,1.585878,Normal
24/12/2015 9:00:42 AM,1.569859,Normal
24/12/2015 9:01:42 AM,1.537821,Normal
24/12/2015 9:02:42 AM,1.569859,Normal
24/12/2015 9:03:42 AM,1.521802,Normal
24/12/2015 9:04:42 AM,1.537821,Normal
24/12/2015 9:05:42 AM,1.537821,Normal
24/12/2015 9:06:42 AM,1.537821,Normal
24/12/2015 9:07:42 AM,1.409669,Normal
24/12/2015 9:08:42 AM,1.521802,Normal
24/12/2015 9:09:42 AM,1.457726,Normal
24/12/2015 9:10:42 AM,1.585878,Normal
24/12/2015 9:11:42 AM,1.457726,Normal
24/12/2015 9:12:42 AM,1.505783,Normal
24/12/2015 9:13:42 AM,1.505783,Normal
24/12/2015 9:14:42 AM,1.537821,Normal
24/12/2015 9:15:42 AM,1.585878,Normal
24/12/2015 9:16:42 AM,1.585878,Normal
24/12/2015 9:17:42 AM,1.585878,Normal
24/12/2015 9:18:42 AM,1.585878,Normal
24/12/2015 9:19:42 AM,1.537821,Normal
24/12/2015 9:20:42 AM,1.521802,Normal
24/12/2015 9:21:42 AM,1.569859,Normal
24/12/2015 9:22:42 AM,1.601897,Normal
24/12/2015 9:23:42 AM,1.537821,Normal
24/12/2015 9:24:42 AM,1.537821,Normal
24/12/2015 9:25:42 AM,1.617916,Normal
24/12/2015 9:26:42 AM,1.505783,Normal
24/12/2015 9:27:42 AM,1.489764,Normal
24/12/2015 9:28:42 AM,1.521802,Normal
24/12/2015 9:29:42 AM,1.505783,Normal
24/12/2015 9:30:42 AM,1.537821,Normal
24/12/2015 9:31:42 AM,1.585878,Normal
24/12/2015 9:32:42 AM,1.569859,Normal
24/12/2015 9:33:42 AM,1.569859,Normal
24/12/2015 9:34:42 AM,1.585878,Normal
24/12/2015 9:35:42 AM,1.665972,Normal
24/12/2015 9:36:42 AM,1.537821,Normal
24/12/2015 9:37:42 AM,1.537821,Normal
24/12/2015 9:38:42 AM,1.601897,Normal
24/12/2015 9:39:42 AM,1.585878,Normal
24/12/2015 9:40:42 AM,1.505783,Normal
24/12/2015 9:41:42 AM,1.585878,Normal
24/12/2015 9:42:42 AM,1.505783,Normal
24/12/2015 9:43:42 AM,1.585878,Normal
24/12/2015 9:44:42 AM,1.585878,Normal
24/12/2015 9:45:42 AM,1.585878,Normal
24/12/2015 9:46:42 AM,1.569859,Normal
24/12/2015 9:47:42 AM,1.569859,Normal
24/12/2015 9:48:42 AM,1.569859,Normal
24/12/2015 9:49:42 AM,1.585878,Normal
24/12/2015 9:50:42 AM,1.585878,Normal
24/12/2015 9:51:42 AM,1.585878,Normal
24/12/2015 9:52:42 AM,1.585878,Normal
24/12/2015 9:53:42 AM,1.617916,Normal
24/12/2015 9:54:42 AM,1.681991,Normal
24/12/2015 9:55:42 AM,1.585878,Normal
24/12/2015 9:56:42 AM,1.585878,Normal
24/12/2015 9:57:42 AM,1.585878,Normal
24/12/2015 9:58:42 AM,1.585878,Normal
24/12/2015 9:59:42 AM,1.601897,Normal
24/12/2015 10:00:42 AM,1.601897,Normal
24/12/2015 10:01:42 AM,1.617916,Normal
24/12/2015 10:02:42 AM,1.585878,Normal
24/12/2015 10:03:42 AM,1.585878,Normal
24/12/2015 10:04:42 AM,1.585878,Normal
24/12/2015 10:05:42 AM,1.585878,Normal
24/12/2015 10:06:42 AM,1.585878,Normal
24/12/2015 10:07:42 AM,1.585878,Normal
24/12/2015 10:08:42 AM,1.585878,Normal
24/12/2015 10:09:42 AM,1.569859,Normal
24/12/2015 10:10:42 AM,1.601897,Normal
24/12/2015 10:11:42 AM,1.537821,Normal
24/12/2015 10:12:42 AM,1.585878,Normal
24/12/2015 10:13:42 AM,1.585878,Normal
24/12/2015 10:14:42 AM,1.585878,Normal
24/12/2015 10:15:42 AM,1.585878,Normal
24/12/2015 10:16:42 AM,1.585878,Normal
24/12/2015 10:17:42 AM,1.569859,Normal
24/12/2015 10:18:42 AM,1.665972,Normal
24/12/2015 10:19:42 AM,1.569859,Normal
24/12/2015 10:20:42 AM,1.569859,Normal
24/12/2015 10:21:42 AM,1.569859,Normal
24/12/2015 10:22:42 AM,1.569859,Normal
24/12/2015 10:23:42 AM,1.601897,Normal
24/12/2015 10:24:42 AM,1.537821,Normal
24/12/2015 10:25:42 AM,1.585878,Normal
24/12/2015 10:26:42 AM,1.810143,Normal
24/12/2015 10:27:42 AM,1.569859,Normal
24/12/2015 10:28:42 AM,1.569859,Normal
24/12/2015 10:29:42 AM,1.505783,Normal
24/12/2015 10:30:42 AM,1.585878,Normal
24/12/2015 10:31:42 AM,1.537821,Normal
24/12/2015 10:32:42 AM,1.601897,Normal
24/12/2015 10:33:42 AM,1.569859,Normal
24/12/2015 10:34:42 AM,1.569859,Normal
24/12/2015 10:35:42 AM,1.601897,Normal
24/12/2015 10:36:42 AM,1.569859,Normal
24/12/2015 10:37:42 AM,1.569859,Normal
24/12/2015 10:38:42 AM,1.585878,Normal
24/12/2015 10:39:42 AM,1.585878,Normal
24/12/2015 10:40:42 AM,1.585878,Normal
24/12/2015 10:41:42 AM,1.585878,Normal
24/12/2015 10:42:42 AM,1.489764,Normal
24/12/2015 10:43:42 AM,1.617916,Normal
24/12/2015 10:44:42 AM,1.569859,Normal
24/12/2015 10:45:42 AM,1.569859,Normal
24/12/2015 10:46:42 AM,1.569859,Normal
24/12/2015 10:47:42 AM,1.569859,Normal
24/12/2015 10:48:42 AM,1.601897,Normal
24/12/2015 10:49:42 AM,1.601897,Normal
24/12/2015 10:50:42 AM,1.569859,Normal
24/12/2015 10:51:42 AM,1.505783,Normal
24/12/2015 10:52:42 AM,1.569859,Normal
24/12/2015 10:53:42 AM,1.569859,Normal
24/12/2015 10:54:42 AM,1.537821,Normal
24/12/2015 10:55:42 AM,1.521802,Normal
24/12/2015 10:56:42 AM,1.585878,Normal
24/12/2015 10:57:42 AM,1.569859,Normal
24/12/2015 10:58:42 AM,1.569859,Normal
24/12/2015 10:59:42 AM,1.569859,Normal
24/12/2015 11:00:42 AM,1.569859,Normal
24/12/2015 11:01:42 AM,1.569859,Normal
24/12/2015 11:02:42 AM,1.585878,Normal
24/12/2015 11:03:42 AM,1.537821,Normal
24/12/2015 11:04:42 AM,1.537821,Normal
24/12/2015 11:05:42 AM,1.585878,Normal
24/12/2015 11:06:42 AM,1.585878,Normal
24/12/2015 11:07:42 AM,1.585878,Normal
24/12/2015 11:08:42 AM,1.585878,Normal
24/12/2015 11:09:42 AM,1.585878,Normal
24/12/2015 11:10:42 AM,1.585878,Normal
24/12/2015 11:11:42 AM,1.601897,Normal
24/12/2015 11:12:42 AM,1.585878,Normal
24/12/2015 11:13:42 AM,1.585878,Normal
24/12/2015 11:14:42 AM,1.585878,Normal
24/12/2015 11:15:42 AM,1.601897,Normal
24/12/2015 11:16:42 AM,1.585878,Normal
24/12/2015 11:17:42 AM,1.649953,Normal
24/12/2015 11:18:42 AM,1.601897,Normal
24/12/2015 11:19:42 AM,1.585878,Normal
24/12/2015 11:20:42 AM,1.585878,Normal
24/12/2015 11:21:42 AM,1.585878,Normal
24/12/2015 11:22:42 AM,1.585878,Normal
24/12/2015 11:23:42 AM,1.601897,Normal
24/12/2015 11:24:42 AM,1.569859,Normal
24/12/2015 11:25:42 AM,1.569859,Normal
24/12/2015 11:26:42 AM,1.601897,Normal
24/12/2015 11:27:42 AM,1.521802,Normal
24/12/2015 11:28:42 AM,1.601897,Normal
24/12/2015 11:29:42 AM,1.601897,Normal
24/12/2015 11:30:42 AM,1.505783,Normal
24/12/2015 11:31:42 AM,1.569859,Normal
24/12/2015 11:32:42 AM,1.569859,Normal
24/12/2015 11:33:42 AM,1.585878,Normal
24/12/2015 11:34:42 AM,1.569859,Normal
24/12/2015 11:35:42 AM,1.601897,Normal
24/12/2015 11:36:42 AM,1.601897,Normal
24/12/2015 11:37:42 AM,1.585878,Normal
24/12/2015 11:38:42 AM,1.585878,Normal
24/12/2015 11:39:42 AM,1.585878,Normal
24/12/2015 11:40:42 AM,1.617916,Normal
24/12/2015 11:41:42 AM,1.601897,Normal
24/12/2015 11:42:42 AM,1.601897,Normal
24/12/2015 11:43:42 AM,1.601897,Normal
24/12/2015 11:44:42 AM,1.585878,Normal
24/12/2015 11:45:42 AM,1.601897,Normal
24/12/2015 11:46:42 AM,1.585878,Normal
24/12/2015 11:47:42 AM,1.585878,Normal
24/12/2015 11:48:42 AM,1.585878,Normal
24/12/2015 11:49:42 AM,1.537821,Normal
24/12/2015 11:50:42 AM,1.601897,Normal
24/12/2015 11:51:42 AM,1.601897,Normal
24/12/2015 11:52:42 AM,1.601897,Normal
24/12/2015 11:53:42 AM,1.569859,Normal
24/12/2015 11:54:42 AM,1.425688,Normal
24/12/2015 11:55:42 AM,1.601897,Normal
24/12/2015 11:56:42 AM,1.585878,Normal
24/12/2015 11:57:42 AM,1.585878,Normal
24/12/2015 11:58:42 AM,1.569859,Normal
24/12/2015 11:59:42 AM,1.585878,Normal
24/12/2015 12:00:42 PM,1.569859,Normal
24/12/2015 12:01:42 PM,1.601897,Normal
24/12/2015 12:02:42 PM,1.601897,Normal
24/12/2015 12:03:42 PM,1.585878,Normal
24/12/2015 12:04:42 PM,1.601897,Normal
24/12/2015 12:05:42 PM,1.601897,Normal
24/12/2015 12:06:42 PM,1.601897,Normal
24/12/2015 12:07:42 PM,1.601897,Normal
24/12/2015 12:08:42 PM,1.601897,Normal
24/12/2015 12:09:42 PM,1.601897,Normal
24/12/2015 12:10:42 PM,1.601897,Normal
24/12/2015 12:11:42 PM,1.665972,Normal
24/12/2015 12:12:42 PM,1.617916,Normal
24/12/2015 12:13:42 PM,1.601897,Normal
24/12/2015 12:14:42 PM,1.601897,Normal
24/12/2015 12:15:42 PM,1.585878,Normal
24/12/2015 12:16:42 PM,1.585878,Normal
24/12/2015 12:17:42 PM,1.601897,Normal
24/12/2015 12:18:42 PM,1.601897,Normal
24/12/2015 12:19:42 PM,1.585878,Normal
24/12/2015 12:20:42 PM,1.585878,Normal
24/12/2015 12:21:42 PM,1.601897,Normal
24/12/2015 12:22:42 PM,1.601897,Normal
24/12/2015 12:23:42 PM,1.617916,Normal
24/12/2015 12:24:42 PM,1.617916,Normal
24/12/2015 12:25:42 PM,1.585878,Normal
24/12/2015 12:26:42 PM,1.617916,Normal
24/12/2015 12:27:42 PM,1.601897,Normal
24/12/2015 12:28:42 PM,1.601897,Normal
24/12/2015 12:29:42 PM,1.601897,Normal
24/12/2015 12:30:42 PM,1.569859,Normal
24/12/2015 12:31:42 PM,1.569859,Normal
24/12/2015 12:32:42 PM,1.585878,Normal
24/12/2015 12:33:42 PM,1.585878,Normal
24/12/2015 12:34:42 PM,1.601897,Normal
24/12/2015 12:35:42 PM,1.521802,Normal
24/12/2015 12:36:42 PM,1.569859,Normal
24/12/2015 12:37:42 PM,1.569859,Normal
24/12/2015 12:38:42 PM,1.569859,Normal
24/12/2015 12:39:42 PM,1.569859,Normal
24/12/2015 12:40:42 PM,1.617916,Normal
24/12/2015 12:41:42 PM,1.537821,Normal
24/12/2015 12:42:42 PM,1.569859,Normal
24/12/2015 12:43:42 PM,1.569859,Normal
24/12/2015 12:44:42 PM,1.537821,Normal
24/12/2015 12:45:42 PM,1.537821,Normal
24/12/2015 12:46:42 PM,1.505783,Normal
24/12/2015 12:47:42 PM,1.585878,Normal
24/12/2015 12:48:42 PM,1.457726,Normal
24/12/2015 12:49:42 PM,1.601897,Normal
24/12/2015 12:50:42 PM,1.489764,Normal
24/12/2015 12:51:42 PM,1.505783,Normal
24/12/2015 12:52:42 PM,1.457726,Normal
24/12/2015 12:53:42 PM,1.537821,Normal
24/12/2015 12:54:42 PM,1.489764,Normal
24/12/2015 12:55:42 PM,1.489764,Normal
24/12/2015 12:56:42 PM,1.377631,Normal
24/12/2015 12:57:42 PM,1.505783,Normal
24/12/2015 12:58:42 PM,1.457726,Normal
24/12/2015 12:59:42 PM,1.521802,Normal
24/12/2015 1:00:42 PM,1.505783,Normal
24/12/2015 1:01:42 PM,1.537821,Normal
24/12/2015 1:02:42 PM,1.521802,Normal
24/12/2015 1:03:42 PM,1.521802,Normal
24/12/2015 1:04:42 PM,1.585878,Normal
24/12/2015 1:05:42 PM,1.537821,Normal
24/12/2015 1:06:42 PM,1.457726,Normal
24/12/2015 1:07:42 PM,1.521802,Normal
24/12/2015 1:08:42 PM,1.569859,Normal
24/12/2015 1:09:42 PM,1.505783,Normal
24/12/2015 1:10:42 PM,1.585878,Normal
24/12/2015 1:11:42 PM,1.601897,Normal
24/12/2015 1:12:42 PM,1.505783,Normal
24/12/2015 1:13:42 PM,1.521802,Normal
24/12/2015 1:14:42 PM,1.617916,Normal
24/12/2015 1:15:42 PM,1.569859,Normal
24/12/2015 1:16:42 PM,1.489764,Normal
24/12/2015 1:17:42 PM,1.521802,Normal
24/12/2015 1:18:42 PM,1.441707,Normal
24/12/2015 1:19:42 PM,1.441707,Normal
24/12/2015 1:20:42 PM,1.537821,Normal
24/12/2015 1:21:42 PM,1.569859,Normal
24/12/2015 1:22:42 PM,1.521802,Normal
24/12/2015 1:23:42 PM,1.601897,Normal
24/12/2015 1:24:42 PM,1.521802,Normal
24/12/2015 1:25:42 PM,1.521802,Normal
24/12/2015 1:26:42 PM,1.457726,Normal
24/12/2015 1:27:42 PM,1.569859,Normal
24/12/2015 1:28:42 PM,1.537821,Normal
24/12/2015 1:29:42 PM,1.585878,Normal
24/12/2015 1:30:42 PM,1.601897,Normal
24/12/2015 1:31:42 PM,1.569859,Normal
24/12/2015 1:32:42 PM,1.505783,Normal
24/12/2015 1:33:42 PM,1.569859,Normal
24/12/2015 1:34:42 PM,1.569859,Normal
24/12/2015 1:35:42 PM,1.505783,Normal
24/12/2015 1:36:42 PM,1.617916,Normal
24/12/2015 1:37:42 PM,1.489764,Normal
24/12/2015 1:38:42 PM,1.521802,Normal
24/12/2015 1:39:42 PM,1.569859,Normal
24/12/2015 1:40:42 PM,1.521802,Normal
24/12/2015 1:41:42 PM,1.537821,Normal
24/12/2015 1:42:42 PM,1.505783,Normal
24/12/2015 1:43:42 PM,1.441707,Normal
24/12/2015 1:44:42 PM,1.457726,Normal
24/12/2015 1:45:42 PM,1.521802,Normal
24/12/2015 1:46:42 PM,1.457726,Normal
24/12/2015 1:47:42 PM,1.457726,Normal
24/12/2015 1:48:42 PM,1.425688,Normal
24/12/2015 1:49:42 PM,1.425688,Normal
24/12/2015 1:50:42 PM,1.569859,Normal
24/12/2015 1:51:42 PM,1.457726,Normal
24/12/2015 1:52:42 PM,1.505783,Normal
24/12/2015 1:53:42 PM,1.489764,Normal
24/12/2015 1:54:42 PM,1.505783,Normal
24/12/2015 1:55:42 PM,1.425688,Normal
24/12/2015 1:56:42 PM,1.521802,Normal
24/12/2015 1:57:42 PM,1.457726,Normal
24/12/2015 1:58:42 PM,1.377631,Normal
24/12/2015 1:59:42 PM,1.505783,Normal
24/12/2015 2:00:42 PM,1.521802,Normal
24/12/2015 2:01:42 PM,1.521802,Normal
24/12/2015 2:02:42 PM,1.457726,Normal
24/12/2015 2:03:42 PM,1.457726,Normal
24/12/2015 2:04:42 PM,1.457726,Normal
24/12/2015 2:05:42 PM,1.457726,Normal
24/12/2015 2:06:42 PM,1.489764,Normal
24/12/2015 2:07:42 PM,1.569859,Normal
24/12/2015 2:08:42 PM,1.521802,Normal
24/12/2015 2:09:42 PM,1.505783,Normal
24/12/2015 2:10:42 PM,1.505783,Normal
24/12/2015 2:11:42 PM,1.521802,Normal
24/12/2015 2:12:42 PM,1.489764,Normal
24/12/2015 2:13:42 PM,1.489764,Normal
24/12/2015 2:14:42 PM,1.441707,Normal
24/12/2015 2:15:42 PM,1.521802,Normal
24/12/2015 2:16:42 PM,1.489764,Normal
24/12/2015 2:17:42 PM,1.489764,Normal
24/12/2015 2:18:42 PM,1.489764,Normal
24/12/2015 2:19:42 PM,1.441707,Normal
24/12/2015 2:20:42 PM,1.489764,Normal
24/12/2015 2:21:42 PM,1.489764,Normal
24/12/2015 2:22:42 PM,1.425688,Normal
24/12/2015 2:23:42 PM,1.441707,Normal
24/12/2015 2:24:42 PM,1.441707,Normal
24/12/2015 2:25:42 PM,1.441707,Normal
24/12/2015 2:26:42 PM,1.489764,Normal
24/12/2015 2:27:42 PM,1.441707,Normal
24/12/2015 2:28:42 PM,1.441707,Normal
24/12/2015 2:29:42 PM,1.441707,Normal
24/12/2015 2:30:42 PM,1.505783,Normal
24/12/2015 2:31:42 PM,1.441707,Normal
24/12/2015 2:32:42 PM,1.441707,Normal
24/12/2015 2:33:42 PM,1.377631,Normal
24/12/2015 2:34:42 PM,1.457726,Normal
24/12/2015 2:35:42 PM,1.457726,Normal
24/12/2015 2:36:42 PM,1.457726,Normal
24/12/2015 2:37:42 PM,1.489764,Normal
24/12/2015 2:38:42 PM,1.489764,Normal
24/12/2015 2:39:42 PM,1.457726,Normal
24/12/2015 2:40:42 PM,1.489764,Normal
24/12/2015 2:41:42 PM,1.521802,Normal
24/12/2015 2:42:42 PM,1.457726,Normal
24/12/2015 2:43:42 PM,1.441707,Normal
24/12/2015 2:44:42 PM,1.441707,Normal
24/12/2015 2:45:42 PM,1.505783,Normal
24/12/2015 2:46:42 PM,1.457726,Normal
24/12/2015 2:47:42 PM,1.409669,Normal
24/12/2015 2:48:42 PM,1.521802,Normal
24/12/2015 2:49:42 PM,1.489764,Normal
24/12/2015 2:50:42 PM,1.457726,Normal
24/12/2015 2:51:42 PM,1.441707,Normal
24/12/2015 2:52:42 PM,1.441707,Normal
24/12/2015 2:53:42 PM,1.441707,Normal
24/12/2015 2:54:42 PM,1.441707,Normal
24/12/2015 2:55:42 PM,1.505783,Normal
24/12/2015 2:56:42 PM,1.457726,Normal
24/12/2015 2:57:42 PM,1.457726,Normal
24/12/2015 2:58:42 PM,1.425688,Normal
24/12/2015 2:59:42 PM,1.457726,Normal
24/12/2015 3:00:42 PM,1.457726,Normal
24/12/2015 3:01:42 PM,1.425688,Normal
24/12/2015 3:02:42 PM,1.457726,Normal
24/12/2015 3:03:42 PM,1.457726,Normal
24/12/2015 3:04:42 PM,1.521802,Normal
24/12/2015 3:05:42 PM,1.457726,Normal
24/12/2015 3:06:42 PM,1.457726,Normal
24/12/2015 3:07:42 PM,1.441707,Normal
24/12/2015 3:08:42 PM,1.441707,Normal
24/12/2015 3:09:42 PM,1.409669,Normal
24/12/2015 3:10:42 PM,1.489764,Normal
24/12/2015 3:11:42 PM,1.457726,Normal
24/12/2015 3:12:42 PM,1.441707,Normal
24/12/2015 3:13:42 PM,1.425688,Normal
24/12/2015 3:14:42 PM,1.441707,Normal
24/12/2015 3:15:42 PM,1.457726,Normal
24/12/2015 3:16:42 PM,1.425688,Normal
24/12/2015 3:17:42 PM,1.457726,Normal
24/12/2015 3:18:42 PM,1.457726,Normal
24/12/2015 3:19:42 PM,1.425688,Normal
24/12/2015 3:20:42 PM,1.441707,Normal
24/12/2015 3:21:42 PM,1.505783,Normal
24/12/2015 3:22:42 PM,1.489764,Normal
24/12/2015 3:23:42 PM,1.409669,Normal
24/12/2015 3:24:42 PM,1.441707,Normal
24/12/2015 3:25:42 PM,1.425688,Normal
24/12/2015 3:26:42 PM,1.425688,Normal
24/12/2015 3:27:42 PM,1.425688,Normal
24/12/2015 3:28:42 PM,1.489764,Normal
24/12/2015 3:29:42 PM,1.425688,Normal
24/12/2015 3:30:42 PM,1.345593,Normal
24/12/2015 3:31:42 PM,1.441707,Normal
24/12/2015 3:32:42 PM,1.457726,Normal
24/12/2015 3:33:42 PM,1.441707,Normal
24/12/2015 3:34:42 PM,1.457726,Normal
24/12/2015 3:35:42 PM,1.457726,Normal
24/12/2015 3:36:42 PM,1.489764,Normal
24/12/2015 3:37:42 PM,1.361612,Normal
24/12/2015 3:38:42 PM,1.425688,Normal
24/12/2015 3:39:42 PM,1.489764,Normal
24/12/2015 3:40:42 PM,1.457726,Normal
24/12/2015 3:41:42 PM,1.457726,Normal
24/12/2015 3:42:42 PM,1.537821,Normal
24/12/2015 3:43:42 PM,1.489764,Normal
24/12/2015 3:44:42 PM,1.537821,Normal
24/12/2015 3:45:42 PM,1.457726,Normal
24/12/2015 3:46:42 PM,1.505783,Normal
24/12/2015 3:47:42 PM,1.457726,Normal
24/12/2015 3:48:42 PM,1.569859,Normal
24/12/2015 3:49:42 PM,1.457726,Normal
24/12/2015 3:50:42 PM,1.409669,Normal
24/12/2015 3:51:42 PM,1.377631,Normal
24/12/2015 3:52:42 PM,1.409669,Normal
24/12/2015 3:53:42 PM,1.441707,Normal
24/12/2015 3:54:42 PM,1.457726,Normal
24/12/2015 3:55:42 PM,1.425688,Normal
24/12/2015 3:56:42 PM,1.425688,Normal
24/12/2015 3:57:42 PM,1.329574,Normal
24/12/2015 3:58:42 PM,1.441707,Normal
24/12/2015 3:59:42 PM,1.441707,Normal
24/12/2015 4:00:42 PM,1.441707,Normal
24/12/2015 4:01:42 PM,1.409669,Normal
24/12/2015 4:02:42 PM,1.457726,Normal
24/12/2015 4:03:42 PM,1.489764,Normal
24/12/2015 4:04:42 PM,1.457726,Normal
24/12/2015 4:05:42 PM,1.489764,Normal
24/12/2015 4:06:42 PM,1.505783,Normal
24/12/2015 4:07:42 PM,1.505783,Normal
24/12/2015 4:08:42 PM,1.489764,Normal
24/12/2015 4:09:42 PM,1.457726,Normal
24/12/2015 4:10:42 PM,1.489764,Normal
24/12/2015 4:11:42 PM,1.537821,Normal
24/12/2015 4:12:42 PM,1.601897,Normal
24/12/2015 4:13:42 PM,1.345593,Normal
24/12/2015 4:14:42 PM,1.489764,Normal
24/12/2015 4:15:42 PM,1.361612,Normal
24/12/2015 4:16:42 PM,1.521802,Normal
24/12/2015 4:17:42 PM,1.457726,Normal
24/12/2015 4:18:42 PM,1.457726,Normal
24/12/2015 4:19:42 PM,1.505783,Normal
24/12/2015 4:20:42 PM,1.505783,Normal
24/12/2015 4:21:42 PM,1.489764,Normal
24/12/2015 4:22:42 PM,1.489764,Normal
24/12/2015 4:23:42 PM,1.457726,Normal
24/12/2015 4:24:42 PM,1.409669,Normal
24/12/2015 4:25:42 PM,1.457726,Normal
24/12/2015 4:26:42 PM,1.457726,Normal
24/12/2015 4:27:42 PM,1.569859,Normal
24/12/2015 4:28:42 PM,1.457726,Normal
24/12/2015 4:29:42 PM,1.441707,Normal
24/12/2015 4:30:42 PM,1.537821,Normal
24/12/2015 4:31:42 PM,1.505783,Normal
24/12/2015 4:32:42 PM,1.505783,Normal
24/12/2015 4:33:42 PM,1.457726,Normal
24/12/2015 4:34:42 PM,1.457726,Normal
24/12/2015 4:35:42 PM,1.521802,Normal
24/12/2015 4:36:42 PM,1.361612,Normal
24/12/2015 4:37:42 PM,1.505783,Normal
24/12/2015 4:38:42 PM,1.537821,Normal
24/12/2015 4:39:42 PM,1.457726,Normal
24/12/2015 4:40:42 PM,1.457726,Normal
24/12/2015 4:41:42 PM,1.537821,Normal
24/12/2015 4:42:42 PM,1.569859,Normal
24/12/2015 4:43:42 PM,1.425688,Normal
24/12/2015 4:44:42 PM,1.329574,Normal
24/12/2015 4:45:42 PM,1.441707,Normal
24/12/2015 4:46:42 PM,1.569859,Normal
24/12/2015 4:47:42 PM,1.505783,Normal
24/12/2015 4:48:42 PM,1.537821,Normal
24/12/2015 4:49:42 PM,1.505783,Normal
24/12/2015 4:50:42 PM,1.441707,Normal
24/12/2015 4:51:42 PM,1.521802,Normal
24/12/2015 4:52:42 PM,1.585878,Normal
24/12/2015 4:53:42 PM,1.585878,Normal
24/12/2015 4:54:42 PM,1.537821,Normal
24/12/2015 4:55:42 PM,1.521802,Normal
24/12/2015 4:56:42 PM,1.569859,Normal
24/12/2015 4:57:42 PM,1.537821,Normal
24/12/2015 4:58:42 PM,1.537821,Normal
24/12/2015 4:59:42 PM,1.569859,Normal
24/12/2015 5:00:42 PM,1.505783,Normal
24/12/2015 5:01:42 PM,1.537821,Normal
24/12/2015 5:02:42 PM,1.537821,Normal
24/12/2015 5:03:42 PM,1.537821,Normal
24/12/2015 5:04:42 PM,1.489764,Normal
24/12/2015 5:05:42 PM,1.521802,Normal
24/12/2015 5:06:42 PM,1.537821,Normal
24/12/2015 5:07:42 PM,1.569859,Normal
24/12/2015 5:08:42 PM,1.489764,Normal
24/12/2015 5:09:42 PM,1.505783,Normal
24/12/2015 5:10:42 PM,1.569859,Normal
24/12/2015 5:11:42 PM,1.505783,Normal
24/12/2015 5:12:42 PM,1.521802,Normal
24/12/2015 5:13:42 PM,1.521802,Normal
24/12/2015 5:14:42 PM,1.505783,Normal
24/12/2015 5:15:42 PM,1.521802,Normal
24/12/2015 5:16:42 PM,1.585878,Normal
24/12/2015 5:17:42 PM,1.569859,Normal
24/12/2015 5:18:42 PM,1.585878,Normal
24/12/2015 5:19:42 PM,1.521802,Normal
24/12/2015 5:20:42 PM,1.521802,Normal
24/12/2015 5:21:42 PM,1.505783,Normal
24/12/2015 5:22:42 PM,1.521802,Normal
24/12/2015 5:23:42 PM,1.537821,Normal
24/12/2015 5:24:42 PM,1.585878,Normal
24/12/2015 5:25:42 PM,1.585878,Normal
24/12/2015 5:26:42 PM,1.537821,Normal
24/12/2015 5:27:42 PM,1.537821,Normal
24/12/2015 5:28:42 PM,1.537821,Normal
24/12/2015 5:29:42 PM,1.569859,Normal
24/12/2015 5:30:42 PM,1.569859,Normal
24/12/2015 5:31:42 PM,1.585878,Normal
24/12/2015 5:32:42 PM,1.505783,Normal
24/12/2015 5:33:42 PM,1.521802,Normal
24/12/2015 5:34:42 PM,1.537821,Normal
24/12/2015 5:35:42 PM,1.569859,Normal
24/12/2015 5:36:42 PM,1.521802,Normal
24/12/2015 5:37:42 PM,1.521802,Normal
24/12/2015 5:38:42 PM,1.521802,Normal
24/12/2015 5:39:42 PM,1.569859,Normal
24/12/2015 5:40:42 PM,1.649953,Normal
24/12/2015 5:41:42 PM,1.505783,Normal
24/12/2015 5:42:42 PM,1.569859,Normal
24/12/2015 5:43:42 PM,1.505783,Normal
24/12/2015 5:44:42 PM,1.537821,Normal
24/12/2015 5:45:42 PM,1.601897,Normal
24/12/2015 5:46:42 PM,1.441707,Normal
24/12/2015 5:47:42 PM,1.457726,Normal
24/12/2015 5:48:42 PM,1.441707,Normal
24/12/2015 5:49:42 PM,1.601897,Normal
24/12/2015 5:50:42 PM,1.425688,Normal
24/12/2015 5:51:42 PM,1.489764,Normal
24/12/2015 5:52:42 PM,1.489764,Normal
24/12/2015 5:53:42 PM,1.521802,Normal
24/12/2015 5:54:42 PM,1.489764,Normal
24/12/2015 5:55:42 PM,1.489764,Normal
24/12/2015 5:56:42 PM,1.505783,Normal
24/12/2015 5:57:42 PM,1.505783,Normal
24/12/2015 5:58:42 PM,1.537821,Normal
24/12/2015 5:59:42 PM,1.521802,Normal
24/12/2015 6:00:42 PM,1.537821,Normal
24/12/2015 6:01:42 PM,1.521802,Normal
24/12/2015 6:02:42 PM,1.521802,Normal
24/12/2015 6:03:42 PM,1.537821,Normal
24/12/2015 6:04:42 PM,1.489764,Normal
24/12/2015 6:05:42 PM,1.505783,Normal
24/12/2015 6:06:42 PM,1.537821,Normal
24/12/2015 6:07:42 PM,1.505783,Normal
24/12/2015 6:08:42 PM,1.537821,Normal
24/12/2015 6:09:42 PM,1.537821,Normal
24/12/2015 6:10:42 PM,1.489764,Normal
24/12/2015 6:11:42 PM,1.505783,Normal
24/12/2015 6:12:42 PM,1.489764,Normal
24/12/2015 6:13:42 PM,1.617916,Normal
24/12/2015 6:14:42 PM,1.537821,Normal
24/12/2015 6:15:42 PM,1.457726,Normal
24/12/2015 6:16:42 PM,1.505783,Normal
24/12/2015 6:17:42 PM,1.505783,Normal
24/12/2015 6:18:42 PM,1.537821,Normal
24/12/2015 6:19:42 PM,1.489764,Normal
24/12/2015 6:20:42 PM,1.569859,Normal
24/12/2015 6:21:42 PM,1.457726,Normal
24/12/2015 6:22:42 PM,1.537821,Normal
24/12/2015 6:23:42 PM,1.425688,Normal
24/12/2015 6:24:42 PM,1.505783,Normal
24/12/2015 6:25:42 PM,1.441707,Normal
24/12/2015 6:26:42 PM,1.521802,Normal
24/12/2015 6:27:42 PM,1.505783,Normal
24/12/2015 6:28:42 PM,1.377631,Normal
24/12/2015 6:29:42 PM,1.441707,Normal
24/12/2015 6:30:42 PM,1.505783,Normal
24/12/2015 6:31:42 PM,1.521802,Normal
24/12/2015 6:32:42 PM,1.457726,Normal
24/12/2015 6:33:42 PM,1.505783,Normal
24/12/2015 6:34:42 PM,1.489764,Normal
24/12/2015 6:35:42 PM,1.505783,Normal
24/12/2015 6:36:42 PM,1.521802,Normal
24/12/2015 6:37:42 PM,1.569859,Normal
24/12/2015 6:38:42 PM,1.585878,Normal
24/12/2015 6:39:42 PM,1.457726,Normal
24/12/2015 6:40:42 PM,1.569859,Normal
24/12/2015 6:41:42 PM,1.505783,Normal
24/12/2015 6:42:42 PM,1.537821,Normal
24/12/2015 6:43:42 PM,1.585878,Normal
24/12/2015 6:44:42 PM,1.569859,Normal
24/12/2015 6:45:42 PM,1.537821,Normal
24/12/2015 6:46:42 PM,1.521802,Normal
24/12/2015 6:47:42 PM,1.649953,Normal
24/12/2015 6:48:42 PM,1.537821,Normal
24/12/2015 6:49:42 PM,1.537821,Normal
24/12/2015 6:50:42 PM,1.537821,Normal
24/12/2015 6:51:42 PM,1.457726,Normal
24/12/2015 6:52:42 PM,1.537821,Normal
24/12/2015 6:53:42 PM,1.537821,Normal
24/12/2015 6:54:42 PM,1.489764,Normal
24/12/2015 6:55:42 PM,1.537821,Normal
24/12/2015 6:56:42 PM,1.489764,Normal
24/12/2015 6:57:42 PM,1.569859,Normal
24/12/2015 6:58:42 PM,1.569859,Normal
24/12/2015 6:59:42 PM,1.569859,Normal
24/12/2015 7:00:42 PM,1.521802,Normal
24/12/2015 7:01:42 PM,1.521802,Normal
24/12/2015 7:02:42 PM,1.521802,Normal
24/12/2015 7:03:42 PM,1.569859,Normal
24/12/2015 7:04:42 PM,1.537821,Normal
24/12/2015 7:05:42 PM,1.521802,Normal
24/12/2015 7:06:42 PM,1.521802,Normal
24/12/2015 7:07:42 PM,1.489764,Normal
24/12/2015 7:08:42 PM,1.537821,Normal
24/12/2015 7:09:42 PM,1.537821,Normal
24/12/2015 7:10:42 PM,1.537821,Normal
24/12/2015 7:11:42 PM,1.617916,Normal
24/12/2015 7:12:42 PM,1.585878,Normal
24/12/2015 7:13:42 PM,1.585878,Normal
24/12/2015 7:14:42 PM,1.585878,Normal
24/12/2015 7:15:42 PM,1.537821,Normal
24/12/2015 7:16:42 PM,1.489764,Normal
24/12/2015 7:17:42 PM,1.585878,Normal
24/12/2015 7:18:42 PM,1.489764,Normal
24/12/2015 7:19:42 PM,1.441707,Normal
24/12/2015 7:20:42 PM,1.537821,Normal
24/12/2015 7:21:42 PM,1.521802,Normal
24/12/2015 7:22:42 PM,1.377631,Normal
24/12/2015 7:23:42 PM,1.441707,Normal
24/12/2015 7:24:42 PM,1.425688,Normal
24/12/2015 7:25:42 PM,1.441707,Normal
24/12/2015 7:26:42 PM,1.441707,Normal
24/12/2015 7:27:42 PM,1.409669,Normal
24/12/2015 7:28:42 PM,1.409669,Normal
24/12/2015 7:29:42 PM,1.441707,Normal
24/12/2015 7:30:42 PM,1.441707,Normal
24/12/2015 7:31:42 PM,1.425688,Normal
24/12/2015 7:32:42 PM,1.425688,Normal
24/12/2015 7:33:42 PM,1.425688,Normal
24/12/2015 7:34:42 PM,1.441707,Normal
24/12/2015 7:35:42 PM,1.441707,Normal
24/12/2015 7:36:42 PM,1.425688,Normal
24/12/2015 7:37:42 PM,1.425688,Normal
24/12/2015 7:38:42 PM,1.425688,Normal
24/12/2015 7:39:42 PM,1.425688,Normal
24/12/2015 7:40:42 PM,1.425688,Normal
24/12/2015 7:41:42 PM,1.457726,Normal
24/12/2015 7:42:42 PM,1.409669,Normal
24/12/2015 7:43:42 PM,1.409669,Normal
24/12/2015 7:44:42 PM,1.601897,Normal
24/12/2015 7:45:42 PM,1.425688,Normal
24/12/2015 7:46:42 PM,1.425688,Normal
24/12/2015 7:47:42 PM,1.441707,Normal
24/12/2015 7:48:42 PM,1.441707,Normal
24/12/2015 7:49:42 PM,1.409669,Normal
24/12/2015 7:50:42 PM,1.409669,Normal
24/12/2015 7:51:42 PM,1.409669,Normal
24/12/2015 7:52:42 PM,1.409669,Normal
24/12/2015 7:53:42 PM,1.409669,Normal
24/12/2015 7:54:42 PM,1.409669,Normal
24/12/2015 7:55:42 PM,1.425688,Normal
24/12/2015 7:56:42 PM,1.409669,Normal
24/12/2015 7:57:42 PM,1.425688,Normal
24/12/2015 7:58:42 PM,1.297536,Normal
24/12/2015 7:59:42 PM,1.361612,Normal
24/12/2015 8:00:42 PM,1.409669,Normal
24/12/2015 8:01:42 PM,1.361612,Normal
24/12/2015 8:02:42 PM,1.377631,Normal
24/12/2015 8:03:42 PM,1.361612,Normal
24/12/2015 8:04:42 PM,1.345593,Normal
24/12/2015 8:05:42 PM,1.281517,Normal
24/12/2015 8:06:42 PM,1.297536,Normal
24/12/2015 8:07:42 PM,1.409669,Normal
24/12/2015 8:08:42 PM,1.265498,Normal
24/12/2015 8:09:42 PM,1.265498,Normal
24/12/2015 8:10:42 PM,1.345593,Normal
24/12/2015 8:11:42 PM,1.377631,Normal
24/12/2015 8:12:42 PM,1.377631,Normal
24/12/2015 8:13:42 PM,1.297536,Normal
24/12/2015 8:14:42 PM,1.297536,Normal
24/12/2015 8:15:42 PM,1.329574,Normal
24/12/2015 8:16:42 PM,1.297536,Normal
24/12/2015 8:17:42 PM,1.297536,Normal
24/12/2015 8:18:42 PM,1.281517,Normal
24/12/2015 8:19:42 PM,1.329574,Normal
24/12/2015 8:20:42 PM,1.217441,Normal
24/12/2015 8:21:42 PM,1.265498,Normal
24/12/2015 8:22:42 PM,1.249479,Normal
24/12/2015 8:23:42 PM,1.281517,Normal
24/12/2015 8:24:42 PM,1.297536,Normal
24/12/2015 8:25:42 PM,1.281517,Normal
24/12/2015 8:26:42 PM,1.217441,Normal
24/12/2015 8:27:42 PM,1.329574,Normal
24/12/2015 8:28:42 PM,1.265498,Normal
24/12/2015 8:29:42 PM,1.249479,Normal
24/12/2015 8:30:42 PM,1.265498,Normal
24/12/2015 8:31:42 PM,1.265498,Normal
24/12/2015 8:32:42 PM,1.281517,Normal
24/12/2015 8:33:42 PM,1.217441,Normal
24/12/2015 8:34:42 PM,1.201422,Normal
24/12/2015 8:35:42 PM,1.217441,Normal
24/12/2015 8:36:42 PM,1.217441,Normal
24/12/2015 8:37:42 PM,1.217441,Normal
24/12/2015 8:38:42 PM,1.249479,Normal
24/12/2015 8:39:42 PM,1.281517,Normal
24/12/2015 8:40:42 PM,1.185403,Normal
24/12/2015 8:41:42 PM,1.201422,Normal
24/12/2015 8:42:42 PM,1.217441,Normal
24/12/2015 8:43:42 PM,1.217441,Normal
24/12/2015 8:44:42 PM,1.217441,Normal
24/12/2015 8:45:42 PM,1.249479,Normal
24/12/2015 8:46:42 PM,1.249479,Normal
24/12/2015 8:47:42 PM,1.265498,Normal
24/12/2015 8:48:42 PM,1.217441,Normal
24/12/2015 8:49:42 PM,1.217441,Normal
24/12/2015 8:50:42 PM,1.217441,Normal
24/12/2015 8:51:42 PM,1.249479,Normal
24/12/2015 8:52:42 PM,1.281517,Normal
24/12/2015 8:53:42 PM,1.345593,Normal
24/12/2015 8:54:42 PM,1.217441,Normal
24/12/2015 8:55:42 PM,1.217441,Normal
24/12/2015 8:56:42 PM,1.185403,Normal
24/12/2015 8:57:42 PM,1.217441,Normal
24/12/2015 8:58:42 PM,1.217441,Normal
24/12/2015 8:59:42 PM,1.217441,Normal
24/12/2015 9:00:42 PM,1.201422,Normal
24/12/2015 9:01:42 PM,1.281517,Normal
24/12/2015 9:02:42 PM,1.185403,Normal
24/12/2015 9:03:42 PM,1.201422,Normal
24/12/2015 9:04:42 PM,1.201422,Normal
24/12/2015 9:05:42 PM,1.201422,Normal
24/12/2015 9:06:42 PM,1.201422,Normal
24/12/2015 9:07:42 PM,1.201422,Normal
24/12/2015 9:08:42 PM,1.249479,Normal
24/12/2015 9:09:42 PM,1.201422,Normal
24/12/2015 9:10:42 PM,1.217441,Normal
24/12/2015 9:11:42 PM,1.329574,Normal
24/12/2015 9:12:42 PM,1.185403,Normal
24/12/2015 9:13:42 PM,1.185403,Normal
24/12/2015 9:14:42 PM,1.185403,Normal
24/12/2015 9:15:42 PM,1.217441,Normal
24/12/2015 9:16:42 PM,1.201422,Normal
24/12/2015 9:17:42 PM,1.185403,Normal
24/12/2015 9:18:42 PM,1.185403,Normal
24/12/2015 9:19:42 PM,1.201422,Normal
24/12/2015 9:20:42 PM,1.201422,Normal
24/12/2015 9:21:42 PM,1.201422,Normal
24/12/2015 9:22:42 PM,1.185403,Normal
24/12/2015 9:23:42 PM,1.185403,Normal
24/12/2015 9:24:42 PM,1.169384,Normal
24/12/2015 9:25:42 PM,1.201422,Normal
24/12/2015 9:26:42 PM,1.201422,Normal
24/12/2015 9:27:42 PM,1.169384,Normal
24/12/2015 9:28:42 PM,1.185403,Normal
24/12/2015 9:29:42 PM,1.217441,Normal
24/12/2015 9:30:42 PM,1.121328,Normal
24/12/2015 9:31:42 PM,1.169384,Normal
24/12/2015 9:32:42 PM,1.137347,Normal
24/12/2015 9:33:42 PM,1.201422,Normal
24/12/2015 9:34:42 PM,1.185403,Normal
24/12/2015 9:35:42 PM,1.185403,Normal
24/12/2015 9:36:42 PM,1.169384,Normal
24/12/2015 9:37:42 PM,1.169384,Normal
24/12/2015 9:38:42 PM,1.169384,Normal
24/12/2015 9:39:42 PM,1.169384,Normal
24/12/2015 9:40:42 PM,1.137347,Normal
24/12/2015 9:41:42 PM,1.137347,Normal
24/12/2015 9:42:42 PM,1.08929,Normal
24/12/2015 9:43:42 PM,1.169384,Normal
24/12/2015 9:44:42 PM,1.137347,Normal
24/12/2015 9:45:42 PM,1.137347,Normal
24/12/2015 9:46:42 PM,1.137347,Normal
24/12/2015 9:47:42 PM,1.137347,Normal
24/12/2015 9:48:42 PM,1.217441,Normal
24/12/2015 9:49:42 PM,1.137347,Normal
24/12/2015 9:50:42 PM,1.137347,Normal
24/12/2015 9:51:42 PM,1.121328,Normal
24/12/2015 9:52:42 PM,1.121328,Normal
24/12/2015 9:53:42 PM,1.08929,Normal
24/12/2015 9:54:42 PM,1.105309,Normal
24/12/2015 9:55:42 PM,1.169384,Normal
24/12/2015 9:56:42 PM,1.137347,Normal
24/12/2015 9:57:42 PM,1.201422,Normal
24/12/2015 9:58:42 PM,1.137347,Normal
24/12/2015 9:59:42 PM,1.169384,Normal
24/12/2015 10:00:42 PM,1.169384,Normal
24/12/2015 10:01:42 PM,1.137347,Normal
24/12/2015 10:02:42 PM,1.185403,Normal
24/12/2015 10:03:42 PM,1.105309,Normal
24/12/2015 10:04:42 PM,1.169384,Normal
24/12/2015 10:05:42 PM,1.185403,Normal
24/12/2015 10:06:42 PM,1.169384,Normal
24/12/2015 10:07:42 PM,1.105309,Normal
24/12/2015 10:08:42 PM,1.137347,Normal
24/12/2015 10:09:42 PM,1.137347,Normal
24/12/2015 10:10:42 PM,1.137347,Normal
24/12/2015 10:11:42 PM,1.105309,Normal
24/12/2015 10:12:42 PM,1.201422,Normal
24/12/2015 10:13:42 PM,1.137347,Normal
24/12/2015 10:14:42 PM,1.057252,Normal
24/12/2015 10:15:42 PM,1.185403,Normal
24/12/2015 10:16:42 PM,1.121328,Normal
24/12/2015 10:17:42 PM,1.105309,Normal
24/12/2015 10:18:42 PM,1.057252,Normal
24/12/2015 10:19:42 PM,1.137347,Normal
24/12/2015 10:20:42 PM,1.121328,Normal
24/12/2015 10:21:42 PM,1.08929,Normal
24/12/2015 10:22:42 PM,1.105309,Normal
24/12/2015 10:23:42 PM,1.105309,Normal
24/12/2015 10:24:42 PM,1.137347,Normal
24/12/2015 10:25:42 PM,1.169384,Normal
24/12/2015 10:26:42 PM,1.105309,Normal
24/12/2015 10:27:42 PM,1.041233,Normal
24/12/2015 10:28:42 PM,1.08929,Normal
24/12/2015 10:29:42 PM,1.137347,Normal
24/12/2015 10:30:42 PM,1.121328,Normal
24/12/2015 10:31:42 PM,1.08929,Normal
24/12/2015 10:32:42 PM,1.137347,Normal
24/12/2015 10:33:42 PM,1.105309,Normal
24/12/2015 10:34:42 PM,1.121328,Normal
24/12/2015 10:35:42 PM,1.137347,Normal
24/12/2015 10:36:42 PM,1.185403,Normal
24/12/2015 10:37:42 PM,1.121328,Normal
24/12/2015 10:38:42 PM,1.201422,Normal
24/12/2015 10:39:42 PM,1.105309,Normal
24/12/2015 10:40:42 PM,1.105309,Normal
24/12/2015 10:41:42 PM,1.121328,Normal
24/12/2015 10:42:42 PM,1.121328,Normal
24/12/2015 10:43:42 PM,1.105309,Normal
24/12/2015 10:44:42 PM,1.08929,Normal
24/12/2015 10:45:42 PM,1.08929,Normal
24/12/2015 10:46:42 PM,1.08929,Normal
24/12/2015 10:47:42 PM,0.9771569,Normal
24/12/2015 10:48:42 PM,1.025214,Normal
24/12/2015 10:49:42 PM,1.137347,Normal
24/12/2015 10:50:42 PM,1.025214,Normal
24/12/2015 10:51:42 PM,1.105309,Normal
24/12/2015 10:52:42 PM,1.08929,Normal
24/12/2015 10:53:42 PM,1.105309,Normal
24/12/2015 10:54:42 PM,1.057252,Normal
24/12/2015 10:55:42 PM,1.137347,Normal
24/12/2015 10:56:42 PM,1.041233,Normal
24/12/2015 10:57:42 PM,1.08929,Normal
24/12/2015 10:58:42 PM,1.137347,Normal
24/12/2015 10:59:42 PM,1.105309,Normal
24/12/2015 11:00:42 PM,1.201422,Normal
24/12/2015 11:01:42 PM,1.08929,Normal
24/12/2015 11:02:42 PM,1.041233,Normal
24/12/2015 11:03:42 PM,1.08929,Normal
24/12/2015 11:04:42 PM,1.057252,Normal
24/12/2015 11:05:42 PM,1.025214,Normal
24/12/2015 11:06:42 PM,1.121328,Normal
24/12/2015 11:07:42 PM,1.121328,Normal
24/12/2015 11:08:42 PM,1.105309,Normal
24/12/2015 11:09:42 PM,1.105309,Normal
24/12/2015 11:10:42 PM,1.105309,Normal
24/12/2015 11:11:42 PM,1.057252,Normal
24/12/2015 11:12:42 PM,1.185403,Normal
24/12/2015 11:13:42 PM,1.057252,Normal
24/12/2015 11:14:42 PM,1.105309,Normal
24/12/2015 11:15:42 PM,1.121328,Normal
24/12/2015 11:16:42 PM,1.137347,Normal
24/12/2015 11:17:42 PM,1.08929,Normal
24/12/2015 11:18:42 PM,1.08929,Normal
24/12/2015 11:19:42 PM,1.137347,Normal
24/12/2015 11:20:42 PM,1.105309,Normal
24/12/2015 11:21:42 PM,1.169384,Normal
24/12/2015 11:22:42 PM,1.08929,Normal
24/12/2015 11:23:42 PM,1.105309,Normal
24/12/2015 11:24:42 PM,1.08929,Normal
24/12/2015 11:25:42 PM,1.121328,Normal
24/12/2015 11:26:42 PM,1.121328,Normal
24/12/2015 11:27:42 PM,1.137347,Normal
24/12/2015 11:28:42 PM,1.121328,Normal
24/12/2015 11:29:42 PM,1.137347,Normal
24/12/2015 11:30:42 PM,1.201422,Normal
24/12/2015 11:31:42 PM,1.169384,Normal
24/12/2015 11:32:42 PM,1.08929,Normal
24/12/2015 11:33:42 PM,1.137347,Normal
24/12/2015 11:34:42 PM,1.121328,Normal
24/12/2015 11:35:42 PM,1.057252,Normal
24/12/2015 11:36:42 PM,1.169384,Normal
24/12/2015 11:37:42 PM,1.057252,Normal
24/12/2015 11:38:42 PM,1.041233,Normal
24/12/2015 11:39:42 PM,1.137347,Normal
24/12/2015 11:40:42 PM,1.137347,Normal
24/12/2015 11:41:42 PM,1.105309,Normal
24/12/2015 11:42:42 PM,1.08929,Normal
24/12/2015 11:43:42 PM,1.105309,Normal
24/12/2015 11:44:42 PM,1.105309,Normal
24/12/2015 11:45:42 PM,1.137347,Normal
24/12/2015 11:46:42 PM,1.105309,Normal
24/12/2015 11:47:42 PM,1.201422,Normal
24/12/2015 11:48:42 PM,1.121328,Normal
24/12/2015 11:49:42 PM,1.137347,Normal
24/12/2015 11:50:42 PM,1.121328,Normal
24/12/2015 11:51:42 PM,1.105309,Normal
24/12/2015 11:52:42 PM,1.105309,Normal
24/12/2015 11:53:42 PM,1.169384,Normal
24/12/2015 11:54:42 PM,1.121328,Normal
24/12/2015 11:55:42 PM,1.041233,Normal
24/12/2015 11:56:42 PM,1.08929,Normal
24/12/2015 11:57:42 PM,1.08929,Normal
24/12/2015 11:58:42 PM,1.041233,Normal
24/12/2015 11:59:42 PM,1.057252,Normal
25/12/2015 12:00:42 AM,1.041233,Normal
25/12/2015 12:01:42 AM,1.08929,Normal
25/12/2015 12:02:42 AM,1.137347,Normal
25/12/2015 12:03:42 AM,1.137347,Normal
25/12/2015 12:04:42 AM,1.08929,Normal
25/12/2015 12:05:42 AM,1.041233,Normal
25/12/2015 12:06:42 AM,1.121328,Normal
25/12/2015 12:07:42 AM,1.105309,Normal
25/12/2015 12:08:42 AM,1.057252,Normal
25/12/2015 12:09:42 AM,1.057252,Normal
25/12/2015 12:10:42 AM,1.08929,Normal
25/12/2015 12:11:42 AM,1.025214,Normal
25/12/2015 12:12:42 AM,1.249479,Normal
25/12/2015 12:13:42 AM,1.041233,Normal
25/12/2015 12:14:42 AM,1.105309,Normal
25/12/2015 12:15:42 AM,1.105309,Normal
25/12/2015 12:16:42 AM,1.009195,Normal
25/12/2015 12:17:42 AM,1.121328,Normal
25/12/2015 12:18:42 AM,1.025214,Normal
25/12/2015 12:19:42 AM,1.009195,Normal
25/12/2015 12:20:42 AM,1.041233,Normal
25/12/2015 12:21:42 AM,1.041233,Normal
25/12/2015 12:22:42 AM,1.08929,Normal
25/12/2015 12:23:42 AM,1.057252,Normal
25/12/2015 12:24:42 AM,1.057252,Normal
25/12/2015 12:25:42 AM,1.041233,Normal
25/12/2015 12:26:42 AM,1.08929,Normal
25/12/2015 12:27:42 AM,1.041233,Normal
25/12/2015 12:28:42 AM,1.08929,Normal
25/12/2015 12:29:42 AM,1.041233,Normal
25/12/2015 12:30:42 AM,1.105309,Normal
25/12/2015 12:31:42 AM,1.105309,Normal
25/12/2015 12:32:42 AM,1.137347,Normal
25/12/2015 12:33:42 AM,1.041233,Normal
25/12/2015 12:34:42 AM,1.105309,Normal
25/12/2015 12:35:42 AM,1.057252,Normal
25/12/2015 12:36:42 AM,1.009195,Normal
25/12/2015 12:37:42 AM,1.025214,Normal
25/12/2015 12:38:42 AM,1.057252,Normal
25/12/2015 12:39:42 AM,1.041233,Normal
25/12/2015 12:40:42 AM,1.169384,Normal
25/12/2015 12:41:42 AM,1.08929,Normal
25/12/2015 12:42:42 AM,1.025214,Normal
25/12/2015 12:43:42 AM,0.9771569,Normal
25/12/2015 12:44:42 AM,1.08929,Normal
25/12/2015 12:45:42 AM,1.169384,Normal
25/12/2015 12:46:42 AM,1.041233,Normal
25/12/2015 12:47:42 AM,1.057252,Normal
25/12/2015 12:48:42 AM,1.057252,Normal
25/12/2015 12:49:42 AM,1.025214,Normal
25/12/2015 12:50:42 AM,0.9771569,Normal
25/12/2015 12:51:42 AM,1.041233,Normal
25/12/2015 12:52:42 AM,1.025214,Normal
25/12/2015 12:53:42 AM,1.057252,Normal
25/12/2015 12:54:42 AM,1.08929,Normal
25/12/2015 12:55:42 AM,1.057252,Normal
25/12/2015 12:56:42 AM,1.08929,Normal
25/12/2015 12:57:42 AM,1.009195,Normal
25/12/2015 12:58:42 AM,1.105309,Normal
25/12/2015 12:59:42 AM,1.041233,Normal
25/12/2015 1:00:42 AM,1.041233,Normal
25/12/2015 1:01:42 AM,1.105309,Normal
25/12/2015 1:02:42 AM,1.009195,Normal
25/12/2015 1:03:42 AM,1.057252,Normal
25/12/2015 1:04:42 AM,1.025214,Normal
25/12/2015 1:05:42 AM,1.009195,Normal
25/12/2015 1:06:42 AM,1.025214,Normal
25/12/2015 1:07:42 AM,0.945119,Normal
25/12/2015 1:08:42 AM,1.041233,Normal
25/12/2015 1:09:42 AM,1.009195,Normal
25/12/2015 1:10:42 AM,1.025214,Normal
25/12/2015 1:11:42 AM,1.025214,Normal
25/12/2015 1:12:42 AM,1.025214,Normal
25/12/2015 1:13:42 AM,1.041233,Normal
25/12/2015 1:14:42 AM,0.9771569,Normal
25/12/2015 1:15:42 AM,1.041233,Normal
25/12/2015 1:16:42 AM,1.025214,Normal
25/12/2015 1:17:42 AM,1.025214,Normal
25/12/2015 1:18:42 AM,1.025214,Normal
25/12/2015 1:19:42 AM,1.009195,Normal
25/12/2015 1:20:42 AM,1.057252,Normal
25/12/2015 1:21:42 AM,1.08929,Normal
25/12/2015 1:22:42 AM,1.057252,Normal
25/12/2015 1:23:42 AM,1.08929,Normal
25/12/2015 1:24:42 AM,1.041233,Normal
25/12/2015 1:25:42 AM,1.041233,Normal
25/12/2015 1:26:42 AM,1.057252,Normal
25/12/2015 1:27:42 AM,0.9771569,Normal
25/12/2015 1:28:42 AM,1.041233,Normal
25/12/2015 1:29:42 AM,1.041233,Normal
25/12/2015 1:30:42 AM,1.08929,Normal
25/12/2015 1:31:42 AM,1.137347,Normal
25/12/2015 1:32:42 AM,1.08929,Normal
25/12/2015 1:33:42 AM,1.08929,Normal
25/12/2015 1:34:42 AM,1.025214,Normal
25/12/2015 1:35:42 AM,1.041233,Normal
25/12/2015 1:36:42 AM,1.009195,Normal
25/12/2015 1:37:42 AM,1.041233,Normal
25/12/2015 1:38:42 AM,1.041233,Normal
25/12/2015 1:39:42 AM,1.057252,Normal
25/12/2015 1:40:42 AM,1.041233,Normal
25/12/2015 1:41:42 AM,1.041233,Normal
25/12/2015 1:42:42 AM,1.009195,Normal
25/12/2015 1:43:42 AM,1.057252,Normal
25/12/2015 1:44:42 AM,1.041233,Normal
25/12/2015 1:45:42 AM,1.057252,Normal
25/12/2015 1:46:42 AM,1.057252,Normal
25/12/2015 1:47:42 AM,1.041233,Normal
25/12/2015 1:48:42 AM,1.025214,Normal
25/12/2015 1:49:42 AM,1.057252,Normal
25/12/2015 1:50:42 AM,1.057252,Normal
25/12/2015 1:51:42 AM,1.041233,Normal
25/12/2015 1:52:42 AM,1.041233,Normal
25/12/2015 1:53:42 AM,1.041233,Normal
25/12/2015 1:54:42 AM,1.009195,Normal
25/12/2015 1:55:42 AM,1.057252,Normal
25/12/2015 1:56:42 AM,1.105309,Normal
25/12/2015 1:57:42 AM,1.009195,Normal
25/12/2015 1:58:42 AM,1.057252,Normal
25/12/2015 1:59:42 AM,1.057252,Normal
25/12/2015 2:00:42 AM,1.057252,Normal
25/12/2015 2:01:42 AM,0.9771569,Normal
25/12/2015 2:02:42 AM,1.041233,Normal
25/12/2015 2:03:42 AM,1.057252,Normal
25/12/2015 2:04:42 AM,1.041233,Normal
25/12/2015 2:05:42 AM,1.041233,Normal
25/12/2015 2:06:42 AM,1.041233,Normal
25/12/2015 2:07:42 AM,1.057252,Normal
25/12/2015 2:08:42 AM,1.057252,Normal
25/12/2015 2:09:42 AM,1.105309,Normal
25/12/2015 2:10:42 AM,1.08929,Normal
25/12/2015 2:11:42 AM,1.121328,Normal
25/12/2015 2:12:42 AM,1.105309,Normal
25/12/2015 2:13:42 AM,1.105309,Normal
25/12/2015 2:14:42 AM,0.9771569,Normal
25/12/2015 2:15:42 AM,1.105309,Normal
25/12/2015 2:16:42 AM,0.9771569,Normal
25/12/2015 2:17:42 AM,1.041233,Normal
25/12/2015 2:18:42 AM,1.009195,Normal
25/12/2015 2:19:42 AM,1.009195,Normal
25/12/2015 2:20:42 AM,1.041233,Normal
25/12/2015 2:21:42 AM,1.041233,Normal
25/12/2015 2:22:42 AM,1.041233,Normal
25/12/2015 2:23:42 AM,1.025214,Normal
25/12/2015 2:24:42 AM,1.009195,Normal
25/12/2015 2:25:42 AM,1.057252,Normal
25/12/2015 2:26:42 AM,1.025214,Normal
25/12/2015 2:27:42 AM,1.057252,Normal
25/12/2015 2:28:42 AM,1.025214,Normal
25/12/2015 2:29:42 AM,1.009195,Normal
25/12/2015 2:30:42 AM,1.025214,Normal
25/12/2015 2:31:42 AM,1.025214,Normal
25/12/2015 2:32:42 AM,1.041233,Normal
25/12/2015 2:33:42 AM,1.08929,Normal
25/12/2015 2:34:42 AM,1.025214,Normal
25/12/2015 2:35:42 AM,1.025214,Normal
25/12/2015 2:36:42 AM,1.025214,Normal
25/12/2015 2:37:42 AM,1.025214,Normal
25/12/2015 2:38:42 AM,1.057252,Normal
25/12/2015 2:39:42 AM,1.121328,Normal
25/12/2015 2:40:42 AM,1.169384,Normal
25/12/2015 2:41:42 AM,1.009195,Normal
25/12/2015 2:42:42 AM,1.025214,Normal
25/12/2015 2:43:42 AM,1.057252,Normal
25/12/2015 2:44:42 AM,1.057252,Normal
25/12/2015 2:45:42 AM,1.025214,Normal
25/12/2015 2:46:42 AM,1.057252,Normal
25/12/2015 2:47:42 AM,1.041233,Normal
25/12/2015 2:48:42 AM,1.041233,Normal
25/12/2015 2:49:42 AM,1.137347,Normal
25/12/2015 2:50:42 AM,1.169384,Normal
25/12/2015 2:51:42 AM,1.025214,Normal
25/12/2015 2:52:42 AM,1.041233,Normal
25/12/2015 2:53:42 AM,1.025214,Normal
25/12/2015 2:54:42 AM,1.057252,Normal
25/12/2015 2:55:42 AM,1.025214,Normal
25/12/2015 2:56:42 AM,1.009195,Normal
25/12/2015 2:57:42 AM,1.08929,Normal
25/12/2015 2:58:42 AM,1.025214,Normal
25/12/2015 2:59:42 AM,1.025214,Normal
25/12/2015 3:00:42 AM,1.025214,Normal
25/12/2015 3:01:42 AM,1.025214,Normal
25/12/2015 3:02:42 AM,1.025214,Normal
25/12/2015 3:03:42 AM,1.025214,Normal
25/12/2015 3:04:42 AM,1.025214,Normal
25/12/2015 3:05:42 AM,1.009195,Normal
25/12/2015 3:06:42 AM,1.041233,Normal
25/12/2015 3:07:42 AM,1.041233,Normal
25/12/2015 3:08:42 AM,1.057252,Normal
25/12/2015 3:09:42 AM,1.08929,Normal
25/12/2015 3:10:42 AM,1.025214,Normal
25/12/2015 3:11:42 AM,1.025214,Normal
25/12/2015 3:12:42 AM,1.025214,Normal
25/12/2015 3:13:42 AM,1.08929,Normal
25/12/2015 3:14:42 AM,1.025214,Normal
25/12/2015 3:15:42 AM,1.025214,Normal
25/12/2015 3:16:42 AM,1.025214,Normal
25/12/2015 3:17:42 AM,1.025214,Normal
25/12/2015 3:18:42 AM,1.025214,Normal
25/12/2015 3:19:42 AM,1.025214,Normal
25/12/2015 3:20:42 AM,1.009195,Normal
25/12/2015 3:21:42 AM,1.025214,Normal
25/12/2015 3:22:42 AM,1.025214,Normal
25/12/2015 3:23:42 AM,1.025214,Normal
25/12/2015 3:24:42 AM,1.041233,Normal
25/12/2015 3:25:42 AM,1.009195,Normal
25/12/2015 3:26:42 AM,1.025214,Normal
25/12/2015 3:27:42 AM,1.025214,Normal
25/12/2015 3:28:42 AM,0.9771569,Normal
25/12/2015 3:29:42 AM,1.025214,Normal
25/12/2015 3:30:42 AM,1.025214,Normal
25/12/2015 3:31:42 AM,1.025214,Normal
25/12/2015 3:32:42 AM,1.009195,Normal
25/12/2015 3:33:42 AM,1.105309,Normal
25/12/2015 3:34:42 AM,1.009195,Normal
25/12/2015 3:35:42 AM,1.025214,Normal
25/12/2015 3:36:42 AM,1.025214,Normal
25/12/2015 3:37:42 AM,1.025214,Normal
25/12/2015 3:38:42 AM,1.025214,Normal
25/12/2015 3:39:42 AM,1.009195,Normal
25/12/2015 3:40:42 AM,1.025214,Normal
25/12/2015 3:41:42 AM,1.025214,Normal
25/12/2015 3:42:42 AM,1.009195,Normal
25/12/2015 3:43:42 AM,1.041233,Normal
25/12/2015 3:44:42 AM,1.009195,Normal
25/12/2015 3:45:42 AM,1.025214,Normal
25/12/2015 3:46:42 AM,1.057252,Normal
25/12/2015 3:47:42 AM,1.057252,Normal
25/12/2015 3:48:42 AM,1.08929,Normal
25/12/2015 3:49:42 AM,1.009195,Normal
25/12/2015 3:50:42 AM,1.057252,Normal
25/12/2015 3:51:42 AM,1.041233,Normal
25/12/2015 3:52:42 AM,1.137347,Normal
25/12/2015 3:53:42 AM,1.025214,Normal
25/12/2015 3:54:42 AM,1.105309,Normal
25/12/2015 3:55:42 AM,1.025214,Normal
25/12/2015 3:56:42 AM,1.009195,Normal
25/12/2015 3:57:42 AM,1.025214,Normal
25/12/2015 3:58:42 AM,0.945119,Normal
25/12/2015 3:59:42 AM,1.041233,Normal
25/12/2015 4:00:42 AM,1.041233,Normal
25/12/2015 4:01:42 AM,1.041233,Normal
25/12/2015 4:02:42 AM,1.025214,Normal
25/12/2015 4:03:42 AM,1.201422,Normal
25/12/2015 4:04:42 AM,1.009195,Normal
25/12/2015 4:05:42 AM,1.057252,Normal
25/12/2015 4:06:42 AM,1.009195,Normal
25/12/2015 4:07:42 AM,0.9771569,Normal
25/12/2015 4:08:42 AM,1.025214,Normal
25/12/2015 4:09:42 AM,1.041233,Normal
25/12/2015 4:10:42 AM,1.08929,Normal
25/12/2015 4:11:42 AM,1.121328,Normal
25/12/2015 4:12:42 AM,1.105309,Normal
25/12/2015 4:13:42 AM,1.105309,Normal
25/12/2015 4:14:42 AM,1.105309,Normal
25/12/2015 4:15:42 AM,1.08929,Normal
25/12/2015 4:16:42 AM,1.057252,Normal
25/12/2015 4:17:42 AM,1.057252,Normal
25/12/2015 4:18:42 AM,1.08929,Normal
25/12/2015 4:19:42 AM,1.041233,Normal
25/12/2015 4:20:42 AM,1.057252,Normal
25/12/2015 4:21:42 AM,1.025214,Normal
25/12/2015 4:22:42 AM,1.105309,Normal
25/12/2015 4:23:42 AM,1.105309,Normal
25/12/2015 4:24:42 AM,1.121328,Normal
25/12/2015 4:25:42 AM,1.057252,Normal
25/12/2015 4:26:42 AM,1.057252,Normal
25/12/2015 4:27:42 AM,1.105309,Normal
25/12/2015 4:28:42 AM,1.121328,Normal
25/12/2015 4:29:42 AM,1.08929,Normal
25/12/2015 4:30:42 AM,1.025214,Normal
25/12/2015 4:31:42 AM,1.041233,Normal
25/12/2015 4:32:42 AM,1.08929,Normal
25/12/2015 4:33:42 AM,1.057252,Normal
25/12/2015 4:34:42 AM,1.057252,Normal
25/12/2015 4:35:42 AM,1.041233,Normal
25/12/2015 4:36:42 AM,1.041233,Normal
25/12/2015 4:37:42 AM,1.025214,Normal
25/12/2015 4:38:42 AM,1.041233,Normal
25/12/2015 4:39:42 AM,1.105309,Normal
25/12/2015 4:40:42 AM,1.041233,Normal
25/12/2015 4:41:42 AM,1.025214,Normal
25/12/2015 4:42:42 AM,0.961138,Normal
25/12/2015 4:43:42 AM,1.041233,Normal
25/12/2015 4:44:42 AM,1.009195,Normal
25/12/2015 4:45:42 AM,1.105309,Normal
25/12/2015 4:46:42 AM,1.009195,Normal
25/12/2015 4:47:42 AM,1.025214,Normal
25/12/2015 4:48:42 AM,1.249479,Normal
25/12/2015 4:49:42 AM,1.105309,Normal
25/12/2015 4:50:42 AM,0.961138,Normal
25/12/2015 4:51:42 AM,1.121328,Normal
25/12/2015 4:52:42 AM,1.025214,Normal
25/12/2015 4:53:42 AM,1.057252,Normal
25/12/2015 4:54:42 AM,1.137347,Normal
25/12/2015 4:55:42 AM,1.105309,Normal
25/12/2015 4:56:42 AM,1.057252,Normal
25/12/2015 4:57:42 AM,1.185403,Normal
25/12/2015 4:58:42 AM,1.009195,Normal
25/12/2015 4:59:42 AM,0.9771569,Normal
25/12/2015 5:00:42 AM,0.9771569,Normal
25/12/2015 5:01:42 AM,1.041233,Normal
25/12/2015 5:02:42 AM,1.041233,Normal
25/12/2015 5:03:42 AM,1.08929,Normal
25/12/2015 5:04:42 AM,1.185403,Normal
25/12/2015 5:05:42 AM,1.057252,Normal
25/12/2015 5:06:42 AM,1.08929,Normal
25/12/2015 5:07:42 AM,1.121328,Normal
25/12/2015 5:08:42 AM,1.169384,Normal
25/12/2015 5:09:42 AM,1.041233,Normal
25/12/2015 5:10:42 AM,1.025214,Normal
25/12/2015 5:11:42 AM,1.185403,Normal
25/12/2015 5:12:42 AM,1.08929,Normal
25/12/2015 5:13:42 AM,1.041233,Normal
25/12/2015 5:14:42 AM,1.057252,Normal
25/12/2015 5:15:42 AM,1.08929,Normal
25/12/2015 5:16:42 AM,1.041233,Normal
25/12/2015 5:17:42 AM,1.057252,Normal
25/12/2015 5:18:42 AM,1.009195,Normal
25/12/2015 5:19:42 AM,1.041233,Normal
25/12/2015 5:20:42 AM,1.121328,Normal
25/12/2015 5:21:42 AM,1.08929,Normal
25/12/2015 5:22:42 AM,1.057252,Normal
25/12/2015 5:23:42 AM,1.105309,Normal
25/12/2015 5:24:42 AM,1.009195,Normal
25/12/2015 5:25:42 AM,1.041233,Normal
25/12/2015 5:26:42 AM,1.217441,Normal
25/12/2015 5:27:42 AM,1.025214,Normal
25/12/2015 5:28:42 AM,0.9291,Normal
25/12/2015 5:29:42 AM,1.08929,Normal
25/12/2015 5:30:42 AM,1.009195,Normal
25/12/2015 5:31:42 AM,1.265498,Normal
25/12/2015 5:32:42 AM,1.057252,Normal
25/12/2015 5:33:42 AM,1.121328,Normal
25/12/2015 5:34:42 AM,1.08929,Normal
25/12/2015 5:35:42 AM,1.057252,Normal
25/12/2015 5:36:42 AM,1.105309,Normal
25/12/2015 5:37:42 AM,1.08929,Normal
25/12/2015 5:38:42 AM,1.08929,Normal
25/12/2015 5:39:42 AM,1.08929,Normal
25/12/2015 5:40:42 AM,1.105309,Normal
25/12/2015 5:41:42 AM,1.08929,Normal
25/12/2015 5:42:42 AM,1.041233,Normal
25/12/2015 5:43:42 AM,1.057252,Normal
25/12/2015 5:44:42 AM,1.009195,Normal
25/12/2015 5:45:42 AM,1.025214,Normal
25/12/2015 5:46:42 AM,1.08929,Normal
25/12/2015 5:47:42 AM,0.945119,Normal
25/12/2015 5:48:42 AM,1.041233,Normal
25/12/2015 5:49:42 AM,1.041233,Normal
25/12/2015 5:50:42 AM,1.025214,Normal
25/12/2015 5:51:42 AM,1.025214,Normal
25/12/2015 5:52:42 AM,1.025214,Normal
25/12/2015 5:53:42 AM,1.08929,Normal
25/12/2015 5:54:42 AM,1.041233,Normal
25/12/2015 5:55:42 AM,1.025214,Normal
25/12/2015 5:56:42 AM,0.9771569,Normal
25/12/2015 5:57:42 AM,1.025214,Normal
25/12/2015 5:58:42 AM,1.025214,Normal
25/12/2015 5:59:42 AM,1.041233,Normal
25/12/2015 6:00:42 AM,1.057252,Normal
25/12/2015 6:01:42 AM,1.121328,Normal
25/12/2015 6:02:42 AM,1.041233,Normal
25/12/2015 6:03:42 AM,1.105309,Normal
25/12/2015 6:04:42 AM,1.057252,Normal
25/12/2015 6:05:42 AM,1.009195,Normal
25/12/2015 6:06:42 AM,1.057252,Normal
25/12/2015 6:07:42 AM,1.025214,Normal
25/12/2015 6:08:42 AM,1.025214,Normal
25/12/2015 6:09:42 AM,1.121328,Normal
25/12/2015 6:10:42 AM,1.121328,Normal
25/12/2015 6:11:42 AM,0.9771569,Normal
25/12/2015 6:12:42 AM,1.025214,Normal
25/12/2015 6:13:42 AM,0.9771569,Normal
25/12/2015 6:14:42 AM,1.025214,Normal
25/12/2015 6:15:42 AM,1.041233,Normal
25/12/2015 6:16:42 AM,1.08929,Normal
25/12/2015 6:17:42 AM,1.121328,Normal
25/12/2015 6:18:42 AM,1.025214,Normal
25/12/2015 6:19:42 AM,1.057252,Normal
25/12/2015 6:20:42 AM,1.105309,Normal
25/12/2015 6:21:42 AM,1.041233,Normal
25/12/2015 6:22:42 AM,1.009195,Normal
25/12/2015 6:23:42 AM,1.041233,Normal
25/12/2015 6:24:42 AM,1.025214,Normal
25/12/2015 6:25:42 AM,1.025214,Normal
25/12/2015 6:26:42 AM,1.009195,Normal
25/12/2015 6:27:42 AM,1.057252,Normal
25/12/2015 6:28:42 AM,1.041233,Normal
25/12/2015 6:29:42 AM,1.057252,Normal
25/12/2015 6:30:42 AM,1.009195,Normal
25/12/2015 6:31:42 AM,1.009195,Normal
25/12/2015 6:32:42 AM,1.041233,Normal
25/12/2015 6:33:42 AM,1.121328,Normal
25/12/2015 6:34:42 AM,1.057252,Normal
25/12/2015 6:35:42 AM,1.025214,Normal
25/12/2015 6:36:42 AM,1.121328,Normal
25/12/2015 6:37:42 AM,1.025214,Normal
25/12/2015 6:38:42 AM,1.041233,Normal
25/12/2015 6:39:42 AM,1.025214,Normal
25/12/2015 6:40:42 AM,0.961138,Normal
25/12/2015 6:41:42 AM,1.009195,Normal
25/12/2015 6:42:42 AM,1.025214,Normal
25/12/2015 6:43:42 AM,1.041233,Normal
25/12/2015 6:44:42 AM,1.057252,Normal
25/12/2015 6:45:42 AM,1.041233,Normal
25/12/2015 6:46:42 AM,1.041233,Normal
25/12/2015 6:47:42 AM,1.041233,Normal
25/12/2015 6:48:42 AM,1.025214,Normal
25/12/2015 6:49:42 AM,1.025214,Normal
25/12/2015 6:50:42 AM,1.121328,Normal
25/12/2015 6:51:42 AM,1.105309,Normal
25/12/2015 6:52:42 AM,1.169384,Normal
25/12/2015 6:53:42 AM,1.041233,Normal
25/12/2015 6:54:42 AM,1.025214,Normal
25/12/2015 6:55:42 AM,1.025214,Normal
25/12/2015 6:56:42 AM,1.057252,Normal
25/12/2015 6:57:42 AM,1.025214,Normal
25/12/2015 6:58:42 AM,1.105309,Normal
25/12/2015 6:59:42 AM,0.961138,Normal
25/12/2015 7:00:42 AM,1.009195,Normal
25/12/2015 7:01:42 AM,1.121328,Normal
25/12/2015 7:02:42 AM,1.009195,Normal
25/12/2015 7:03:42 AM,1.009195,Normal
25/12/2015 7:04:42 AM,1.041233,Normal
25/12/2015 7:05:42 AM,1.025214,Normal
25/12/2015 7:06:42 AM,1.08929,Normal
25/12/2015 7:07:42 AM,0.945119,Normal
25/12/2015 7:08:42 AM,1.025214,Normal
25/12/2015 7:09:42 AM,1.041233,Normal
25/12/2015 7:10:42 AM,1.057252,Normal
25/12/2015 7:11:42 AM,0.9771569,Normal
25/12/2015 7:12:42 AM,1.057252,Normal
25/12/2015 7:13:42 AM,1.08929,Normal
25/12/2015 7:14:42 AM,1.041233,Normal
25/12/2015 7:15:42 AM,1.041233,Normal
25/12/2015 7:16:42 AM,1.041233,Normal
25/12/2015 7:17:42 AM,1.025214,Normal
25/12/2015 7:18:42 AM,1.137347,Normal
25/12/2015 7:19:42 AM,1.08929,Normal
25/12/2015 7:20:42 AM,1.025214,Normal
25/12/2015 7:21:42 AM,1.025214,Normal
25/12/2015 7:22:42 AM,1.009195,Normal
25/12/2015 7:23:42 AM,1.057252,Normal
25/12/2015 7:24:42 AM,1.025214,Normal
25/12/2015 7:25:42 AM,1.105309,Normal
25/12/2015 7:26:42 AM,1.041233,Normal
25/12/2015 7:27:42 AM,1.041233,Normal
25/12/2015 7:28:42 AM,1.041233,Normal
25/12/2015 7:29:42 AM,1.041233,Normal
25/12/2015 7:30:42 AM,0.9771569,Normal
25/12/2015 7:31:42 AM,1.025214,Normal
25/12/2015 7:32:42 AM,1.025214,Normal
25/12/2015 7:33:42 AM,1.08929,Normal
25/12/2015 7:34:42 AM,1.041233,Normal
25/12/2015 7:35:42 AM,1.057252,Normal
25/12/2015 7:36:42 AM,1.041233,Normal
25/12/2015 7:37:42 AM,1.025214,Normal
25/12/2015 7:38:42 AM,1.041233,Normal
25/12/2015 7:39:42 AM,1.041233,Normal
25/12/2015 7:40:42 AM,1.057252,Normal
25/12/2015 7:41:42 AM,1.057252,Normal
25/12/2015 7:42:42 AM,1.041233,Normal
25/12/2015 7:43:42 AM,1.041233,Normal
25/12/2015 7:44:42 AM,0.961138,Normal
25/12/2015 7:45:42 AM,1.041233,Normal
25/12/2015 7:46:42 AM,1.057252,Normal
25/12/2015 7:47:42 AM,1.041233,Normal
25/12/2015 7:48:42 AM,1.041233,Normal
25/12/2015 7:49:42 AM,1.057252,Normal
25/12/2015 7:50:42 AM,1.08929,Normal
25/12/2015 7:51:42 AM,1.009195,Normal
25/12/2015 7:52:42 AM,1.041233,Normal
25/12/2015 7:53:42 AM,1.08929,Normal
25/12/2015 7:54:42 AM,1.025214,Normal
25/12/2015 7:55:42 AM,0.9771569,Normal
25/12/2015 7:56:42 AM,1.08929,Normal
25/12/2015 7:57:42 AM,1.041233,Normal
25/12/2015 7:58:42 AM,1.009195,Normal
25/12/2015 7:59:42 AM,1.08929,Normal
25/12/2015 8:00:42 AM,1.025214,Normal
25/12/2015 8:01:42 AM,1.041233,Normal
25/12/2015 8:02:42 AM,1.025214,Normal
25/12/2015 8:03:42 AM,1.009195,Normal
25/12/2015 8:04:42 AM,1.025214,Normal
25/12/2015 8:05:42 AM,1.025214,Normal
25/12/2015 8:06:42 AM,1.025214,Normal
25/12/2015 8:07:42 AM,1.025214,Normal
25/12/2015 8:08:42 AM,1.041233,Normal
25/12/2015 8:09:42 AM,1.041233,Normal
25/12/2015 8:10:42 AM,1.08929,Normal
25/12/2015 8:11:42 AM,1.025214,Normal
25/12/2015 8:12:42 AM,1.025214,Normal
25/12/2015 8:13:42 AM,1.08929,Normal
25/12/2015 8:14:42 AM,1.009195,Normal
25/12/2015 8:15:42 AM,1.009195,Normal
25/12/2015 8:16:42 AM,1.025214,Normal
25/12/2015 8:17:42 AM,1.009195,Normal
25/12/2015 8:18:42 AM,1.08929,Normal
25/12/2015 8:19:42 AM,1.025214,Normal
25/12/2015 8:20:42 AM,1.041233,Normal
25/12/2015 8:21:42 AM,1.025214,Normal
25/12/2015 8:22:42 AM,1.041233,Normal
25/12/2015 8:23:42 AM,1.025214,Normal
25/12/2015 8:24:42 AM,1.009195,Normal
25/12/2015 8:25:42 AM,1.025214,Normal
25/12/2015 8:26:42 AM,1.08929,Normal
25/12/2015 8:27:42 AM,1.025214,Normal
25/12/2015 8:28:42 AM,1.137347,Normal
25/12/2015 8:29:42 AM,1.041233,Normal
25/12/2015 8:30:42 AM,1.041233,Normal
25/12/2015 8:31:42 AM,1.057252,Normal
25/12/2015 8:32:42 AM,1.057252,Normal
25/12/2015 8:33:42 AM,1.041233,Normal
25/12/2015 8:34:42 AM,1.041233,Normal
25/12/2015 8:35:42 AM,1.041233,Normal
25/12/2015 8:36:42 AM,1.08929,Normal
25/12/2015 8:37:42 AM,1.041233,Normal
25/12/2015 8:38:42 AM,1.009195,Normal
25/12/2015 8:39:42 AM,0.9771569,Normal
25/12/2015 8:40:42 AM,1.025214,Normal
25/12/2015 8:41:42 AM,1.025214,Normal
25/12/2015 8:42:42 AM,1.041233,Normal
25/12/2015 8:43:42 AM,1.025214,Normal
25/12/2015 8:44:42 AM,1.025214,Normal
25/12/2015 8:45:42 AM,1.025214,Normal
25/12/2015 8:46:42 AM,1.009195,Normal
25/12/2015 8:47:42 AM,1.08929,Normal
25/12/2015 8:48:42 AM,1.105309,Normal
25/12/2015 8:49:42 AM,1.08929,Normal
25/12/2015 8:50:42 AM,1.08929,Normal
25/12/2015 8:51:42 AM,1.08929,Normal
25/12/2015 8:52:42 AM,1.105309,Normal
25/12/2015 8:53:42 AM,1.08929,Normal
25/12/2015 8:54:42 AM,1.121328,Normal
25/12/2015 8:55:42 AM,1.057252,Normal
25/12/2015 8:56:42 AM,1.057252,Normal
25/12/2015 8:57:42 AM,1.121328,Normal
25/12/2015 8:58:42 AM,1.057252,Normal
25/12/2015 8:59:42 AM,1.121328,Normal
25/12/2015 9:00:42 AM,0.9771569,Normal
25/12/2015 9:01:42 AM,1.057252,Normal
25/12/2015 9:02:42 AM,1.025214,Normal
25/12/2015 9:03:42 AM,1.057252,Normal
25/12/2015 9:04:42 AM,1.057252,Normal
25/12/2015 9:05:42 AM,1.041233,Normal
25/12/2015 9:06:42 AM,1.041233,Normal
25/12/2015 9:07:42 AM,1.041233,Normal
25/12/2015 9:08:42 AM,1.025214,Normal
25/12/2015 9:09:42 AM,1.041233,Normal
25/12/2015 9:10:42 AM,1.121328,Normal
25/12/2015 9:11:42 AM,1.105309,Normal
25/12/2015 9:12:42 AM,1.08929,Normal
25/12/2015 9:13:42 AM,1.105309,Normal
25/12/2015 9:14:42 AM,1.009195,Normal
25/12/2015 9:15:42 AM,1.025214,Normal
25/12/2015 9:16:42 AM,1.025214,Normal
25/12/2015 9:17:42 AM,1.025214,Normal
25/12/2015 9:18:42 AM,1.025214,Normal
25/12/2015 9:19:42 AM,0.9771569,Normal
25/12/2015 9:20:42 AM,0.961138,Normal
25/12/2015 9:21:42 AM,1.025214,Normal
25/12/2015 9:22:42 AM,1.009195,Normal
25/12/2015 9:23:42 AM,0.9771569,Normal
25/12/2015 9:24:42 AM,1.025214,Normal
25/12/2015 9:25:42 AM,1.025214,Normal
25/12/2015 9:26:42 AM,1.025214,Normal
25/12/2015 9:27:42 AM,1.041233,Normal
25/12/2015 9:28:42 AM,1.169384,Normal
25/12/2015 9:29:42 AM,1.025214,Normal
25/12/2015 9:30:42 AM,1.025214,Normal
25/12/2015 9:31:42 AM,1.025214,Normal
25/12/2015 9:32:42 AM,1.025214,Normal
25/12/2015 9:33:42 AM,1.041233,Normal
25/12/2015 9:34:42 AM,1.025214,Normal
25/12/2015 9:35:42 AM,1.025214,Normal
25/12/2015 9:36:42 AM,1.041233,Normal
25/12/2015 9:37:42 AM,0.9771569,Normal
25/12/2015 9:38:42 AM,1.137347,Normal
25/12/2015 9:39:42 AM,1.08929,Normal
25/12/2015 9:40:42 AM,1.025214,Normal
25/12/2015 9:41:42 AM,1.041233,Normal
25/12/2015 9:42:42 AM,1.057252,Normal
25/12/2015 9:43:42 AM,1.041233,Normal
25/12/2015 9:44:42 AM,1.041233,Normal
25/12/2015 9:45:42 AM,1.041233,Normal
25/12/2015 9:46:42 AM,1.025214,Normal
25/12/2015 9:47:42 AM,1.057252,Normal
25/12/2015 9:48:42 AM,1.057252,Normal
25/12/2015 9:49:42 AM,1.009195,Normal
25/12/2015 9:50:42 AM,1.041233,Normal
25/12/2015 9:51:42 AM,1.08929,Normal
25/12/2015 9:52:42 AM,1.08929,Normal
25/12/2015 9:53:42 AM,1.041233,Normal
25/12/2015 9:54:42 AM,1.041233,Normal
25/12/2015 9:55:42 AM,1.041233,Normal
25/12/2015 9:56:42 AM,1.08929,Normal
25/12/2015 9:57:42 AM,1.025214,Normal
25/12/2015 9:58:42 AM,1.009195,Normal
25/12/2015 9:59:42 AM,1.121328,Normal
25/12/2015 10:00:42 AM,1.041233,Normal
25/12/2015 10:01:42 AM,1.025214,Normal
25/12/2015 10:02:42 AM,1.041233,Normal
25/12/2015 10:03:42 AM,1.025214,Normal
25/12/2015 10:04:42 AM,1.08929,Normal
25/12/2015 10:05:42 AM,1.105309,Normal
25/12/2015 10:06:42 AM,1.185403,Normal
25/12/2015 10:07:42 AM,1.025214,Normal
25/12/2015 10:08:42 AM,1.121328,Normal
25/12/2015 10:09:42 AM,1.025214,Normal
25/12/2015 10:10:42 AM,1.025214,Normal
25/12/2015 10:11:42 AM,1.08929,Normal
25/12/2015 10:12:42 AM,1.057252,Normal
25/12/2015 10:13:42 AM,1.121328,Normal
25/12/2015 10:14:42 AM,1.057252,Normal
25/12/2015 10:15:42 AM,1.08929,Normal
25/12/2015 10:16:42 AM,1.041233,Normal
25/12/2015 10:17:42 AM,0.961138,Normal
25/12/2015 10:18:42 AM,1.041233,Normal
25/12/2015 10:19:42 AM,1.041233,Normal
25/12/2015 10:20:42 AM,1.009195,Normal
25/12/2015 10:21:42 AM,1.009195,Normal
25/12/2015 10:22:42 AM,1.009195,Normal
25/12/2015 10:23:42 AM,1.009195,Normal
25/12/2015 10:24:42 AM,1.009195,Normal
25/12/2015 10:25:42 AM,1.009195,Normal
25/12/2015 10:26:42 AM,1.025214,Normal
25/12/2015 10:27:42 AM,0.9771569,Normal
25/12/2015 10:28:42 AM,1.009195,Normal
25/12/2015 10:29:42 AM,1.009195,Normal
25/12/2015 10:30:42 AM,1.009195,Normal
25/12/2015 10:31:42 AM,1.009195,Normal
25/12/2015 10:32:42 AM,1.009195,Normal
25/12/2015 10:33:42 AM,1.009195,Normal
25/12/2015 10:34:42 AM,1.009195,Normal
25/12/2015 10:35:42 AM,1.009195,Normal
25/12/2015 10:36:42 AM,1.041233,Normal
25/12/2015 10:37:42 AM,1.041233,Normal
25/12/2015 10:38:42 AM,1.041233,Normal
25/12/2015 10:39:42 AM,1.105309,Normal
25/12/2015 10:40:42 AM,0.961138,Normal
25/12/2015 10:41:42 AM,1.025214,Normal
25/12/2015 10:42:42 AM,1.025214,Normal
25/12/2015 10:43:42 AM,1.009195,Normal
25/12/2015 10:44:42 AM,1.057252,Normal
25/12/2015 10:45:42 AM,1.041233,Normal
25/12/2015 10:46:42 AM,1.041233,Normal
25/12/2015 10:47:42 AM,1.009195,Normal
25/12/2015 10:48:42 AM,0.961138,Normal
25/12/2015 10:49:42 AM,1.041233,Normal
25/12/2015 10:50:42 AM,1.041233,Normal
25/12/2015 10:51:42 AM,1.025214,Normal
25/12/2015 10:52:42 AM,1.025214,Normal
25/12/2015 10:53:42 AM,1.041233,Normal
25/12/2015 10:54:42 AM,1.025214,Normal
25/12/2015 10:55:42 AM,1.025214,Normal
25/12/2015 10:56:42 AM,1.025214,Normal
25/12/2015 10:57:42 AM,1.009195,Normal
25/12/2015 10:58:42 AM,1.105309,Normal
25/12/2015 10:59:42 AM,1.041233,Normal
25/12/2015 11:00:42 AM,1.041233,Normal
25/12/2015 11:01:42 AM,1.08929,Normal
25/12/2015 11:02:42 AM,1.009195,Normal
25/12/2015 11:03:42 AM,1.025214,Normal
25/12/2015 11:04:42 AM,1.025214,Normal
25/12/2015 11:05:42 AM,1.105309,Normal
25/12/2015 11:06:42 AM,1.041233,Normal
25/12/2015 11:07:42 AM,1.08929,Normal
25/12/2015 11:08:42 AM,1.041233,Normal
25/12/2015 11:09:42 AM,1.08929,Normal
25/12/2015 11:10:42 AM,1.105309,Normal
25/12/2015 11:11:42 AM,1.057252,Normal
25/12/2015 11:12:42 AM,1.057252,Normal
25/12/2015 11:13:42 AM,0.9771569,Normal
25/12/2015 11:14:42 AM,1.057252,Normal
25/12/2015 11:15:42 AM,1.041233,Normal
25/12/2015 11:16:42 AM,1.201422,Normal
25/12/2015 11:17:42 AM,1.025214,Normal
25/12/2015 11:18:42 AM,1.105309,Normal
25/12/2015 11:19:42 AM,1.08929,Normal
25/12/2015 11:20:42 AM,1.137347,Normal
25/12/2015 11:21:42 AM,1.105309,Normal
25/12/2015 11:22:42 AM,1.08929,Normal
25/12/2015 11:23:42 AM,1.025214,Normal
25/12/2015 11:24:42 AM,1.009195,Normal
25/12/2015 11:25:42 AM,1.08929,Normal
25/12/2015 11:26:42 AM,1.057252,Normal
25/12/2015 11:27:42 AM,1.121328,Normal
25/12/2015 11:28:42 AM,0.9291,Normal
25/12/2015 11:29:42 AM,1.009195,Normal
25/12/2015 11:30:42 AM,1.105309,Normal
25/12/2015 11:31:42 AM,1.009195,Normal
25/12/2015 11:32:42 AM,1.041233,Normal
25/12/2015 11:33:42 AM,1.08929,Normal
25/12/2015 11:34:42 AM,1.041233,Normal
25/12/2015 11:35:42 AM,0.9771569,Normal
25/12/2015 11:36:42 AM,1.025214,Normal
25/12/2015 11:37:42 AM,1.08929,Normal
25/12/2015 11:38:42 AM,1.041233,Normal
25/12/2015 11:39:42 AM,1.041233,Normal
25/12/2015 11:40:42 AM,1.041233,Normal
25/12/2015 11:41:42 AM,1.025214,Normal
25/12/2015 11:42:42 AM,1.025214,Normal
25/12/2015 11:43:42 AM,1.08929,Normal
25/12/2015 11:44:42 AM,1.009195,Normal
25/12/2015 11:45:42 AM,1.057252,Normal
25/12/2015 11:46:42 AM,1.009195,Normal
25/12/2015 11:47:42 AM,1.057252,Normal
25/12/2015 11:48:42 AM,1.105309,Normal
25/12/2015 11:49:42 AM,1.105309,Normal
25/12/2015 11:50:42 AM,1.08929,Normal
25/12/2015 11:51:42 AM,1.041233,Normal
25/12/2015 11:52:42 AM,1.025214,Normal
25/12/2015 11:53:42 AM,1.057252,Normal
25/12/2015 11:54:42 AM,1.025214,Normal
25/12/2015 11:55:42 AM,1.041233,Normal
25/12/2015 11:56:42 AM,1.025214,Normal
25/12/2015 11:57:42 AM,1.025214,Normal
25/12/2015 11:58:42 AM,1.057252,Normal
25/12/2015 11:59:42 AM,1.121328,Normal
25/12/2015 12:00:42 PM,1.08929,Normal
25/12/2015 12:01:42 PM,1.121328,Normal
25/12/2015 12:02:42 PM,1.041233,Normal
25/12/2015 12:03:42 PM,1.08929,Normal
25/12/2015 12:04:42 PM,0.9771569,Normal
25/12/2015 12:05:42 PM,1.08929,Normal
25/12/2015 12:06:42 PM,1.121328,Normal
25/12/2015 12:07:42 PM,0.961138,Normal
25/12/2015 12:08:42 PM,0.9771569,Normal
25/12/2015 12:09:42 PM,1.041233,Normal
25/12/2015 12:10:42 PM,0.961138,Normal
25/12/2015 12:11:42 PM,0.9771569,Normal
25/12/2015 12:12:42 PM,0.9771569,Normal
25/12/2015 12:13:42 PM,1.025214,Normal
25/12/2015 12:14:42 PM,1.041233,Normal
25/12/2015 12:15:42 PM,1.057252,Normal
25/12/2015 12:16:42 PM,1.025214,Normal
25/12/2015 12:17:42 PM,0.9771569,Normal
25/12/2015 12:18:42 PM,1.057252,Normal
25/12/2015 12:19:42 PM,1.057252,Normal
25/12/2015 12:20:42 PM,1.169384,Normal
25/12/2015 12:21:42 PM,1.105309,Normal
25/12/2015 12:22:42 PM,1.08929,Normal
25/12/2015 12:23:42 PM,1.217441,Normal
25/12/2015 12:24:42 PM,1.025214,Normal
25/12/2015 12:25:42 PM,1.137347,Normal
25/12/2015 12:26:42 PM,1.08929,Normal
25/12/2015 12:27:42 PM,1.121328,Normal
25/12/2015 12:28:42 PM,1.105309,Normal
25/12/2015 12:29:42 PM,1.025214,Normal
25/12/2015 12:30:42 PM,1.169384,Normal
25/12/2015 12:31:42 PM,1.169384,Normal
25/12/2015 12:32:42 PM,1.137347,Normal
25/12/2015 12:33:42 PM,1.041233,Normal
25/12/2015 12:34:42 PM,1.121328,Normal
25/12/2015 12:35:42 PM,1.121328,Normal
25/12/2015 12:36:42 PM,1.105309,Normal
25/12/2015 12:37:42 PM,1.105309,Normal
25/12/2015 12:38:42 PM,1.057252,Normal
25/12/2015 12:39:42 PM,1.121328,Normal
25/12/2015 12:40:42 PM,1.057252,Normal
25/12/2015 12:41:42 PM,1.08929,Normal
25/12/2015 12:42:42 PM,1.057252,Normal
25/12/2015 12:43:42 PM,1.025214,Normal
25/12/2015 12:44:42 PM,1.105309,Normal
25/12/2015 12:45:42 PM,1.041233,Normal
25/12/2015 12:46:42 PM,1.105309,Normal
25/12/2015 12:47:42 PM,1.105309,Normal
25/12/2015 12:48:42 PM,1.105309,Normal
25/12/2015 12:49:42 PM,1.105309,Normal
25/12/2015 12:50:42 PM,1.121328,Normal
25/12/2015 12:51:42 PM,1.057252,Normal
25/12/2015 12:52:42 PM,1.105309,Normal
25/12/2015 12:53:42 PM,1.185403,Normal
25/12/2015 12:54:42 PM,1.169384,Normal
25/12/2015 12:55:42 PM,1.121328,Normal
25/12/2015 12:56:42 PM,1.137347,Normal
25/12/2015 12:57:42 PM,1.057252,Normal
25/12/2015 12:58:42 PM,1.169384,Normal
25/12/2015 12:59:42 PM,1.137347,Normal
25/12/2015 1:00:42 PM,1.137347,Normal
25/12/2015 1:01:42 PM,1.201422,Normal
25/12/2015 1:02:42 PM,1.265498,Normal
25/12/2015 1:03:42 PM,1.185403,Normal
25/12/2015 1:04:42 PM,1.121328,Normal
25/12/2015 1:05:42 PM,1.105309,Normal
25/12/2015 1:06:42 PM,1.169384,Normal
25/12/2015 1:07:42 PM,1.009195,Normal
25/12/2015 1:08:42 PM,1.169384,Normal
25/12/2015 1:09:42 PM,1.185403,Normal
25/12/2015 1:10:42 PM,1.105309,Normal
25/12/2015 1:11:42 PM,1.105309,Normal
25/12/2015 1:12:42 PM,1.185403,Normal
25/12/2015 1:13:42 PM,1.057252,Normal
25/12/2015 1:14:42 PM,1.137347,Normal
25/12/2015 1:15:42 PM,1.08929,Normal
25/12/2015 1:16:42 PM,1.201422,Normal
25/12/2015 1:17:42 PM,1.185403,Normal
25/12/2015 1:18:42 PM,1.121328,Normal
25/12/2015 1:19:42 PM,1.169384,Normal
25/12/2015 1:20:42 PM,1.105309,Normal
25/12/2015 1:21:42 PM,1.137347,Normal
25/12/2015 1:22:42 PM,1.105309,Normal
25/12/2015 1:23:42 PM,1.137347,Normal
25/12/2015 1:24:42 PM,1.249479,Normal
25/12/2015 1:25:42 PM,1.08929,Normal
25/12/2015 1:26:42 PM,1.041233,Normal
25/12/2015 1:27:42 PM,1.137347,Normal
25/12/2015 1:28:42 PM,1.169384,Normal
25/12/2015 1:29:42 PM,1.169384,Normal
25/12/2015 1:30:42 PM,1.121328,Normal
25/12/2015 1:31:42 PM,1.169384,Normal
25/12/2015 1:32:42 PM,1.185403,Normal
25/12/2015 1:33:42 PM,1.185403,Normal
25/12/2015 1:34:42 PM,1.185403,Normal
25/12/2015 1:35:42 PM,1.185403,Normal
25/12/2015 1:36:42 PM,1.217441,Normal
25/12/2015 1:37:42 PM,1.201422,Normal
25/12/2015 1:38:42 PM,1.169384,Normal
25/12/2015 1:39:42 PM,1.169384,Normal
25/12/2015 1:40:42 PM,1.169384,Normal
25/12/2015 1:41:42 PM,1.169384,Normal
25/12/2015 1:42:42 PM,1.169384,Normal
25/12/2015 1:43:42 PM,1.169384,Normal
25/12/2015 1:44:42 PM,1.169384,Normal
25/12/2015 1:45:42 PM,1.169384,Normal
25/12/2015 1:46:42 PM,1.169384,Normal
25/12/2015 1:47:42 PM,1.121328,Normal
25/12/2015 1:48:42 PM,1.105309,Normal
25/12/2015 1:49:42 PM,1.249479,Normal
25/12/2015 1:50:42 PM,1.185403,Normal
25/12/2015 1:51:42 PM,1.201422,Normal
25/12/2015 1:52:42 PM,1.137347,Normal
25/12/2015 1:53:42 PM,1.105309,Normal
25/12/2015 1:54:42 PM,1.08929,Normal
25/12/2015 1:55:42 PM,1.265498,Normal
25/12/2015 1:56:42 PM,1.169384,Normal
25/12/2015 1:57:42 PM,1.201422,Normal
25/12/2015 1:58:42 PM,1.201422,Normal
25/12/2015 1:59:42 PM,1.169384,Normal
25/12/2015 2:00:42 PM,1.169384,Normal
25/12/2015 2:01:42 PM,1.169384,Normal
25/12/2015 2:02:42 PM,1.121328,Normal
25/12/2015 2:03:42 PM,1.169384,Normal
25/12/2015 2:04:42 PM,1.185403,Normal
25/12/2015 2:05:42 PM,1.105309,Normal
25/12/2015 2:06:42 PM,1.08929,Normal
25/12/2015 2:07:42 PM,1.169384,Normal
25/12/2015 2:08:42 PM,1.121328,Normal
25/12/2015 2:09:42 PM,1.08929,Normal
25/12/2015 2:10:42 PM,1.137347,Normal
25/12/2015 2:11:42 PM,1.137347,Normal
25/12/2015 2:12:42 PM,1.137347,Normal
25/12/2015 2:13:42 PM,1.025214,Normal
25/12/2015 2:14:42 PM,1.169384,Normal
25/12/2015 2:15:42 PM,1.169384,Normal
25/12/2015 2:16:42 PM,1.169384,Normal
25/12/2015 2:17:42 PM,1.169384,Normal
25/12/2015 2:18:42 PM,1.169384,Normal
25/12/2015 2:19:42 PM,1.08929,Normal
25/12/2015 2:20:42 PM,1.249479,Normal
25/12/2015 2:21:42 PM,1.185403,Normal
25/12/2015 2:22:42 PM,1.217441,Normal
25/12/2015 2:23:42 PM,1.169384,Normal
25/12/2015 2:24:42 PM,1.137347,Normal
25/12/2015 2:25:42 PM,1.137347,Normal
25/12/2015 2:26:42 PM,1.08929,Normal
25/12/2015 2:27:42 PM,1.185403,Normal
25/12/2015 2:28:42 PM,1.121328,Normal
25/12/2015 2:29:42 PM,1.169384,Normal
25/12/2015 2:30:42 PM,1.249479,Normal
25/12/2015 2:31:42 PM,1.137347,Normal
25/12/2015 2:32:42 PM,1.201422,Normal
25/12/2015 2:33:42 PM,1.137347,Normal
25/12/2015 2:34:42 PM,1.121328,Normal
25/12/2015 2:35:42 PM,1.169384,Normal
25/12/2015 2:36:42 PM,1.169384,Normal
25/12/2015 2:37:42 PM,1.169384,Normal
25/12/2015 2:38:42 PM,1.041233,Normal
25/12/2015 2:39:42 PM,1.185403,Normal
25/12/2015 2:40:42 PM,1.185403,Normal
25/12/2015 2:41:42 PM,1.169384,Normal
25/12/2015 2:42:42 PM,1.137347,Normal
25/12/2015 2:43:42 PM,1.297536,Normal
25/12/2015 2:44:42 PM,1.201422,Normal
25/12/2015 2:45:42 PM,1.185403,Normal
25/12/2015 2:46:42 PM,1.185403,Normal
25/12/2015 2:47:42 PM,1.185403,Normal
25/12/2015 2:48:42 PM,1.185403,Normal
25/12/2015 2:49:42 PM,1.201422,Normal
25/12/2015 2:50:42 PM,1.201422,Normal
25/12/2015 2:51:42 PM,1.169384,Normal
25/12/2015 2:52:42 PM,1.169384,Normal
25/12/2015 2:53:42 PM,1.137347,Normal
25/12/2015 2:54:42 PM,1.185403,Normal
25/12/2015 2:55:42 PM,1.201422,Normal
25/12/2015 2:56:42 PM,1.169384,Normal
25/12/2015 2:57:42 PM,1.169384,Normal
25/12/2015 2:58:42 PM,1.185403,Normal
25/12/2015 2:59:42 PM,1.201422,Normal
25/12/2015 3:00:42 PM,1.057252,Normal
25/12/2015 3:01:42 PM,1.169384,Normal
25/12/2015 3:02:42 PM,1.137347,Normal
25/12/2015 3:03:42 PM,1.137347,Normal
25/12/2015 3:04:42 PM,1.08929,Normal
25/12/2015 3:05:42 PM,1.041233,Normal
25/12/2015 3:06:42 PM,1.08929,Normal
25/12/2015 3:07:42 PM,1.169384,Normal
25/12/2015 3:08:42 PM,1.08929,Normal
25/12/2015 3:09:42 PM,1.137347,Normal
25/12/2015 3:10:42 PM,1.121328,Normal
25/12/2015 3:11:42 PM,1.169384,Normal
25/12/2015 3:12:42 PM,1.08929,Normal
25/12/2015 3:13:42 PM,1.137347,Normal
25/12/2015 3:14:42 PM,1.121328,Normal
25/12/2015 3:15:42 PM,1.137347,Normal
25/12/2015 3:16:42 PM,1.137347,Normal
25/12/2015 3:17:42 PM,1.121328,Normal
25/12/2015 3:18:42 PM,1.169384,Normal
25/12/2015 3:19:42 PM,1.169384,Normal
25/12/2015 3:20:42 PM,1.169384,Normal
25/12/2015 3:21:42 PM,1.169384,Normal
25/12/2015 3:22:42 PM,1.185403,Normal
25/12/2015 3:23:42 PM,1.169384,Normal
25/12/2015 3:24:42 PM,1.121328,Normal
25/12/2015 3:25:42 PM,1.137347,Normal
25/12/2015 3:26:42 PM,1.169384,Normal
25/12/2015 3:27:42 PM,1.185403,Normal
25/12/2015 3:28:42 PM,1.169384,Normal
25/12/2015 3:29:42 PM,1.169384,Normal
25/12/2015 3:30:42 PM,1.185403,Normal
25/12/2015 3:31:42 PM,1.169384,Normal
25/12/2015 3:32:42 PM,1.169384,Normal
25/12/2015 3:33:42 PM,1.169384,Normal
25/12/2015 3:34:42 PM,1.137347,Normal
25/12/2015 3:35:42 PM,1.201422,Normal
25/12/2015 3:36:42 PM,1.169384,Normal
25/12/2015 3:37:42 PM,1.169384,Normal
25/12/2015 3:38:42 PM,1.169384,Normal
25/12/2015 3:39:42 PM,1.169384,Normal
25/12/2015 3:40:42 PM,1.185403,Normal
25/12/2015 3:41:42 PM,1.185403,Normal
25/12/2015 3:42:42 PM,1.137347,Normal
25/12/2015 3:43:42 PM,1.025214,Normal
25/12/2015 3:44:42 PM,1.169384,Normal
25/12/2015 3:45:42 PM,1.169384,Normal
25/12/2015 3:46:42 PM,1.057252,Normal
25/12/2015 3:47:42 PM,1.169384,Normal
25/12/2015 3:48:42 PM,1.169384,Normal
25/12/2015 3:49:42 PM,1.169384,Normal
25/12/2015 3:50:42 PM,1.105309,Normal
25/12/2015 3:51:42 PM,1.121328,Normal
25/12/2015 3:52:42 PM,1.169384,Normal
25/12/2015 3:53:42 PM,1.169384,Normal
25/12/2015 3:54:42 PM,1.169384,Normal
25/12/2015 3:55:42 PM,1.137347,Normal
25/12/2015 3:56:42 PM,1.137347,Normal
25/12/2015 3:57:42 PM,1.185403,Normal
25/12/2015 3:58:42 PM,1.185403,Normal
25/12/2015 3:59:42 PM,1.185403,Normal
25/12/2015 4:00:42 PM,1.185403,Normal
25/12/2015 4:01:42 PM,1.185403,Normal
25/12/2015 4:02:42 PM,1.169384,Normal
25/12/2015 4:03:42 PM,1.169384,Normal
25/12/2015 4:04:42 PM,1.169384,Normal
25/12/2015 4:05:42 PM,1.169384,Normal
25/12/2015 4:06:42 PM,1.169384,Normal
25/12/2015 4:07:42 PM,1.169384,Normal
25/12/2015 4:08:42 PM,1.169384,Normal
25/12/2015 4:09:42 PM,1.169384,Normal
25/12/2015 4:10:42 PM,1.169384,Normal
25/12/2015 4:11:42 PM,1.169384,Normal
25/12/2015 4:12:42 PM,1.249479,Normal
25/12/2015 4:13:42 PM,1.137347,Normal
25/12/2015 4:14:42 PM,1.137347,Normal
25/12/2015 4:15:42 PM,1.057252,Normal
25/12/2015 4:16:42 PM,1.185403,Normal
25/12/2015 4:17:42 PM,1.057252,Normal
25/12/2015 4:18:42 PM,1.137347,Normal
25/12/2015 4:19:42 PM,1.137347,Normal
25/12/2015 4:20:42 PM,1.137347,Normal
25/12/2015 4:21:42 PM,1.137347,Normal
25/12/2015 4:22:42 PM,1.201422,Normal
25/12/2015 4:23:42 PM,1.169384,Normal
25/12/2015 4:24:42 PM,1.137347,Normal
25/12/2015 4:25:42 PM,1.201422,Normal
25/12/2015 4:26:42 PM,1.185403,Normal
25/12/2015 4:27:42 PM,1.169384,Normal
25/12/2015 4:28:42 PM,1.137347,Normal
25/12/2015 4:29:42 PM,1.185403,Normal
25/12/2015 4:30:42 PM,1.169384,Normal
25/12/2015 4:31:42 PM,1.08929,Normal
25/12/2015 4:32:42 PM,1.169384,Normal
25/12/2015 4:33:42 PM,1.137347,Normal
25/12/2015 4:34:42 PM,1.217441,Normal
25/12/2015 4:35:42 PM,1.169384,Normal
25/12/2015 4:36:42 PM,1.137347,Normal
25/12/2015 4:37:42 PM,1.169384,Normal
25/12/2015 4:38:42 PM,1.169384,Normal
25/12/2015 4:39:42 PM,1.169384,Normal
25/12/2015 4:40:42 PM,1.169384,Normal
25/12/2015 4:41:42 PM,1.169384,Normal
25/12/2015 4:42:42 PM,1.169384,Normal
25/12/2015 4:43:42 PM,1.137347,Normal
25/12/2015 4:44:42 PM,1.137347,Normal
25/12/2015 4:45:42 PM,1.105309,Normal
25/12/2015 4:46:42 PM,1.137347,Normal
25/12/2015 4:47:42 PM,1.169384,Normal
25/12/2015 4:48:42 PM,1.169384,Normal
25/12/2015 4:49:42 PM,1.137347,Normal
25/12/2015 4:50:42 PM,1.025214,Normal
25/12/2015 4:51:42 PM,1.137347,Normal
25/12/2015 4:52:42 PM,1.057252,Normal
25/12/2015 4:53:42 PM,1.121328,Normal
25/12/2015 4:54:42 PM,1.121328,Normal
25/12/2015 4:55:42 PM,1.185403,Normal
25/12/2015 4:56:42 PM,1.105309,Normal
25/12/2015 4:57:42 PM,1.121328,Normal
25/12/2015 4:58:42 PM,1.169384,Normal
25/12/2015 4:59:42 PM,1.137347,Normal
25/12/2015 5:00:42 PM,1.137347,Normal
25/12/2015 5:01:42 PM,1.137347,Normal
25/12/2015 5:02:42 PM,1.169384,Normal
25/12/2015 5:03:42 PM,1.169384,Normal
25/12/2015 5:04:42 PM,1.169384,Normal
25/12/2015 5:05:42 PM,1.169384,Normal
25/12/2015 5:06:42 PM,1.169384,Normal
25/12/2015 5:07:42 PM,1.185403,Normal
25/12/2015 5:08:42 PM,1.217441,Normal
25/12/2015 5:09:42 PM,1.121328,Normal
25/12/2015 5:10:42 PM,1.121328,Normal
25/12/2015 5:11:42 PM,1.137347,Normal
25/12/2015 5:12:42 PM,1.137347,Normal
25/12/2015 5:13:42 PM,1.137347,Normal
25/12/2015 5:14:42 PM,1.185403,Normal
25/12/2015 5:15:42 PM,1.201422,Normal
25/12/2015 5:16:42 PM,1.169384,Normal
25/12/2015 5:17:42 PM,1.169384,Normal
25/12/2015 5:18:42 PM,1.169384,Normal
25/12/2015 5:19:42 PM,1.169384,Normal
25/12/2015 5:20:42 PM,1.169384,Normal
25/12/2015 5:21:42 PM,1.169384,Normal
25/12/2015 5:22:42 PM,1.169384,Normal
25/12/2015 5:23:42 PM,1.169384,Normal
25/12/2015 5:24:42 PM,1.121328,Normal
25/12/2015 5:25:42 PM,1.121328,Normal
25/12/2015 5:26:42 PM,1.121328,Normal
25/12/2015 5:27:42 PM,1.169384,Normal
25/12/2015 5:28:42 PM,1.169384,Normal
25/12/2015 5:29:42 PM,1.105309,Normal
25/12/2015 5:30:42 PM,1.009195,Normal
25/12/2015 5:31:42 PM,1.169384,Normal
25/12/2015 5:32:42 PM,1.137347,Normal
25/12/2015 5:33:42 PM,1.201422,Normal
25/12/2015 5:34:42 PM,1.121328,Normal
25/12/2015 5:35:42 PM,1.185403,Normal
25/12/2015 5:36:42 PM,1.137347,Normal
25/12/2015 5:37:42 PM,1.121328,Normal
25/12/2015 5:38:42 PM,1.137347,Normal
25/12/2015 5:39:42 PM,1.169384,Normal
25/12/2015 5:40:42 PM,1.137347,Normal
25/12/2015 5:41:42 PM,1.105309,Normal
25/12/2015 5:42:42 PM,1.08929,Normal
25/12/2015 5:43:42 PM,1.169384,Normal
25/12/2015 5:44:42 PM,1.041233,Normal
25/12/2015 5:45:42 PM,1.137347,Normal
25/12/2015 5:46:42 PM,1.105309,Normal
25/12/2015 5:47:42 PM,1.169384,Normal
25/12/2015 5:48:42 PM,1.137347,Normal
25/12/2015 5:49:42 PM,1.121328,Normal
25/12/2015 5:50:42 PM,1.105309,Normal
25/12/2015 5:51:42 PM,1.105309,Normal
25/12/2015 5:52:42 PM,1.121328,Normal
25/12/2015 5:53:42 PM,1.105309,Normal
25/12/2015 5:54:42 PM,1.169384,Normal
25/12/2015 5:55:42 PM,1.169384,Normal
25/12/2015 5:56:42 PM,1.121328,Normal
25/12/2015 5:57:42 PM,1.137347,Normal
25/12/2015 5:58:42 PM,1.137347,Normal
25/12/2015 5:59:42 PM,1.201422,Normal
25/12/2015 6:00:42 PM,1.137347,Normal
25/12/2015 6:01:42 PM,1.121328,Normal
25/12/2015 6:02:42 PM,1.121328,Normal
25/12/2015 6:03:42 PM,1.137347,Normal
25/12/2015 6:04:42 PM,1.169384,Normal
25/12/2015 6:05:42 PM,1.137347,Normal
25/12/2015 6:06:42 PM,1.169384,Normal
25/12/2015 6:07:42 PM,1.137347,Normal
25/12/2015 6:08:42 PM,1.137347,Normal
25/12/2015 6:09:42 PM,1.169384,Normal
25/12/2015 6:10:42 PM,1.137347,Normal
25/12/2015 6:11:42 PM,1.105309,Normal
25/12/2015 6:12:42 PM,1.121328,Normal
25/12/2015 6:13:42 PM,1.121328,Normal
25/12/2015 6:14:42 PM,1.185403,Normal
25/12/2015 6:15:42 PM,1.041233,Normal
25/12/2015 6:16:42 PM,1.08929,Normal
25/12/2015 6:17:42 PM,1.137347,Normal
25/12/2015 6:18:42 PM,1.169384,Normal
25/12/2015 6:19:42 PM,1.169384,Normal
25/12/2015 6:20:42 PM,1.169384,Normal
25/12/2015 6:21:42 PM,1.121328,Normal
25/12/2015 6:22:42 PM,1.137347,Normal
25/12/2015 6:23:42 PM,1.121328,Normal
25/12/2015 6:24:42 PM,1.185403,Normal
25/12/2015 6:25:42 PM,1.137347,Normal
25/12/2015 6:26:42 PM,1.137347,Normal
25/12/2015 6:27:42 PM,1.137347,Normal
25/12/2015 6:28:42 PM,1.137347,Normal
25/12/2015 6:29:42 PM,1.08929,Normal
25/12/2015 6:30:42 PM,1.08929,Normal
25/12/2015 6:31:42 PM,1.057252,Normal
25/12/2015 6:32:42 PM,1.121328,Normal
25/12/2015 6:33:42 PM,1.041233,Normal
25/12/2015 6:34:42 PM,1.08929,Normal
25/12/2015 6:35:42 PM,1.08929,Normal
25/12/2015 6:36:42 PM,1.025214,Normal
25/12/2015 6:37:42 PM,1.009195,Normal
25/12/2015 6:38:42 PM,1.121328,Normal
25/12/2015 6:39:42 PM,1.025214,Normal
25/12/2015 6:40:42 PM,1.105309,Normal
25/12/2015 6:41:42 PM,1.009195,Normal
25/12/2015 6:42:42 PM,1.169384,Normal
25/12/2015 6:43:42 PM,1.185403,Normal
25/12/2015 6:44:42 PM,1.057252,Normal
25/12/2015 6:45:42 PM,1.08929,Normal
25/12/2015 6:46:42 PM,1.121328,Normal
25/12/2015 6:47:42 PM,1.121328,Normal
25/12/2015 6:48:42 PM,1.08929,Normal
25/12/2015 6:49:42 PM,1.041233,Normal
25/12/2015 6:50:42 PM,1.121328,Normal
25/12/2015 6:51:42 PM,1.057252,Normal
25/12/2015 6:52:42 PM,1.169384,Normal
25/12/2015 6:53:42 PM,1.105309,Normal
25/12/2015 6:54:42 PM,1.08929,Normal
25/12/2015 6:55:42 PM,1.105309,Normal
25/12/2015 6:56:42 PM,1.121328,Normal
25/12/2015 6:57:42 PM,1.121328,Normal
25/12/2015 6:58:42 PM,1.249479,Normal
25/12/2015 6:59:42 PM,1.137347,Normal
25/12/2015 7:00:42 PM,1.185403,Normal
25/12/2015 7:01:42 PM,1.057252,Normal
25/12/2015 7:02:42 PM,1.105309,Normal
25/12/2015 7:03:42 PM,1.169384,Normal
25/12/2015 7:04:42 PM,1.201422,Normal
25/12/2015 7:05:42 PM,1.105309,Normal
25/12/2015 7:06:42 PM,1.169384,Normal
25/12/2015 7:07:42 PM,1.137347,Normal
25/12/2015 7:08:42 PM,1.137347,Normal
25/12/2015 7:09:42 PM,1.169384,Normal
25/12/2015 7:10:42 PM,1.105309,Normal
25/12/2015 7:11:42 PM,1.08929,Normal
25/12/2015 7:12:42 PM,1.185403,Normal
25/12/2015 7:13:42 PM,1.121328,Normal
25/12/2015 7:14:42 PM,1.105309,Normal
25/12/2015 7:15:42 PM,1.08929,Normal
25/12/2015 7:16:42 PM,1.137347,Normal
25/12/2015 7:17:42 PM,1.185403,Normal
25/12/2015 7:18:42 PM,1.137347,Normal
25/12/2015 7:19:42 PM,1.121328,Normal
25/12/2015 7:20:42 PM,1.137347,Normal
25/12/2015 7:21:42 PM,1.105309,Normal
25/12/2015 7:22:42 PM,1.137347,Normal
25/12/2015 7:23:42 PM,1.169384,Normal
25/12/2015 7:24:42 PM,1.121328,Normal
25/12/2015 7:25:42 PM,1.121328,Normal
25/12/2015 7:26:42 PM,1.137347,Normal
25/12/2015 7:27:42 PM,1.08929,Normal
25/12/2015 7:28:42 PM,1.121328,Normal
25/12/2015 7:29:42 PM,1.137347,Normal
25/12/2015 7:30:42 PM,1.08929,Normal
25/12/2015 7:31:42 PM,1.105309,Normal
25/12/2015 7:32:42 PM,1.121328,Normal
25/12/2015 7:33:42 PM,1.105309,Normal
25/12/2015 7:34:42 PM,1.169384,Normal
25/12/2015 7:35:42 PM,1.169384,Normal
25/12/2015 7:36:42 PM,1.137347,Normal
25/12/2015 7:37:42 PM,1.121328,Normal
25/12/2015 7:38:42 PM,1.121328,Normal
25/12/2015 7:39:42 PM,1.169384,Normal
25/12/2015 7:40:42 PM,1.121328,Normal
25/12/2015 7:41:42 PM,1.137347,Normal
25/12/2015 7:42:42 PM,1.137347,Normal
25/12/2015 7:43:42 PM,1.137347,Normal
25/12/2015 7:44:42 PM,1.169384,Normal
25/12/2015 7:45:42 PM,1.105309,Normal
25/12/2015 7:46:42 PM,1.169384,Normal
25/12/2015 7:47:42 PM,1.105309,Normal
25/12/2015 7:48:42 PM,1.057252,Normal
25/12/2015 7:49:42 PM,1.105309,Normal
25/12/2015 7:50:42 PM,1.121328,Normal
25/12/2015 7:51:42 PM,1.08929,Normal
25/12/2015 7:52:42 PM,1.105309,Normal
25/12/2015 7:53:42 PM,0.945119,Normal
25/12/2015 7:54:42 PM,1.105309,Normal
25/12/2015 7:55:42 PM,1.121328,Normal
25/12/2015 7:56:42 PM,1.057252,Normal
25/12/2015 7:57:42 PM,1.137347,Normal
25/12/2015 7:58:42 PM,1.121328,Normal
25/12/2015 7:59:42 PM,1.041233,Normal
25/12/2015 8:00:42 PM,1.137347,Normal
25/12/2015 8:01:42 PM,1.121328,Normal
25/12/2015 8:02:42 PM,1.137347,Normal
25/12/2015 8:03:42 PM,1.169384,Normal
25/12/2015 8:04:42 PM,1.169384,Normal
25/12/2015 8:05:42 PM,1.121328,Normal
25/12/2015 8:06:42 PM,1.137347,Normal
25/12/2015 8:07:42 PM,1.185403,Normal
25/12/2015 8:08:42 PM,1.185403,Normal
25/12/2015 8:09:42 PM,1.121328,Normal
25/12/2015 8:10:42 PM,1.121328,Normal
25/12/2015 8:11:42 PM,1.137347,Normal
25/12/2015 8:12:42 PM,1.137347,Normal
25/12/2015 8:13:42 PM,1.121328,Normal
25/12/2015 8:14:42 PM,1.08929,Normal
25/12/2015 8:15:42 PM,1.121328,Normal
25/12/2015 8:16:42 PM,1.137347,Normal
25/12/2015 8:17:42 PM,1.105309,Normal
25/12/2015 8:18:42 PM,1.105309,Normal
25/12/2015 8:19:42 PM,1.121328,Normal
25/12/2015 8:20:42 PM,1.137347,Normal
25/12/2015 8:21:42 PM,1.057252,Normal
25/12/2015 8:22:42 PM,1.137347,Normal
25/12/2015 8:23:42 PM,1.105309,Normal
25/12/2015 8:24:42 PM,1.121328,Normal
25/12/2015 8:25:42 PM,1.137347,Normal
25/12/2015 8:26:42 PM,1.137347,Normal
25/12/2015 8:27:42 PM,1.137347,Normal
25/12/2015 8:28:42 PM,1.121328,Normal
25/12/2015 8:29:42 PM,1.169384,Normal
25/12/2015 8:30:42 PM,1.105309,Normal
25/12/2015 8:31:42 PM,1.137347,Normal
25/12/2015 8:32:42 PM,1.105309,Normal
25/12/2015 8:33:42 PM,1.137347,Normal
25/12/2015 8:34:42 PM,1.137347,Normal
25/12/2015 8:35:42 PM,1.137347,Normal
25/12/2015 8:36:42 PM,1.137347,Normal
25/12/2015 8:37:42 PM,1.08929,Normal
25/12/2015 8:38:42 PM,1.185403,Normal
25/12/2015 8:39:42 PM,1.105309,Normal
25/12/2015 8:40:42 PM,1.08929,Normal
25/12/2015 8:41:42 PM,1.185403,Normal
25/12/2015 8:42:42 PM,1.121328,Normal
25/12/2015 8:43:42 PM,1.121328,Normal
25/12/2015 8:44:42 PM,1.137347,Normal
25/12/2015 8:45:42 PM,1.025214,Normal
25/12/2015 8:46:42 PM,1.137347,Normal
25/12/2015 8:47:42 PM,1.105309,Normal
25/12/2015 8:48:42 PM,1.105309,Normal
25/12/2015 8:49:42 PM,1.121328,Normal
25/12/2015 8:50:42 PM,1.057252,Normal
25/12/2015 8:51:42 PM,1.137347,Normal
25/12/2015 8:52:42 PM,1.105309,Normal
25/12/2015 8:53:42 PM,1.185403,Normal
25/12/2015 8:54:42 PM,1.105309,Normal
25/12/2015 8:55:42 PM,1.08929,Normal
25/12/2015 8:56:42 PM,1.169384,Normal
25/12/2015 8:57:42 PM,1.121328,Normal
25/12/2015 8:58:42 PM,1.185403,Normal
25/12/2015 8:59:42 PM,1.105309,Normal
25/12/2015 9:00:42 PM,1.057252,Normal
25/12/2015 9:01:42 PM,1.185403,Normal
25/12/2015 9:02:42 PM,1.041233,Normal
25/12/2015 9:03:42 PM,1.105309,Normal
25/12/2015 9:04:42 PM,1.105309,Normal
25/12/2015 9:05:42 PM,1.08929,Normal
25/12/2015 9:06:42 PM,1.137347,Normal
25/12/2015 9:07:42 PM,1.057252,Normal
25/12/2015 9:08:42 PM,0.9771569,Normal
25/12/2015 9:09:42 PM,1.057252,Normal
25/12/2015 9:10:42 PM,1.105309,Normal
25/12/2015 9:11:42 PM,1.105309,Normal
25/12/2015 9:12:42 PM,1.057252,Normal
25/12/2015 9:13:42 PM,1.169384,Normal
25/12/2015 9:14:42 PM,1.08929,Normal
25/12/2015 9:15:42 PM,1.08929,Normal
25/12/2015 9:16:42 PM,1.08929,Normal
25/12/2015 9:17:42 PM,1.169384,Normal
25/12/2015 9:18:42 PM,1.041233,Normal
25/12/2015 9:19:42 PM,1.121328,Normal
25/12/2015 9:20:42 PM,1.105309,Normal
25/12/2015 9:21:42 PM,1.185403,Normal
25/12/2015 9:22:42 PM,1.105309,Normal
25/12/2015 9:23:42 PM,1.025214,Normal
25/12/2015 9:24:42 PM,1.041233,Normal
25/12/2015 9:25:42 PM,1.08929,Normal
25/12/2015 9:26:42 PM,1.169384,Normal
25/12/2015 9:27:42 PM,1.185403,Normal
25/12/2015 9:28:42 PM,1.025214,Normal
25/12/2015 9:29:42 PM,1.08929,Normal
25/12/2015 9:30:42 PM,1.057252,Normal
25/12/2015 9:31:42 PM,1.137347,Normal
25/12/2015 9:32:42 PM,1.105309,Normal
25/12/2015 9:33:42 PM,1.105309,Normal
25/12/2015 9:34:42 PM,1.041233,Normal
25/12/2015 9:35:42 PM,1.185403,Normal
25/12/2015 9:36:42 PM,1.121328,Normal
25/12/2015 9:37:42 PM,1.121328,Normal
25/12/2015 9:38:42 PM,1.08929,Normal
25/12/2015 9:39:42 PM,1.137347,Normal
25/12/2015 9:40:42 PM,1.105309,Normal
25/12/2015 9:41:42 PM,1.025214,Normal
25/12/2015 9:42:42 PM,1.105309,Normal
25/12/2015 9:43:42 PM,1.08929,Normal
25/12/2015 9:44:42 PM,1.185403,Normal
25/12/2015 9:45:42 PM,1.105309,Normal
25/12/2015 9:46:42 PM,1.137347,Normal
25/12/2015 9:47:42 PM,1.105309,Normal
25/12/2015 9:48:42 PM,1.105309,Normal
25/12/2015 9:49:42 PM,1.105309,Normal
25/12/2015 9:50:42 PM,1.137347,Normal
25/12/2015 9:51:42 PM,1.137347,Normal
25/12/2015 9:52:42 PM,1.121328,Normal
25/12/2015 9:53:42 PM,1.185403,Normal
25/12/2015 9:54:42 PM,1.185403,Normal
25/12/2015 9:55:42 PM,1.08929,Normal
25/12/2015 9:56:42 PM,1.105309,Normal
25/12/2015 9:57:42 PM,1.169384,Normal
25/12/2015 9:58:42 PM,1.121328,Normal
25/12/2015 9:59:42 PM,1.137347,Normal
25/12/2015 10:00:42 PM,1.137347,Normal
25/12/2015 10:01:42 PM,1.185403,Normal
25/12/2015 10:02:42 PM,1.041233,Normal
25/12/2015 10:03:42 PM,1.169384,Normal
25/12/2015 10:04:42 PM,1.105309,Normal
25/12/2015 10:05:42 PM,1.169384,Normal
25/12/2015 10:06:42 PM,1.057252,Normal
25/12/2015 10:07:42 PM,1.201422,Normal
25/12/2015 10:08:42 PM,1.105309,Normal
25/12/2015 10:09:42 PM,1.009195,Normal
25/12/2015 10:10:42 PM,1.185403,Normal
25/12/2015 10:11:42 PM,1.105309,Normal
25/12/2015 10:12:42 PM,1.057252,Normal
25/12/2015 10:13:42 PM,1.057252,Normal
25/12/2015 10:14:42 PM,1.105309,Normal
25/12/2015 10:15:42 PM,1.041233,Normal
25/12/2015 10:16:42 PM,0.9771569,Normal
25/12/2015 10:17:42 PM,1.041233,Normal
25/12/2015 10:18:42 PM,1.057252,Normal
25/12/2015 10:19:42 PM,1.08929,Normal
25/12/2015 10:20:42 PM,1.121328,Normal
25/12/2015 10:21:42 PM,1.041233,Normal
25/12/2015 10:22:42 PM,1.041233,Normal
25/12/2015 10:23:42 PM,1.08929,Normal
25/12/2015 10:24:42 PM,1.041233,Normal
25/12/2015 10:25:42 PM,1.105309,Normal
25/12/2015 10:26:42 PM,1.08929,Normal
25/12/2015 10:27:42 PM,1.185403,Normal
25/12/2015 10:28:42 PM,1.185403,Normal
25/12/2015 10:29:42 PM,1.08929,Normal
25/12/2015 10:30:42 PM,1.105309,Normal
25/12/2015 10:31:42 PM,1.105309,Normal
25/12/2015 10:32:42 PM,0.9771569,Normal
25/12/2015 10:33:42 PM,1.08929,Normal
25/12/2015 10:34:42 PM,1.105309,Normal
25/12/2015 10:35:42 PM,1.009195,Normal
25/12/2015 10:36:42 PM,1.105309,Normal
25/12/2015 10:37:42 PM,1.121328,Normal
25/12/2015 10:38:42 PM,1.121328,Normal
25/12/2015 10:39:42 PM,1.08929,Normal
25/12/2015 10:40:42 PM,1.08929,Normal
25/12/2015 10:41:42 PM,1.137347,Normal
25/12/2015 10:42:42 PM,0.9771569,Normal
25/12/2015 10:43:42 PM,1.08929,Normal
25/12/2015 10:44:42 PM,1.009195,Normal
25/12/2015 10:45:42 PM,1.08929,Normal
25/12/2015 10:46:42 PM,1.025214,Normal
25/12/2015 10:47:42 PM,1.121328,Normal
25/12/2015 10:48:42 PM,1.105309,Normal
25/12/2015 10:49:42 PM,1.057252,Normal
25/12/2015 10:50:42 PM,1.169384,Normal
25/12/2015 10:51:42 PM,1.137347,Normal
25/12/2015 10:52:42 PM,1.041233,Normal
25/12/2015 10:53:42 PM,1.169384,Normal
25/12/2015 10:54:42 PM,1.08929,Normal
25/12/2015 10:55:42 PM,1.009195,Normal
25/12/2015 10:56:42 PM,1.025214,Normal
25/12/2015 10:57:42 PM,1.057252,Normal
25/12/2015 10:58:42 PM,1.08929,Normal
25/12/2015 10:59:42 PM,1.08929,Normal
25/12/2015 11:00:42 PM,0.9771569,Normal
25/12/2015 11:01:42 PM,1.041233,Normal
25/12/2015 11:02:42 PM,1.185403,Normal
25/12/2015 11:03:42 PM,1.121328,Normal
25/12/2015 11:04:42 PM,1.105309,Normal
25/12/2015 11:05:42 PM,1.137347,Normal
25/12/2015 11:06:42 PM,1.057252,Normal
25/12/2015 11:07:42 PM,1.121328,Normal
25/12/2015 11:08:42 PM,1.057252,Normal
25/12/2015 11:09:42 PM,1.121328,Normal
25/12/2015 11:10:42 PM,1.137347,Normal
25/12/2015 11:11:42 PM,1.137347,Normal
25/12/2015 11:12:42 PM,1.121328,Normal
25/12/2015 11:13:42 PM,1.08929,Normal
25/12/2015 11:14:42 PM,1.08929,Normal
25/12/2015 11:15:42 PM,1.08929,Normal
25/12/2015 11:16:42 PM,1.057252,Normal
25/12/2015 11:17:42 PM,1.121328,Normal
25/12/2015 11:18:42 PM,1.121328,Normal
25/12/2015 11:19:42 PM,1.105309,Normal
25/12/2015 11:20:42 PM,1.105309,Normal
25/12/2015 11:21:42 PM,1.08929,Normal
25/12/2015 11:22:42 PM,1.025214,Normal
25/12/2015 11:23:42 PM,1.025214,Normal
25/12/2015 11:24:42 PM,1.185403,Normal
25/12/2015 11:25:42 PM,1.137347,Normal
25/12/2015 11:26:42 PM,1.121328,Normal
25/12/2015 11:27:42 PM,1.08929,Normal
25/12/2015 11:28:42 PM,1.137347,Normal
25/12/2015 11:29:42 PM,1.08929,Normal
25/12/2015 11:30:42 PM,1.137347,Normal
25/12/2015 11:31:42 PM,1.121328,Normal
25/12/2015 11:32:42 PM,1.169384,Normal
25/12/2015 11:33:42 PM,1.057252,Normal
25/12/2015 11:34:42 PM,1.105309,Normal
25/12/2015 11:35:42 PM,1.185403,Normal
25/12/2015 11:36:42 PM,1.08929,Normal
25/12/2015 11:37:42 PM,1.105309,Normal
25/12/2015 11:38:42 PM,1.137347,Normal
25/12/2015 11:39:42 PM,1.105309,Normal
25/12/2015 11:40:42 PM,1.025214,Normal
25/12/2015 11:41:42 PM,1.137347,Normal
25/12/2015 11:42:42 PM,1.121328,Normal
25/12/2015 11:43:42 PM,1.121328,Normal
25/12/2015 11:44:42 PM,1.041233,Normal
25/12/2015 11:45:42 PM,1.185403,Normal
25/12/2015 11:46:42 PM,1.057252,Normal
25/12/2015 11:47:42 PM,1.105309,Normal
25/12/2015 11:48:42 PM,1.121328,Normal
25/12/2015 11:49:42 PM,1.041233,Normal
25/12/2015 11:50:42 PM,1.009195,Normal
25/12/2015 11:51:42 PM,1.137347,Normal
25/12/2015 11:52:42 PM,1.217441,Normal
25/12/2015 11:53:42 PM,1.105309,Normal
25/12/2015 11:54:42 PM,1.041233,Normal
25/12/2015 11:55:42 PM,1.105309,Normal
25/12/2015 11:56:42 PM,1.105309,Normal
25/12/2015 11:57:42 PM,1.265498,Normal
25/12/2015 11:58:42 PM,1.057252,Normal
25/12/2015 11:59:42 PM,1.105309,Normal
26/12/2015 12:00:42 AM,1.057252,Normal
26/12/2015 12:01:42 AM,1.08929,Normal
26/12/2015 12:02:42 AM,1.08929,Normal
26/12/2015 12:03:42 AM,1.057252,Normal
26/12/2015 12:04:42 AM,1.08929,Normal
26/12/2015 12:05:42 AM,1.137347,Normal
26/12/2015 12:06:42 AM,1.08929,Normal
26/12/2015 12:07:42 AM,1.185403,Normal
26/12/2015 12:08:42 AM,1.105309,Normal
26/12/2015 12:09:42 AM,1.169384,Normal
26/12/2015 12:10:42 AM,1.105309,Normal
26/12/2015 12:11:42 AM,1.08929,Normal
26/12/2015 12:12:42 AM,1.08929,Normal
26/12/2015 12:13:42 AM,1.121328,Normal
26/12/2015 12:14:42 AM,1.121328,Normal
26/12/2015 12:15:42 AM,1.137347,Normal
26/12/2015 12:16:42 AM,1.121328,Normal
26/12/2015 12:17:42 AM,1.08929,Normal
26/12/2015 12:18:42 AM,1.105309,Normal
26/12/2015 12:19:42 AM,1.121328,Normal
26/12/2015 12:20:42 AM,1.169384,Normal
26/12/2015 12:21:42 AM,1.08929,Normal
26/12/2015 12:22:42 AM,1.057252,Normal
26/12/2015 12:23:42 AM,1.217441,Normal
26/12/2015 12:24:42 AM,1.169384,Normal
26/12/2015 12:25:42 AM,1.201422,Normal
26/12/2015 12:26:42 AM,1.121328,Normal
26/12/2015 12:27:42 AM,1.169384,Normal
26/12/2015 12:28:42 AM,1.041233,Normal
26/12/2015 12:29:42 AM,1.137347,Normal
26/12/2015 12:30:42 AM,1.041233,Normal
26/12/2015 12:31:42 AM,1.057252,Normal
26/12/2015 12:32:42 AM,1.121328,Normal
26/12/2015 12:33:42 AM,1.08929,Normal
26/12/2015 12:34:42 AM,1.08929,Normal
26/12/2015 12:35:42 AM,1.08929,Normal
26/12/2015 12:36:42 AM,1.105309,Normal
26/12/2015 12:37:42 AM,1.105309,Normal
26/12/2015 12:38:42 AM,1.025214,Normal
26/12/2015 12:39:42 AM,1.137347,Normal
26/12/2015 12:40:42 AM,1.057252,Normal
26/12/2015 12:41:42 AM,1.121328,Normal
26/12/2015 12:42:42 AM,1.057252,Normal
26/12/2015 12:43:42 AM,1.105309,Normal
26/12/2015 12:44:42 AM,1.169384,Normal
26/12/2015 12:45:42 AM,1.137347,Normal
26/12/2015 12:46:42 AM,1.105309,Normal
26/12/2015 12:47:42 AM,1.025214,Normal
26/12/2015 12:48:42 AM,1.057252,Normal
26/12/2015 12:49:42 AM,1.105309,Normal
26/12/2015 12:50:42 AM,1.121328,Normal
26/12/2015 12:51:42 AM,1.08929,Normal
26/12/2015 12:52:42 AM,1.105309,Normal
26/12/2015 12:53:42 AM,1.08929,Normal
26/12/2015 12:54:42 AM,1.057252,Normal
26/12/2015 12:55:42 AM,1.185403,Normal
26/12/2015 12:56:42 AM,1.08929,Normal
26/12/2015 12:57:42 AM,1.137347,Normal
26/12/2015 12:58:42 AM,1.121328,Normal
26/12/2015 12:59:42 AM,1.08929,Normal
26/12/2015 1:00:42 AM,1.137347,Normal
26/12/2015 1:01:42 AM,1.08929,Normal
26/12/2015 1:02:42 AM,1.169384,Normal
26/12/2015 1:03:42 AM,1.169384,Normal
26/12/2015 1:04:42 AM,1.121328,Normal
26/12/2015 1:05:42 AM,1.169384,Normal
26/12/2015 1:06:42 AM,1.169384,Normal
26/12/2015 1:07:42 AM,1.137347,Normal
26/12/2015 1:08:42 AM,1.009195,Normal
26/12/2015 1:09:42 AM,1.057252,Normal
26/12/2015 1:10:42 AM,1.041233,Normal
26/12/2015 1:11:42 AM,1.057252,Normal
26/12/2015 1:12:42 AM,1.121328,Normal
26/12/2015 1:13:42 AM,1.201422,Normal
26/12/2015 1:14:42 AM,1.137347,Normal
26/12/2015 1:15:42 AM,1.121328,Normal
26/12/2015 1:16:42 AM,1.057252,Normal
26/12/2015 1:17:42 AM,1.105309,Normal
26/12/2015 1:18:42 AM,1.08929,Normal
26/12/2015 1:19:42 AM,1.08929,Normal
26/12/2015 1:20:42 AM,1.137347,Normal
26/12/2015 1:21:42 AM,1.105309,Normal
26/12/2015 1:22:42 AM,1.137347,Normal
26/12/2015 1:23:42 AM,1.137347,Normal
26/12/2015 1:24:42 AM,1.137347,Normal
26/12/2015 1:25:42 AM,1.08929,Normal
26/12/2015 1:26:42 AM,1.137347,Normal
26/12/2015 1:27:42 AM,1.025214,Normal
26/12/2015 1:28:42 AM,1.009195,Normal
26/12/2015 1:29:42 AM,0.945119,Normal
26/12/2015 1:30:42 AM,1.105309,Normal
26/12/2015 1:31:42 AM,1.121328,Normal
26/12/2015 1:32:42 AM,1.08929,Normal
26/12/2015 1:33:42 AM,1.185403,Normal
26/12/2015 1:34:42 AM,1.121328,Normal
26/12/2015 1:35:42 AM,1.08929,Normal
26/12/2015 1:36:42 AM,1.025214,Normal
26/12/2015 1:37:42 AM,1.08929,Normal
26/12/2015 1:38:42 AM,1.105309,Normal
26/12/2015 1:39:42 AM,1.08929,Normal
26/12/2015 1:40:42 AM,1.08929,Normal
26/12/2015 1:41:42 AM,1.105309,Normal
26/12/2015 1:42:42 AM,1.105309,Normal
26/12/2015 1:43:42 AM,1.105309,Normal
26/12/2015 1:44:42 AM,0.961138,Normal
26/12/2015 1:45:42 AM,1.025214,Normal
26/12/2015 1:46:42 AM,1.025214,Normal
26/12/2015 1:47:42 AM,1.041233,Normal
26/12/2015 1:48:42 AM,1.08929,Normal
26/12/2015 1:49:42 AM,1.041233,Normal
26/12/2015 1:50:42 AM,1.041233,Normal
26/12/2015 1:51:42 AM,1.057252,Normal
26/12/2015 1:52:42 AM,1.185403,Normal
26/12/2015 1:53:42 AM,1.201422,Normal
26/12/2015 1:54:42 AM,1.041233,Normal
26/12/2015 1:55:42 AM,1.105309,Normal
26/12/2015 1:56:42 AM,1.121328,Normal
26/12/2015 1:57:42 AM,0.9771569,Normal
26/12/2015 1:58:42 AM,1.105309,Normal
26/12/2015 1:59:42 AM,1.08929,Normal
26/12/2015 2:00:42 AM,1.169384,Normal
26/12/2015 2:01:42 AM,1.08929,Normal
26/12/2015 2:02:42 AM,1.08929,Normal
26/12/2015 2:03:42 AM,1.08929,Normal
26/12/2015 2:04:42 AM,1.08929,Normal
26/12/2015 2:05:42 AM,1.121328,Normal
26/12/2015 2:06:42 AM,1.041233,Normal
26/12/2015 2:07:42 AM,1.105309,Normal
26/12/2015 2:08:42 AM,1.041233,Normal
26/12/2015 2:09:42 AM,1.105309,Normal
26/12/2015 2:10:42 AM,1.009195,Normal
26/12/2015 2:11:42 AM,1.041233,Normal
26/12/2015 2:12:42 AM,0.961138,Normal
26/12/2015 2:13:42 AM,1.041233,Normal
26/12/2015 2:14:42 AM,1.057252,Normal
26/12/2015 2:15:42 AM,1.121328,Normal
26/12/2015 2:16:42 AM,1.137347,Normal
26/12/2015 2:17:42 AM,1.057252,Normal
26/12/2015 2:18:42 AM,1.08929,Normal
26/12/2015 2:19:42 AM,1.217441,Normal
26/12/2015 2:20:42 AM,1.121328,Normal
26/12/2015 2:21:42 AM,1.08929,Normal
26/12/2015 2:22:42 AM,1.121328,Normal
26/12/2015 2:23:42 AM,1.137347,Normal
26/12/2015 2:24:42 AM,1.121328,Normal
26/12/2015 2:25:42 AM,1.137347,Normal
26/12/2015 2:26:42 AM,1.169384,Normal
26/12/2015 2:27:42 AM,1.137347,Normal
26/12/2015 2:28:42 AM,1.08929,Normal
26/12/2015 2:29:42 AM,1.169384,Normal
26/12/2015 2:30:42 AM,1.137347,Normal
26/12/2015 2:31:42 AM,1.201422,Normal
26/12/2015 2:32:42 AM,1.185403,Normal
26/12/2015 2:33:42 AM,1.08929,Normal
26/12/2015 2:34:42 AM,1.201422,Normal
26/12/2015 2:35:42 AM,1.121328,Normal
26/12/2015 2:36:42 AM,1.169384,Normal
26/12/2015 2:37:42 AM,1.137347,Normal
26/12/2015 2:38:42 AM,1.137347,Normal
26/12/2015 2:39:42 AM,1.121328,Normal
26/12/2015 2:40:42 AM,1.121328,Normal
26/12/2015 2:41:42 AM,1.041233,Normal
26/12/2015 2:42:42 AM,1.121328,Normal
26/12/2015 2:43:42 AM,1.08929,Normal
26/12/2015 2:44:42 AM,1.137347,Normal
26/12/2015 2:45:42 AM,1.169384,Normal
26/12/2015 2:46:42 AM,1.121328,Normal
26/12/2015 2:47:42 AM,1.137347,Normal
26/12/2015 2:48:42 AM,1.105309,Normal
26/12/2015 2:49:42 AM,1.169384,Normal
26/12/2015 2:50:42 AM,1.105309,Normal
26/12/2015 2:51:42 AM,1.08929,Normal
26/12/2015 2:52:42 AM,1.025214,Normal
26/12/2015 2:53:42 AM,1.041233,Normal
26/12/2015 2:54:42 AM,1.009195,Normal
26/12/2015 2:55:42 AM,1.057252,Normal
26/12/2015 2:56:42 AM,1.041233,Normal
26/12/2015 2:57:42 AM,1.057252,Normal
26/12/2015 2:58:42 AM,1.121328,Normal
26/12/2015 2:59:42 AM,1.009195,Normal
26/12/2015 3:00:42 AM,1.025214,Normal
26/12/2015 3:01:42 AM,1.08929,Normal
26/12/2015 3:02:42 AM,1.08929,Normal
26/12/2015 3:03:42 AM,1.057252,Normal
26/12/2015 3:04:42 AM,1.105309,Normal
26/12/2015 3:05:42 AM,1.025214,Normal
26/12/2015 3:06:42 AM,1.057252,Normal
26/12/2015 3:07:42 AM,1.105309,Normal
26/12/2015 3:08:42 AM,1.121328,Normal
26/12/2015 3:09:42 AM,1.08929,Normal
26/12/2015 3:10:42 AM,1.105309,Normal
26/12/2015 3:11:42 AM,1.121328,Normal
26/12/2015 3:12:42 AM,1.137347,Normal
26/12/2015 3:13:42 AM,1.08929,Normal
26/12/2015 3:14:42 AM,1.137347,Normal
26/12/2015 3:15:42 AM,1.105309,Normal
26/12/2015 3:16:42 AM,1.025214,Normal
26/12/2015 3:17:42 AM,1.041233,Normal
26/12/2015 3:18:42 AM,1.041233,Normal
26/12/2015 3:19:42 AM,1.057252,Normal
26/12/2015 3:20:42 AM,1.121328,Normal
26/12/2015 3:21:42 AM,1.137347,Normal
26/12/2015 3:22:42 AM,1.105309,Normal
26/12/2015 3:23:42 AM,1.105309,Normal
26/12/2015 3:24:42 AM,1.105309,Normal
26/12/2015 3:25:42 AM,1.105309,Normal
26/12/2015 3:26:42 AM,1.105309,Normal
26/12/2015 3:27:42 AM,1.105309,Normal
26/12/2015 3:28:42 AM,1.169384,Normal
26/12/2015 3:29:42 AM,1.041233,Normal
26/12/2015 3:30:42 AM,1.08929,Normal
26/12/2015 3:31:42 AM,1.121328,Normal
26/12/2015 3:32:42 AM,1.057252,Normal
26/12/2015 3:33:42 AM,1.057252,Normal
26/12/2015 3:34:42 AM,1.08929,Normal
26/12/2015 3:35:42 AM,1.105309,Normal
26/12/2015 3:36:42 AM,1.08929,Normal
26/12/2015 3:37:42 AM,1.041233,Normal
26/12/2015 3:38:42 AM,1.08929,Normal
26/12/2015 3:39:42 AM,1.105309,Normal
26/12/2015 3:40:42 AM,1.08929,Normal
26/12/2015 3:41:42 AM,1.057252,Normal
26/12/2015 3:42:42 AM,1.105309,Normal
26/12/2015 3:43:42 AM,1.08929,Normal
26/12/2015 3:44:42 AM,1.041233,Normal
26/12/2015 3:45:42 AM,1.08929,Normal
26/12/2015 3:46:42 AM,1.121328,Normal
26/12/2015 3:47:42 AM,1.041233,Normal
26/12/2015 3:48:42 AM,1.169384,Normal
26/12/2015 3:49:42 AM,1.057252,Normal
26/12/2015 3:50:42 AM,1.169384,Normal
26/12/2015 3:51:42 AM,1.169384,Normal
26/12/2015 3:52:42 AM,1.217441,Normal
26/12/2015 3:53:42 AM,1.105309,Normal
26/12/2015 3:54:42 AM,1.041233,Normal
26/12/2015 3:55:42 AM,1.057252,Normal
26/12/2015 3:56:42 AM,1.057252,Normal
26/12/2015 3:57:42 AM,1.08929,Normal
26/12/2015 3:58:42 AM,1.009195,Normal
26/12/2015 3:59:42 AM,1.08929,Normal
26/12/2015 4:00:42 AM,1.105309,Normal
26/12/2015 4:01:42 AM,1.025214,Normal
26/12/2015 4:02:42 AM,1.08929,Normal
26/12/2015 4:03:42 AM,1.057252,Normal
26/12/2015 4:04:42 AM,1.009195,Normal
26/12/2015 4:05:42 AM,1.105309,Normal
26/12/2015 4:06:42 AM,1.105309,Normal
26/12/2015 4:07:42 AM,1.041233,Normal
26/12/2015 4:08:42 AM,1.057252,Normal
26/12/2015 4:09:42 AM,1.041233,Normal
26/12/2015 4:10:42 AM,1.041233,Normal
26/12/2015 4:11:42 AM,1.025214,Normal
26/12/2015 4:12:42 AM,1.08929,Normal
26/12/2015 4:13:42 AM,1.08929,Normal
26/12/2015 4:14:42 AM,1.025214,Normal
26/12/2015 4:15:42 AM,1.025214,Normal
26/12/2015 4:16:42 AM,1.009195,Normal
26/12/2015 4:17:42 AM,1.057252,Normal
26/12/2015 4:18:42 AM,1.137347,Normal
26/12/2015 4:19:42 AM,1.057252,Normal
26/12/2015 4:20:42 AM,1.025214,Normal
26/12/2015 4:21:42 AM,1.105309,Normal
26/12/2015 4:22:42 AM,1.009195,Normal
26/12/2015 4:23:42 AM,1.105309,Normal
26/12/2015 4:24:42 AM,1.08929,Normal
26/12/2015 4:25:42 AM,1.025214,Normal
26/12/2015 4:26:42 AM,1.057252,Normal
26/12/2015 4:27:42 AM,1.201422,Normal
26/12/2015 4:28:42 AM,0.9771569,Normal
26/12/2015 4:29:42 AM,1.105309,Normal
26/12/2015 4:30:42 AM,1.057252,Normal
26/12/2015 4:31:42 AM,1.025214,Normal
26/12/2015 4:32:42 AM,1.08929,Normal
26/12/2015 4:33:42 AM,1.041233,Normal
26/12/2015 4:34:42 AM,1.08929,Normal
26/12/2015 4:35:42 AM,1.025214,Normal
26/12/2015 4:36:42 AM,1.08929,Normal
26/12/2015 4:37:42 AM,1.057252,Normal
26/12/2015 4:38:42 AM,1.025214,Normal
26/12/2015 4:39:42 AM,1.08929,Normal
26/12/2015 4:40:42 AM,1.08929,Normal
26/12/2015 4:41:42 AM,1.041233,Normal
26/12/2015 4:42:42 AM,1.08929,Normal
26/12/2015 4:43:42 AM,1.057252,Normal
26/12/2015 4:44:42 AM,1.057252,Normal
26/12/2015 4:45:42 AM,1.105309,Normal
26/12/2015 4:46:42 AM,1.057252,Normal
26/12/2015 4:47:42 AM,1.041233,Normal
26/12/2015 4:48:42 AM,1.121328,Normal
26/12/2015 4:49:42 AM,1.057252,Normal
26/12/2015 4:50:42 AM,1.08929,Normal
26/12/2015 4:51:42 AM,0.961138,Normal
26/12/2015 4:52:42 AM,1.08929,Normal
26/12/2015 4:53:42 AM,1.025214,Normal
26/12/2015 4:54:42 AM,1.057252,Normal
26/12/2015 4:55:42 AM,1.08929,Normal
26/12/2015 4:56:42 AM,1.025214,Normal
26/12/2015 4:57:42 AM,1.105309,Normal
26/12/2015 4:58:42 AM,1.057252,Normal
26/12/2015 4:59:42 AM,1.041233,Normal
26/12/2015 5:00:42 AM,1.185403,Normal
26/12/2015 5:01:42 AM,1.08929,Normal
26/12/2015 5:02:42 AM,1.121328,Normal
26/12/2015 5:03:42 AM,1.025214,Normal
26/12/2015 5:04:42 AM,1.105309,Normal
26/12/2015 5:05:42 AM,1.121328,Normal
26/12/2015 5:06:42 AM,1.009195,Normal
26/12/2015 5:07:42 AM,1.041233,Normal
26/12/2015 5:08:42 AM,1.121328,Normal
26/12/2015 5:09:42 AM,1.08929,Normal
26/12/2015 5:10:42 AM,1.185403,Normal
26/12/2015 5:11:42 AM,1.041233,Normal
26/12/2015 5:12:42 AM,1.08929,Normal
26/12/2015 5:13:42 AM,1.105309,Normal
26/12/2015 5:14:42 AM,1.08929,Normal
26/12/2015 5:15:42 AM,1.08929,Normal
26/12/2015 5:16:42 AM,1.105309,Normal
26/12/2015 5:17:42 AM,1.08929,Normal
26/12/2015 5:18:42 AM,1.08929,Normal
26/12/2015 5:19:42 AM,1.057252,Normal
26/12/2015 5:20:42 AM,1.057252,Normal
26/12/2015 5:21:42 AM,1.025214,Normal
26/12/2015 5:22:42 AM,1.08929,Normal
26/12/2015 5:23:42 AM,1.137347,Normal
26/12/2015 5:24:42 AM,1.041233,Normal
26/12/2015 5:25:42 AM,1.08929,Normal
26/12/2015 5:26:42 AM,1.121328,Normal
26/12/2015 5:27:42 AM,1.057252,Normal
26/12/2015 5:28:42 AM,1.041233,Normal
26/12/2015 5:29:42 AM,1.105309,Normal
26/12/2015 5:30:42 AM,1.137347,Normal
26/12/2015 5:31:42 AM,1.137347,Normal
26/12/2015 5:32:42 AM,1.121328,Normal
26/12/2015 5:33:42 AM,1.057252,Normal
26/12/2015 5:34:42 AM,1.105309,Normal
26/12/2015 5:35:42 AM,1.185403,Normal
26/12/2015 5:36:42 AM,1.041233,Normal
26/12/2015 5:37:42 AM,1.08929,Normal
26/12/2015 5:38:42 AM,1.041233,Normal
26/12/2015 5:39:42 AM,1.08929,Normal
26/12/2015 5:40:42 AM,1.041233,Normal
26/12/2015 5:41:42 AM,1.137347,Normal
26/12/2015 5:42:42 AM,1.057252,Normal
26/12/2015 5:43:42 AM,1.041233,Normal
26/12/2015 5:44:42 AM,1.105309,Normal
26/12/2015 5:45:42 AM,1.08929,Normal
26/12/2015 5:46:42 AM,0.9771569,Normal
26/12/2015 5:47:42 AM,1.121328,Normal
26/12/2015 5:48:42 AM,1.169384,Normal
26/12/2015 5:49:42 AM,1.057252,Normal
26/12/2015 5:50:42 AM,1.08929,Normal
26/12/2015 5:51:42 AM,1.057252,Normal
26/12/2015 5:52:42 AM,1.057252,Normal
26/12/2015 5:53:42 AM,1.025214,Normal
26/12/2015 5:54:42 AM,1.057252,Normal
26/12/2015 5:55:42 AM,1.08929,Normal
26/12/2015 5:56:42 AM,1.057252,Normal
26/12/2015 5:57:42 AM,1.057252,Normal
26/12/2015 5:58:42 AM,1.057252,Normal
26/12/2015 5:59:42 AM,1.105309,Normal
26/12/2015 6:00:42 AM,1.041233,Normal
26/12/2015 6:01:42 AM,1.08929,Normal
26/12/2015 6:02:42 AM,1.08929,Normal
26/12/2015 6:03:42 AM,1.169384,Normal
26/12/2015 6:04:42 AM,1.025214,Normal
26/12/2015 6:05:42 AM,1.217441,Normal
26/12/2015 6:06:42 AM,1.057252,Normal
26/12/2015 6:07:42 AM,0.961138,Normal
26/12/2015 6:08:42 AM,1.057252,Normal
26/12/2015 6:09:42 AM,1.009195,Normal
26/12/2015 6:10:42 AM,0.9771569,Normal
26/12/2015 6:11:42 AM,1.057252,Normal
26/12/2015 6:12:42 AM,1.121328,Normal
26/12/2015 6:13:42 AM,1.041233,Normal
26/12/2015 6:14:42 AM,1.057252,Normal
26/12/2015 6:15:42 AM,1.041233,Normal
26/12/2015 6:16:42 AM,1.08929,Normal
26/12/2015 6:17:42 AM,1.057252,Normal
26/12/2015 6:18:42 AM,1.057252,Normal
26/12/2015 6:19:42 AM,1.041233,Normal
26/12/2015 6:20:42 AM,1.041233,Normal
26/12/2015 6:21:42 AM,1.025214,Normal
26/12/2015 6:22:42 AM,1.041233,Normal
26/12/2015 6:23:42 AM,1.025214,Normal
26/12/2015 6:24:42 AM,0.945119,Normal
26/12/2015 6:25:42 AM,1.105309,Normal
26/12/2015 6:26:42 AM,1.08929,Normal
26/12/2015 6:27:42 AM,1.025214,Normal
26/12/2015 6:28:42 AM,1.009195,Normal
26/12/2015 6:29:42 AM,1.08929,Normal
26/12/2015 6:30:42 AM,1.105309,Normal
26/12/2015 6:31:42 AM,1.025214,Normal
26/12/2015 6:32:42 AM,1.105309,Normal
26/12/2015 6:33:42 AM,1.08929,Normal
26/12/2015 6:34:42 AM,1.105309,Normal
26/12/2015 6:35:42 AM,1.041233,Normal
26/12/2015 6:36:42 AM,1.025214,Normal
26/12/2015 6:37:42 AM,1.009195,Normal
26/12/2015 6:38:42 AM,1.08929,Normal
26/12/2015 6:39:42 AM,1.121328,Normal
26/12/2015 6:40:42 AM,1.057252,Normal
26/12/2015 6:41:42 AM,1.057252,Normal
26/12/2015 6:42:42 AM,1.08929,Normal
26/12/2015 6:43:42 AM,1.057252,Normal
26/12/2015 6:44:42 AM,0.9771569,Normal
26/12/2015 6:45:42 AM,1.201422,Normal
26/12/2015 6:46:42 AM,1.041233,Normal
26/12/2015 6:47:42 AM,1.057252,Normal
26/12/2015 6:48:42 AM,1.137347,Normal
26/12/2015 6:49:42 AM,1.121328,Normal
26/12/2015 6:50:42 AM,1.08929,Normal
26/12/2015 6:51:42 AM,1.121328,Normal
26/12/2015 6:52:42 AM,1.105309,Normal
26/12/2015 6:53:42 AM,1.121328,Normal
26/12/2015 6:54:42 AM,1.169384,Normal
26/12/2015 6:55:42 AM,1.057252,Normal
26/12/2015 6:56:42 AM,1.08929,Normal
26/12/2015 6:57:42 AM,0.945119,Normal
26/12/2015 6:58:42 AM,1.041233,Normal
26/12/2015 6:59:42 AM,1.08929,Normal
26/12/2015 7:00:42 AM,1.08929,Normal
26/12/2015 7:01:42 AM,1.057252,Normal
26/12/2015 7:02:42 AM,1.105309,Normal
26/12/2015 7:03:42 AM,1.121328,Normal
26/12/2015 7:04:42 AM,1.08929,Normal
26/12/2015 7:05:42 AM,1.057252,Normal
26/12/2015 7:06:42 AM,1.185403,Normal
26/12/2015 7:07:42 AM,1.041233,Normal
26/12/2015 7:08:42 AM,1.121328,Normal
26/12/2015 7:09:42 AM,1.08929,Normal
26/12/2015 7:10:42 AM,1.041233,Normal
26/12/2015 7:11:42 AM,1.08929,Normal
26/12/2015 7:12:42 AM,1.08929,Normal
26/12/2015 7:13:42 AM,1.041233,Normal
26/12/2015 7:14:42 AM,1.057252,Normal
26/12/2015 7:15:42 AM,1.041233,Normal
26/12/2015 7:16:42 AM,1.137347,Normal
26/12/2015 7:17:42 AM,1.105309,Normal
26/12/2015 7:18:42 AM,1.105309,Normal
26/12/2015 7:19:42 AM,1.185403,Normal
26/12/2015 7:20:42 AM,1.169384,Normal
26/12/2015 7:21:42 AM,1.121328,Normal
26/12/2015 7:22:42 AM,1.105309,Normal
26/12/2015 7:23:42 AM,1.137347,Normal
26/12/2015 7:24:42 AM,1.105309,Normal
26/12/2015 7:25:42 AM,1.08929,Normal
26/12/2015 7:26:42 AM,1.137347,Normal
26/12/2015 7:27:42 AM,1.105309,Normal
26/12/2015 7:28:42 AM,1.105309,Normal
26/12/2015 7:29:42 AM,1.137347,Normal
26/12/2015 7:30:42 AM,0.9291,Normal
26/12/2015 7:31:42 AM,1.137347,Normal
26/12/2015 7:32:42 AM,1.041233,Normal
26/12/2015 7:33:42 AM,1.169384,Normal
26/12/2015 7:34:42 AM,1.057252,Normal
26/12/2015 7:35:42 AM,1.057252,Normal
26/12/2015 7:36:42 AM,1.105309,Normal
26/12/2015 7:37:42 AM,1.137347,Normal
26/12/2015 7:38:42 AM,1.137347,Normal
26/12/2015 7:39:42 AM,1.105309,Normal
26/12/2015 7:40:42 AM,1.105309,Normal
26/12/2015 7:41:42 AM,1.121328,Normal
26/12/2015 7:42:42 AM,1.137347,Normal
26/12/2015 7:43:42 AM,1.08929,Normal
26/12/2015 7:44:42 AM,1.137347,Normal
26/12/2015 7:45:42 AM,1.057252,Normal
26/12/2015 7:46:42 AM,1.057252,Normal
26/12/2015 7:47:42 AM,1.041233,Normal
26/12/2015 7:48:42 AM,1.08929,Normal
26/12/2015 7:49:42 AM,1.169384,Normal
26/12/2015 7:50:42 AM,1.08929,Normal
26/12/2015 7:51:42 AM,1.057252,Normal
26/12/2015 7:52:42 AM,1.041233,Normal
26/12/2015 7:53:42 AM,1.057252,Normal
26/12/2015 7:54:42 AM,1.041233,Normal
26/12/2015 7:55:42 AM,1.057252,Normal
26/12/2015 7:56:42 AM,1.057252,Normal
26/12/2015 7:57:42 AM,1.08929,Normal
26/12/2015 7:58:42 AM,1.121328,Normal
26/12/2015 7:59:42 AM,1.121328,Normal
26/12/2015 8:00:42 AM,1.169384,Normal
26/12/2015 8:01:42 AM,0.9771569,Normal
26/12/2015 8:02:42 AM,1.057252,Normal
26/12/2015 8:03:42 AM,1.08929,Normal
26/12/2015 8:04:42 AM,1.121328,Normal
26/12/2015 8:05:42 AM,1.025214,Normal
26/12/2015 8:06:42 AM,1.08929,Normal
26/12/2015 8:07:42 AM,1.08929,Normal
26/12/2015 8:08:42 AM,1.057252,Normal
26/12/2015 8:09:42 AM,1.057252,Normal
26/12/2015 8:10:42 AM,1.057252,Normal
26/12/2015 8:11:42 AM,1.121328,Normal
26/12/2015 8:12:42 AM,1.041233,Normal
26/12/2015 8:13:42 AM,1.041233,Normal
26/12/2015 8:14:42 AM,1.121328,Normal
26/12/2015 8:15:42 AM,1.057252,Normal
26/12/2015 8:16:42 AM,1.025214,Normal
26/12/2015 8:17:42 AM,1.121328,Normal
26/12/2015 8:18:42 AM,1.08929,Normal
26/12/2015 8:19:42 AM,1.137347,Normal
26/12/2015 8:20:42 AM,1.025214,Normal
26/12/2015 8:21:42 AM,1.041233,Normal
26/12/2015 8:22:42 AM,1.137347,Normal
26/12/2015 8:23:42 AM,1.137347,Normal
26/12/2015 8:24:42 AM,1.105309,Normal
26/12/2015 8:25:42 AM,1.08929,Normal
26/12/2015 8:26:42 AM,1.169384,Normal
26/12/2015 8:27:42 AM,1.201422,Normal
26/12/2015 8:28:42 AM,1.121328,Normal
26/12/2015 8:29:42 AM,1.105309,Normal
26/12/2015 8:30:42 AM,1.105309,Normal
26/12/2015 8:31:42 AM,1.057252,Normal
26/12/2015 8:32:42 AM,1.105309,Normal
26/12/2015 8:33:42 AM,1.137347,Normal
26/12/2015 8:34:42 AM,1.105309,Normal
26/12/2015 8:35:42 AM,1.137347,Normal
26/12/2015 8:36:42 AM,1.137347,Normal
26/12/2015 8:37:42 AM,1.105309,Normal
26/12/2015 8:38:42 AM,1.025214,Normal
26/12/2015 8:39:42 AM,1.137347,Normal
26/12/2015 8:40:42 AM,1.201422,Normal
26/12/2015 8:41:42 AM,0.9771569,Normal
26/12/2015 8:42:42 AM,1.057252,Normal
26/12/2015 8:43:42 AM,1.121328,Normal
26/12/2015 8:44:42 AM,1.137347,Normal
26/12/2015 8:45:42 AM,1.041233,Normal
26/12/2015 8:46:42 AM,1.08929,Normal
26/12/2015 8:47:42 AM,0.9291,Normal
26/12/2015 8:48:42 AM,1.08929,Normal
26/12/2015 8:49:42 AM,1.009195,Normal
26/12/2015 8:50:42 AM,1.169384,Normal
26/12/2015 8:51:42 AM,1.121328,Normal
26/12/2015 8:52:42 AM,1.08929,Normal
26/12/2015 8:53:42 AM,1.08929,Normal
26/12/2015 8:54:42 AM,1.057252,Normal
26/12/2015 8:55:42 AM,1.025214,Normal
26/12/2015 8:56:42 AM,1.057252,Normal
26/12/2015 8:57:42 AM,1.105309,Normal
26/12/2015 8:58:42 AM,1.041233,Normal
26/12/2015 8:59:42 AM,1.169384,Normal
26/12/2015 9:00:42 AM,1.041233,Normal
26/12/2015 9:01:42 AM,1.08929,Normal
26/12/2015 9:02:42 AM,1.08929,Normal
26/12/2015 9:03:42 AM,1.137347,Normal
26/12/2015 9:04:42 AM,0.9291,Normal
26/12/2015 9:05:42 AM,1.08929,Normal
26/12/2015 9:06:42 AM,1.08929,Normal
26/12/2015 9:07:42 AM,1.025214,Normal
26/12/2015 9:08:42 AM,1.041233,Normal
26/12/2015 9:09:42 AM,1.025214,Normal
26/12/2015 9:10:42 AM,0.961138,Normal
26/12/2015 9:11:42 AM,1.057252,Normal
26/12/2015 9:12:42 AM,1.057252,Normal
26/12/2015 9:13:42 AM,1.025214,Normal
26/12/2015 9:14:42 AM,1.169384,Normal
26/12/2015 9:15:42 AM,1.217441,Normal
26/12/2015 9:16:42 AM,1.08929,Normal
26/12/2015 9:17:42 AM,0.9771569,Normal
26/12/2015 9:18:42 AM,1.041233,Normal
26/12/2015 9:19:42 AM,1.025214,Normal
26/12/2015 9:20:42 AM,0.9771569,Normal
26/12/2015 9:21:42 AM,1.057252,Normal
26/12/2015 9:22:42 AM,1.041233,Normal
26/12/2015 9:23:42 AM,1.057252,Normal
26/12/2015 9:24:42 AM,1.105309,Normal
26/12/2015 9:25:42 AM,1.169384,Normal
26/12/2015 9:26:42 AM,1.105309,Normal
26/12/2015 9:27:42 AM,1.249479,Normal
26/12/2015 9:28:42 AM,1.185403,Normal
26/12/2015 9:29:42 AM,1.08929,Normal
26/12/2015 9:30:42 AM,1.08929,Normal
26/12/2015 9:31:42 AM,1.041233,Normal
26/12/2015 9:32:42 AM,1.105309,Normal
26/12/2015 9:33:42 AM,1.025214,Normal
26/12/2015 9:34:42 AM,1.185403,Normal
26/12/2015 9:35:42 AM,1.137347,Normal
26/12/2015 9:36:42 AM,1.105309,Normal
26/12/2015 9:37:42 AM,1.105309,Normal
26/12/2015 9:38:42 AM,1.105309,Normal
26/12/2015 9:39:42 AM,1.121328,Normal
26/12/2015 9:40:42 AM,1.121328,Normal
26/12/2015 9:41:42 AM,1.169384,Normal
26/12/2015 9:42:42 AM,1.009195,Normal
26/12/2015 9:43:42 AM,1.105309,Normal
26/12/2015 9:44:42 AM,1.105309,Normal
26/12/2015 9:45:42 AM,1.041233,Normal
26/12/2015 9:46:42 AM,1.121328,Normal
26/12/2015 9:47:42 AM,1.105309,Normal
26/12/2015 9:48:42 AM,1.057252,Normal
26/12/2015 9:49:42 AM,1.041233,Normal
26/12/2015 9:50:42 AM,1.08929,Normal
26/12/2015 9:51:42 AM,1.057252,Normal
26/12/2015 9:52:42 AM,1.105309,Normal
26/12/2015 9:53:42 AM,1.025214,Normal
26/12/2015 9:54:42 AM,1.009195,Normal
26/12/2015 9:55:42 AM,1.025214,Normal
26/12/2015 9:56:42 AM,1.041233,Normal
26/12/2015 9:57:42 AM,1.025214,Normal
26/12/2015 9:58:42 AM,0.9771569,Normal
26/12/2015 9:59:42 AM,0.961138,Normal
26/12/2015 10:00:42 AM,1.057252,Normal
26/12/2015 10:01:42 AM,1.08929,Normal
26/12/2015 10:02:42 AM,1.057252,Normal
26/12/2015 10:03:42 AM,1.041233,Normal
26/12/2015 10:04:42 AM,1.121328,Normal
26/12/2015 10:05:42 AM,1.041233,Normal
26/12/2015 10:06:42 AM,1.025214,Normal
26/12/2015 10:07:42 AM,0.961138,Normal
26/12/2015 10:08:42 AM,1.169384,Normal
26/12/2015 10:09:42 AM,1.121328,Normal
26/12/2015 10:10:42 AM,1.08929,Normal
26/12/2015 10:11:42 AM,1.041233,Normal
26/12/2015 10:12:42 AM,1.041233,Normal
26/12/2015 10:13:42 AM,1.08929,Normal
26/12/2015 10:14:42 AM,1.041233,Normal
26/12/2015 10:15:42 AM,1.105309,Normal
26/12/2015 10:16:42 AM,1.057252,Normal
26/12/2015 10:17:42 AM,1.009195,Normal
26/12/2015 10:18:42 AM,1.105309,Normal
26/12/2015 10:19:42 AM,1.137347,Normal
26/12/2015 10:20:42 AM,1.121328,Normal
26/12/2015 10:21:42 AM,1.08929,Normal
26/12/2015 10:22:42 AM,1.041233,Normal
26/12/2015 10:23:42 AM,1.121328,Normal
26/12/2015 10:24:42 AM,1.121328,Normal
26/12/2015 10:25:42 AM,1.169384,Normal
26/12/2015 10:26:42 AM,1.121328,Normal
26/12/2015 10:27:42 AM,1.057252,Normal
26/12/2015 10:28:42 AM,0.961138,Normal
26/12/2015 10:29:42 AM,1.08929,Normal
26/12/2015 10:30:42 AM,1.025214,Normal
26/12/2015 10:31:42 AM,1.041233,Normal
26/12/2015 10:32:42 AM,1.137347,Normal
26/12/2015 10:33:42 AM,1.169384,Normal
26/12/2015 10:34:42 AM,1.057252,Normal
26/12/2015 10:35:42 AM,1.185403,Normal
26/12/2015 10:36:42 AM,1.025214,Normal
26/12/2015 10:37:42 AM,0.9771569,Normal
26/12/2015 10:38:42 AM,1.08929,Normal
26/12/2015 10:39:42 AM,1.057252,Normal
26/12/2015 10:40:42 AM,1.025214,Normal
26/12/2015 10:41:42 AM,1.08929,Normal
26/12/2015 10:42:42 AM,1.009195,Normal
26/12/2015 10:43:42 AM,1.105309,Normal
26/12/2015 10:44:42 AM,1.137347,Normal
26/12/2015 10:45:42 AM,1.121328,Normal
26/12/2015 10:46:42 AM,1.105309,Normal
26/12/2015 10:47:42 AM,1.169384,Normal
26/12/2015 10:48:42 AM,1.121328,Normal
26/12/2015 10:49:42 AM,1.185403,Normal
26/12/2015 10:50:42 AM,1.137347,Normal
26/12/2015 10:51:42 AM,1.201422,Normal
26/12/2015 10:52:42 AM,1.137347,Normal
26/12/2015 10:53:42 AM,1.105309,Normal
26/12/2015 10:54:42 AM,1.121328,Normal
26/12/2015 10:55:42 AM,1.08929,Normal
26/12/2015 10:56:42 AM,1.057252,Normal
26/12/2015 10:57:42 AM,1.121328,Normal
26/12/2015 10:58:42 AM,1.137347,Normal
26/12/2015 10:59:42 AM,1.137347,Normal
26/12/2015 11:00:42 AM,1.041233,Normal
26/12/2015 11:01:42 AM,1.169384,Normal
26/12/2015 11:02:42 AM,1.137347,Normal
26/12/2015 11:03:42 AM,1.025214,Normal
26/12/2015 11:04:42 AM,1.105309,Normal
26/12/2015 11:05:42 AM,1.08929,Normal
26/12/2015 11:06:42 AM,1.025214,Normal
26/12/2015 11:07:42 AM,1.041233,Normal
26/12/2015 11:08:42 AM,1.105309,Normal
26/12/2015 11:09:42 AM,1.041233,Normal
26/12/2015 11:10:42 AM,1.169384,Normal
26/12/2015 11:11:42 AM,1.041233,Normal
26/12/2015 11:12:42 AM,1.025214,Normal
26/12/2015 11:13:42 AM,1.105309,Normal
26/12/2015 11:14:42 AM,1.201422,Normal
26/12/2015 11:15:42 AM,1.169384,Normal
26/12/2015 11:16:42 AM,1.329574,Normal
26/12/2015 11:17:42 AM,1.137347,Normal
26/12/2015 11:18:42 AM,1.105309,Normal
26/12/2015 11:19:42 AM,1.249479,Normal
26/12/2015 11:20:42 AM,1.121328,Normal
26/12/2015 11:21:42 AM,1.105309,Normal
26/12/2015 11:22:42 AM,1.08929,Normal
26/12/2015 11:23:42 AM,1.025214,Normal
26/12/2015 11:24:42 AM,1.121328,Normal
26/12/2015 11:25:42 AM,1.025214,Normal
26/12/2015 11:26:42 AM,1.121328,Normal
26/12/2015 11:27:42 AM,1.169384,Normal
26/12/2015 11:28:42 AM,1.08929,Normal
26/12/2015 11:29:42 AM,1.137347,Normal
26/12/2015 11:30:42 AM,1.105309,Normal
26/12/2015 11:31:42 AM,1.08929,Normal
26/12/2015 11:32:42 AM,1.08929,Normal
26/12/2015 11:33:42 AM,1.08929,Normal
26/12/2015 11:34:42 AM,1.169384,Normal
26/12/2015 11:35:42 AM,1.041233,Normal
26/12/2015 11:36:42 AM,1.121328,Normal
26/12/2015 11:37:42 AM,1.137347,Normal
26/12/2015 11:38:42 AM,1.137347,Normal
26/12/2015 11:39:42 AM,1.057252,Normal
26/12/2015 11:40:42 AM,1.105309,Normal
26/12/2015 11:41:42 AM,1.121328,Normal
26/12/2015 11:42:42 AM,1.185403,Normal
26/12/2015 11:43:42 AM,1.169384,Normal
26/12/2015 11:44:42 AM,1.169384,Normal
26/12/2015 11:45:42 AM,1.169384,Normal
26/12/2015 11:46:42 AM,1.185403,Normal
26/12/2015 11:47:42 AM,1.169384,Normal
26/12/2015 11:48:42 AM,1.169384,Normal
26/12/2015 11:49:42 AM,1.169384,Normal
26/12/2015 11:50:42 AM,1.105309,Normal
26/12/2015 11:51:42 AM,1.169384,Normal
26/12/2015 11:52:42 AM,1.169384,Normal
26/12/2015 11:53:42 AM,1.137347,Normal
26/12/2015 11:54:42 AM,1.185403,Normal
26/12/2015 11:55:42 AM,1.185403,Normal
26/12/2015 11:56:42 AM,1.041233,Normal
26/12/2015 11:57:42 AM,1.169384,Normal
26/12/2015 11:58:42 AM,1.185403,Normal
26/12/2015 11:59:42 AM,1.121328,Normal
26/12/2015 12:00:42 PM,1.201422,Normal
26/12/2015 12:01:42 PM,1.169384,Normal
26/12/2015 12:02:42 PM,1.169384,Normal
26/12/2015 12:03:42 PM,1.201422,Normal
26/12/2015 12:04:42 PM,1.217441,Normal
26/12/2015 12:05:42 PM,1.105309,Normal
26/12/2015 12:06:42 PM,1.185403,Normal
26/12/2015 12:07:42 PM,1.185403,Normal
26/12/2015 12:08:42 PM,1.185403,Normal
26/12/2015 12:09:42 PM,1.169384,Normal
26/12/2015 12:10:42 PM,1.169384,Normal
26/12/2015 12:11:42 PM,1.201422,Normal
26/12/2015 12:12:42 PM,1.185403,Normal
26/12/2015 12:13:42 PM,1.137347,Normal
26/12/2015 12:14:42 PM,1.121328,Normal
26/12/2015 12:15:42 PM,1.041233,Normal
26/12/2015 12:16:42 PM,1.169384,Normal
26/12/2015 12:17:42 PM,1.137347,Normal
26/12/2015 12:18:42 PM,1.169384,Normal
26/12/2015 12:19:42 PM,1.009195,Normal
26/12/2015 12:20:42 PM,1.121328,Normal
26/12/2015 12:21:42 PM,1.137347,Normal
26/12/2015 12:22:42 PM,1.169384,Normal
26/12/2015 12:23:42 PM,1.137347,Normal
26/12/2015 12:24:42 PM,1.08929,Normal
26/12/2015 12:25:42 PM,1.137347,Normal
26/12/2015 12:26:42 PM,1.185403,Normal
26/12/2015 12:27:42 PM,1.105309,Normal
26/12/2015 12:28:42 PM,1.185403,Normal
26/12/2015 12:29:42 PM,1.201422,Normal
26/12/2015 12:30:42 PM,1.169384,Normal
26/12/2015 12:31:42 PM,1.105309,Normal
26/12/2015 12:32:42 PM,1.185403,Normal
26/12/2015 12:33:42 PM,1.137347,Normal
26/12/2015 12:34:42 PM,1.185403,Normal
26/12/2015 12:35:42 PM,1.169384,Normal
26/12/2015 12:36:42 PM,1.08929,Normal
26/12/2015 12:37:42 PM,1.137347,Normal
26/12/2015 12:38:42 PM,1.137347,Normal
26/12/2015 12:39:42 PM,1.185403,Normal
26/12/2015 12:40:42 PM,1.105309,Normal
26/12/2015 12:41:42 PM,1.137347,Normal
26/12/2015 12:42:42 PM,1.201422,Normal
26/12/2015 12:43:42 PM,1.121328,Normal
26/12/2015 12:44:42 PM,1.137347,Normal
26/12/2015 12:45:42 PM,1.121328,Normal
26/12/2015 12:46:42 PM,1.169384,Normal
26/12/2015 12:47:42 PM,1.137347,Normal
26/12/2015 12:48:42 PM,1.105309,Normal
26/12/2015 12:49:42 PM,1.121328,Normal
26/12/2015 12:50:42 PM,1.201422,Normal
26/12/2015 12:51:42 PM,1.105309,Normal
26/12/2015 12:52:42 PM,1.169384,Normal
26/12/2015 12:53:42 PM,1.169384,Normal
26/12/2015 12:54:42 PM,1.169384,Normal
26/12/2015 12:55:42 PM,1.137347,Normal
26/12/2015 12:56:42 PM,1.137347,Normal
26/12/2015 12:57:42 PM,1.137347,Normal
26/12/2015 12:58:42 PM,1.169384,Normal
26/12/2015 12:59:42 PM,1.169384,Normal
26/12/2015 1:00:42 PM,1.169384,Normal
26/12/2015 1:01:42 PM,1.169384,Normal
26/12/2015 1:02:42 PM,1.169384,Normal
26/12/2015 1:03:42 PM,1.185403,Normal
26/12/2015 1:04:42 PM,1.185403,Normal
26/12/2015 1:05:42 PM,1.169384,Normal
26/12/2015 1:06:42 PM,1.137347,Normal
26/12/2015 1:07:42 PM,1.185403,Normal
26/12/2015 1:08:42 PM,1.185403,Normal
26/12/2015 1:09:42 PM,1.185403,Normal
26/12/2015 1:10:42 PM,1.185403,Normal
26/12/2015 1:11:42 PM,1.185403,Normal
26/12/2015 1:12:42 PM,1.185403,Normal
26/12/2015 1:13:42 PM,1.137347,Normal
26/12/2015 1:14:42 PM,1.185403,Normal
26/12/2015 1:15:42 PM,1.137347,Normal
26/12/2015 1:16:42 PM,1.169384,Normal
26/12/2015 1:17:42 PM,1.169384,Normal
26/12/2015 1:18:42 PM,1.169384,Normal
26/12/2015 1:19:42 PM,1.121328,Normal
26/12/2015 1:20:42 PM,1.185403,Normal
26/12/2015 1:21:42 PM,1.185403,Normal
26/12/2015 1:22:42 PM,1.185403,Normal
26/12/2015 1:23:42 PM,1.137347,Normal
26/12/2015 1:24:42 PM,1.137347,Normal
26/12/2015 1:25:42 PM,1.137347,Normal
26/12/2015 1:26:42 PM,1.009195,Normal
26/12/2015 1:27:42 PM,1.137347,Normal
26/12/2015 1:28:42 PM,1.121328,Normal
26/12/2015 1:29:42 PM,1.057252,Normal
26/12/2015 1:30:42 PM,1.201422,Normal
26/12/2015 1:31:42 PM,1.105309,Normal
26/12/2015 1:32:42 PM,1.137347,Normal
26/12/2015 1:33:42 PM,1.201422,Normal
26/12/2015 1:34:42 PM,1.201422,Normal
26/12/2015 1:35:42 PM,1.041233,Normal
26/12/2015 1:36:42 PM,1.185403,Normal
26/12/2015 1:37:42 PM,1.185403,Normal
26/12/2015 1:38:42 PM,1.185403,Normal
26/12/2015 1:39:42 PM,1.169384,Normal
26/12/2015 1:40:42 PM,1.137347,Normal
26/12/2015 1:41:42 PM,1.217441,Normal
26/12/2015 1:42:42 PM,1.185403,Normal
26/12/2015 1:43:42 PM,1.185403,Normal
26/12/2015 1:44:42 PM,1.201422,Normal
26/12/2015 1:45:42 PM,1.201422,Normal
26/12/2015 1:46:42 PM,1.169384,Normal
26/12/2015 1:47:42 PM,1.169384,Normal
26/12/2015 1:48:42 PM,1.201422,Normal
26/12/2015 1:49:42 PM,1.185403,Normal
26/12/2015 1:50:42 PM,1.185403,Normal
26/12/2015 1:51:42 PM,1.201422,Normal
26/12/2015 1:52:42 PM,1.201422,Normal
26/12/2015 1:53:42 PM,1.185403,Normal
26/12/2015 1:54:42 PM,1.201422,Normal
26/12/2015 1:55:42 PM,1.185403,Normal
26/12/2015 1:56:42 PM,1.201422,Normal
26/12/2015 1:57:42 PM,1.201422,Normal
26/12/2015 1:58:42 PM,1.201422,Normal
26/12/2015 1:59:42 PM,1.201422,Normal
26/12/2015 2:00:42 PM,1.169384,Normal
26/12/2015 2:01:42 PM,1.217441,Normal
26/12/2015 2:02:42 PM,1.169384,Normal
26/12/2015 2:03:42 PM,1.201422,Normal
26/12/2015 2:04:42 PM,1.185403,Normal
26/12/2015 2:05:42 PM,1.185403,Normal
26/12/2015 2:06:42 PM,1.201422,Normal
26/12/2015 2:07:42 PM,1.265498,Normal
26/12/2015 2:08:42 PM,1.249479,Normal
26/12/2015 2:09:42 PM,1.201422,Normal
26/12/2015 2:10:42 PM,1.185403,Normal
26/12/2015 2:11:42 PM,1.201422,Normal
26/12/2015 2:12:42 PM,1.185403,Normal
26/12/2015 2:13:42 PM,1.281517,Normal
26/12/2015 2:14:42 PM,1.121328,Normal
26/12/2015 2:15:42 PM,1.121328,Normal
26/12/2015 2:16:42 PM,1.201422,Normal
26/12/2015 2:17:42 PM,1.185403,Normal
26/12/2015 2:18:42 PM,1.185403,Normal
26/12/2015 2:19:42 PM,1.297536,Normal
26/12/2015 2:20:42 PM,1.185403,Normal
26/12/2015 2:21:42 PM,1.281517,Normal
26/12/2015 2:22:42 PM,1.329574,Normal
26/12/2015 2:23:42 PM,1.297536,Normal
26/12/2015 2:24:42 PM,1.265498,Normal
26/12/2015 2:25:42 PM,1.217441,Normal
26/12/2015 2:26:42 PM,1.281517,Normal
26/12/2015 2:27:42 PM,1.201422,Normal
26/12/2015 2:28:42 PM,1.121328,Normal
26/12/2015 2:29:42 PM,1.217441,Normal
26/12/2015 2:30:42 PM,1.281517,Normal
26/12/2015 2:31:42 PM,1.217441,Normal
26/12/2015 2:32:42 PM,1.265498,Normal
26/12/2015 2:33:42 PM,1.185403,Normal
26/12/2015 2:34:42 PM,1.185403,Normal
26/12/2015 2:35:42 PM,1.201422,Normal
26/12/2015 2:36:42 PM,1.201422,Normal
26/12/2015 2:37:42 PM,1.249479,Normal
26/12/2015 2:38:42 PM,1.169384,Normal
26/12/2015 2:39:42 PM,1.201422,Normal
26/12/2015 2:40:42 PM,1.265498,Normal
26/12/2015 2:41:42 PM,1.297536,Normal
26/12/2015 2:42:42 PM,1.265498,Normal
26/12/2015 2:43:42 PM,1.345593,Normal
26/12/2015 2:44:42 PM,1.201422,Normal
26/12/2015 2:45:42 PM,1.217441,Normal
26/12/2015 2:46:42 PM,1.217441,Normal
26/12/2015 2:47:42 PM,1.185403,Normal
26/12/2015 2:48:42 PM,1.185403,Normal
26/12/2015 2:49:42 PM,1.185403,Normal
26/12/2015 2:50:42 PM,1.249479,Normal
26/12/2015 2:51:42 PM,1.201422,Normal
26/12/2015 2:52:42 PM,1.201422,Normal
26/12/2015 2:53:42 PM,1.249479,Normal
26/12/2015 2:54:42 PM,1.185403,Normal
26/12/2015 2:55:42 PM,1.185403,Normal
26/12/2015 2:56:42 PM,1.185403,Normal
26/12/2015 2:57:42 PM,1.169384,Normal
26/12/2015 2:58:42 PM,1.169384,Normal
26/12/2015 2:59:42 PM,1.217441,Normal
26/12/2015 3:00:42 PM,1.361612,Normal
26/12/2015 3:01:42 PM,1.201422,Normal
26/12/2015 3:02:42 PM,1.201422,Normal
26/12/2015 3:03:42 PM,1.217441,Normal
26/12/2015 3:04:42 PM,1.361612,Normal
26/12/2015 3:05:42 PM,1.201422,Normal
26/12/2015 3:06:42 PM,1.201422,Normal
26/12/2015 3:07:42 PM,1.265498,Normal
26/12/2015 3:08:42 PM,1.201422,Normal
26/12/2015 3:09:42 PM,1.137347,Normal
26/12/2015 3:10:42 PM,1.185403,Normal
26/12/2015 3:11:42 PM,1.265498,Normal
26/12/2015 3:12:42 PM,1.185403,Normal
26/12/2015 3:13:42 PM,1.297536,Normal
26/12/2015 3:14:42 PM,1.249479,Normal
26/12/2015 3:15:42 PM,1.249479,Normal
26/12/2015 3:16:42 PM,1.201422,Normal
26/12/2015 3:17:42 PM,1.201422,Normal
26/12/2015 3:18:42 PM,1.201422,Normal
26/12/2015 3:19:42 PM,1.201422,Normal
26/12/2015 3:20:42 PM,1.201422,Normal
26/12/2015 3:21:42 PM,1.185403,Normal
26/12/2015 3:22:42 PM,1.217441,Normal
26/12/2015 3:23:42 PM,1.217441,Normal
26/12/2015 3:24:42 PM,1.217441,Normal
26/12/2015 3:25:42 PM,1.217441,Normal
26/12/2015 3:26:42 PM,1.201422,Normal
26/12/2015 3:27:42 PM,1.217441,Normal
26/12/2015 3:28:42 PM,1.201422,Normal
26/12/2015 3:29:42 PM,1.185403,Normal
26/12/2015 3:30:42 PM,1.185403,Normal
26/12/2015 3:31:42 PM,1.169384,Normal
26/12/2015 3:32:42 PM,1.169384,Normal
26/12/2015 3:33:42 PM,1.169384,Normal
26/12/2015 3:34:42 PM,1.201422,Normal
26/12/2015 3:35:42 PM,1.201422,Normal
26/12/2015 3:36:42 PM,1.201422,Normal
26/12/2015 3:37:42 PM,1.201422,Normal
26/12/2015 3:38:42 PM,1.217441,Normal
26/12/2015 3:39:42 PM,1.217441,Normal
26/12/2015 3:40:42 PM,1.185403,Normal
26/12/2015 3:41:42 PM,1.265498,Normal
26/12/2015 3:42:42 PM,1.185403,Normal
26/12/2015 3:43:42 PM,1.185403,Normal
26/12/2015 3:44:42 PM,1.169384,Normal
26/12/2015 3:45:42 PM,1.169384,Normal
26/12/2015 3:46:42 PM,1.169384,Normal
26/12/2015 3:47:42 PM,1.201422,Normal
26/12/2015 3:48:42 PM,1.201422,Normal
26/12/2015 3:49:42 PM,1.201422,Normal
26/12/2015 3:50:42 PM,1.249479,Normal
26/12/2015 3:51:42 PM,1.249479,Normal
26/12/2015 3:52:42 PM,1.201422,Normal
26/12/2015 3:53:42 PM,1.217441,Normal
26/12/2015 3:54:42 PM,1.185403,Normal
26/12/2015 3:55:42 PM,1.169384,Normal
26/12/2015 3:56:42 PM,1.185403,Normal
26/12/2015 3:57:42 PM,1.281517,Normal
26/12/2015 3:58:42 PM,1.217441,Normal
26/12/2015 3:59:42 PM,1.201422,Normal
26/12/2015 4:00:42 PM,1.281517,Normal
26/12/2015 4:01:42 PM,1.201422,Normal
26/12/2015 4:02:42 PM,1.201422,Normal
26/12/2015 4:03:42 PM,1.201422,Normal
26/12/2015 4:04:42 PM,1.201422,Normal
26/12/2015 4:05:42 PM,1.169384,Normal
26/12/2015 4:06:42 PM,1.185403,Normal
26/12/2015 4:07:42 PM,1.185403,Normal
26/12/2015 4:08:42 PM,1.185403,Normal
26/12/2015 4:09:42 PM,1.249479,Normal
26/12/2015 4:10:42 PM,1.185403,Normal
26/12/2015 4:11:42 PM,1.185403,Normal
26/12/2015 4:12:42 PM,1.185403,Normal
26/12/2015 4:13:42 PM,1.185403,Normal
26/12/2015 4:14:42 PM,1.185403,Normal
26/12/2015 4:15:42 PM,1.265498,Normal
26/12/2015 4:16:42 PM,1.185403,Normal
26/12/2015 4:17:42 PM,1.185403,Normal
26/12/2015 4:18:42 PM,1.185403,Normal
26/12/2015 4:19:42 PM,1.201422,Normal
26/12/2015 4:20:42 PM,1.137347,Normal
26/12/2015 4:21:42 PM,1.185403,Normal
26/12/2015 4:22:42 PM,1.169384,Normal
26/12/2015 4:23:42 PM,1.201422,Normal
26/12/2015 4:24:42 PM,1.281517,Normal
26/12/2015 4:25:42 PM,1.185403,Normal
26/12/2015 4:26:42 PM,1.185403,Normal
26/12/2015 4:27:42 PM,1.185403,Normal
26/12/2015 4:28:42 PM,1.185403,Normal
26/12/2015 4:29:42 PM,1.169384,Normal
26/12/2015 4:30:42 PM,1.169384,Normal
26/12/2015 4:31:42 PM,1.297536,Normal
26/12/2015 4:32:42 PM,1.265498,Normal
26/12/2015 4:33:42 PM,1.185403,Normal
26/12/2015 4:34:42 PM,1.185403,Normal
26/12/2015 4:35:42 PM,1.169384,Normal
26/12/2015 4:36:42 PM,1.169384,Normal
26/12/2015 4:37:42 PM,1.185403,Normal
26/12/2015 4:38:42 PM,1.185403,Normal
26/12/2015 4:39:42 PM,1.201422,Normal
26/12/2015 4:40:42 PM,1.185403,Normal
26/12/2015 4:41:42 PM,1.169384,Normal
26/12/2015 4:42:42 PM,1.169384,Normal
26/12/2015 4:43:42 PM,1.169384,Normal
26/12/2015 4:44:42 PM,1.185403,Normal
26/12/2015 4:45:42 PM,1.185403,Normal
26/12/2015 4:46:42 PM,1.185403,Normal
26/12/2015 4:47:42 PM,1.185403,Normal
26/12/2015 4:48:42 PM,1.185403,Normal
26/12/2015 4:49:42 PM,1.185403,Normal
26/12/2015 4:50:42 PM,1.169384,Normal
26/12/2015 4:51:42 PM,1.185403,Normal
26/12/2015 4:52:42 PM,1.169384,Normal
26/12/2015 4:53:42 PM,1.201422,Normal
26/12/2015 4:54:42 PM,1.137347,Normal
26/12/2015 4:55:42 PM,1.217441,Normal
26/12/2015 4:56:42 PM,1.137347,Normal
26/12/2015 4:57:42 PM,1.137347,Normal
26/12/2015 4:58:42 PM,1.185403,Normal
26/12/2015 4:59:42 PM,1.137347,Normal
26/12/2015 5:00:42 PM,1.201422,Normal
26/12/2015 5:01:42 PM,1.185403,Normal
26/12/2015 5:02:42 PM,1.169384,Normal
26/12/2015 5:03:42 PM,1.217441,Normal
26/12/2015 5:04:42 PM,1.185403,Normal
26/12/2015 5:05:42 PM,1.169384,Normal
26/12/2015 5:06:42 PM,1.169384,Normal
26/12/2015 5:07:42 PM,1.169384,Normal
26/12/2015 5:08:42 PM,1.185403,Normal
26/12/2015 5:09:42 PM,1.185403,Normal
26/12/2015 5:10:42 PM,1.249479,Normal
26/12/2015 5:11:42 PM,1.185403,Normal
26/12/2015 5:12:42 PM,1.185403,Normal
26/12/2015 5:13:42 PM,1.185403,Normal
26/12/2015 5:14:42 PM,1.185403,Normal
26/12/2015 5:15:42 PM,1.169384,Normal
26/12/2015 5:16:42 PM,1.137347,Normal
26/12/2015 5:17:42 PM,1.137347,Normal
26/12/2015 5:18:42 PM,1.169384,Normal
26/12/2015 5:19:42 PM,1.08929,Normal
26/12/2015 5:20:42 PM,1.185403,Normal
26/12/2015 5:21:42 PM,1.169384,Normal
26/12/2015 5:22:42 PM,1.169384,Normal
26/12/2015 5:23:42 PM,1.169384,Normal
26/12/2015 5:24:42 PM,1.185403,Normal
26/12/2015 5:25:42 PM,1.169384,Normal
26/12/2015 5:26:42 PM,1.169384,Normal
26/12/2015 5:27:42 PM,1.169384,Normal
26/12/2015 5:28:42 PM,1.169384,Normal
26/12/2015 5:29:42 PM,1.009195,Normal
26/12/2015 5:30:42 PM,1.217441,Normal
26/12/2015 5:31:42 PM,1.185403,Normal
26/12/2015 5:32:42 PM,1.185403,Normal
26/12/2015 5:33:42 PM,1.185403,Normal
26/12/2015 5:34:42 PM,1.185403,Normal
26/12/2015 5:35:42 PM,1.185403,Normal
26/12/2015 5:36:42 PM,1.169384,Normal
26/12/2015 5:37:42 PM,1.185403,Normal
26/12/2015 5:38:42 PM,1.169384,Normal
26/12/2015 5:39:42 PM,1.169384,Normal
26/12/2015 5:40:42 PM,1.249479,Normal
26/12/2015 5:41:42 PM,1.169384,Normal
26/12/2015 5:42:42 PM,1.121328,Normal
26/12/2015 5:43:42 PM,1.08929,Normal
26/12/2015 5:44:42 PM,1.137347,Normal
26/12/2015 5:45:42 PM,1.169384,Normal
26/12/2015 5:46:42 PM,1.105309,Normal
26/12/2015 5:47:42 PM,1.169384,Normal
26/12/2015 5:48:42 PM,1.169384,Normal
26/12/2015 5:49:42 PM,1.249479,Normal
26/12/2015 5:50:42 PM,1.105309,Normal
26/12/2015 5:51:42 PM,1.137347,Normal
26/12/2015 5:52:42 PM,1.137347,Normal
26/12/2015 5:53:42 PM,1.169384,Normal
26/12/2015 5:54:42 PM,1.137347,Normal
26/12/2015 5:55:42 PM,1.201422,Normal
26/12/2015 5:56:42 PM,1.121328,Normal
26/12/2015 5:57:42 PM,1.169384,Normal
26/12/2015 5:58:42 PM,1.169384,Normal
26/12/2015 5:59:42 PM,1.185403,Normal
26/12/2015 6:00:42 PM,1.169384,Normal
26/12/2015 6:01:42 PM,1.169384,Normal
26/12/2015 6:02:42 PM,1.169384,Normal
26/12/2015 6:03:42 PM,1.169384,Normal
26/12/2015 6:04:42 PM,1.201422,Normal
26/12/2015 6:05:42 PM,1.201422,Normal
26/12/2015 6:06:42 PM,1.169384,Normal
26/12/2015 6:07:42 PM,1.169384,Normal
26/12/2015 6:08:42 PM,1.201422,Normal
26/12/2015 6:09:42 PM,1.137347,Normal
26/12/2015 6:10:42 PM,1.137347,Normal
26/12/2015 6:11:42 PM,1.169384,Normal
26/12/2015 6:12:42 PM,1.169384,Normal
26/12/2015 6:13:42 PM,1.121328,Normal
26/12/2015 6:14:42 PM,1.169384,Normal
26/12/2015 6:15:42 PM,1.185403,Normal
26/12/2015 6:16:42 PM,1.105309,Normal
26/12/2015 6:17:42 PM,1.185403,Normal
26/12/2015 6:18:42 PM,1.121328,Normal
26/12/2015 6:19:42 PM,1.249479,Normal
26/12/2015 6:20:42 PM,1.169384,Normal
26/12/2015 6:21:42 PM,1.121328,Normal
26/12/2015 6:22:42 PM,1.185403,Normal
26/12/2015 6:23:42 PM,1.169384,Normal
26/12/2015 6:24:42 PM,1.201422,Normal
26/12/2015 6:25:42 PM,1.169384,Normal
26/12/2015 6:26:42 PM,1.137347,Normal
26/12/2015 6:27:42 PM,1.169384,Normal
26/12/2015 6:28:42 PM,1.185403,Normal
26/12/2015 6:29:42 PM,1.137347,Normal
26/12/2015 6:30:42 PM,1.185403,Normal
26/12/2015 6:31:42 PM,1.185403,Normal
26/12/2015 6:32:42 PM,1.121328,Normal
26/12/2015 6:33:42 PM,1.169384,Normal
26/12/2015 6:34:42 PM,1.201422,Normal
26/12/2015 6:35:42 PM,1.169384,Normal
26/12/2015 6:36:42 PM,1.249479,Normal
26/12/2015 6:37:42 PM,1.137347,Normal
26/12/2015 6:38:42 PM,1.169384,Normal
26/12/2015 6:39:42 PM,1.169384,Normal
26/12/2015 6:40:42 PM,1.169384,Normal
26/12/2015 6:41:42 PM,1.217441,Normal
26/12/2015 6:42:42 PM,1.169384,Normal
26/12/2015 6:43:42 PM,1.105309,Normal
26/12/2015 6:44:42 PM,1.169384,Normal
26/12/2015 6:45:42 PM,1.185403,Normal
26/12/2015 6:46:42 PM,1.137347,Normal
26/12/2015 6:47:42 PM,1.137347,Normal
26/12/2015 6:48:42 PM,1.137347,Normal
26/12/2015 6:49:42 PM,1.185403,Normal
26/12/2015 6:50:42 PM,1.185403,Normal
26/12/2015 6:51:42 PM,1.201422,Normal
26/12/2015 6:52:42 PM,1.169384,Normal
26/12/2015 6:53:42 PM,1.105309,Normal
26/12/2015 6:54:42 PM,1.185403,Normal
26/12/2015 6:55:42 PM,1.185403,Normal
26/12/2015 6:56:42 PM,1.265498,Normal
26/12/2015 6:57:42 PM,1.169384,Normal
26/12/2015 6:58:42 PM,1.185403,Normal
26/12/2015 6:59:42 PM,1.137347,Normal
26/12/2015 7:00:42 PM,1.08929,Normal
26/12/2015 7:01:42 PM,1.105309,Normal
26/12/2015 7:02:42 PM,1.105309,Normal
26/12/2015 7:03:42 PM,1.185403,Normal
26/12/2015 7:04:42 PM,1.105309,Normal
26/12/2015 7:05:42 PM,1.137347,Normal
26/12/2015 7:06:42 PM,1.105309,Normal
26/12/2015 7:07:42 PM,1.121328,Normal
26/12/2015 7:08:42 PM,1.169384,Normal
26/12/2015 7:09:42 PM,1.137347,Normal
26/12/2015 7:10:42 PM,1.185403,Normal
26/12/2015 7:11:42 PM,1.08929,Normal
26/12/2015 7:12:42 PM,1.057252,Normal
26/12/2015 7:13:42 PM,1.185403,Normal
26/12/2015 7:14:42 PM,1.121328,Normal
26/12/2015 7:15:42 PM,1.201422,Normal
26/12/2015 7:16:42 PM,1.121328,Normal
26/12/2015 7:17:42 PM,1.185403,Normal
26/12/2015 7:18:42 PM,1.121328,Normal
26/12/2015 7:19:42 PM,1.201422,Normal
26/12/2015 7:20:42 PM,1.169384,Normal
26/12/2015 7:21:42 PM,1.121328,Normal
26/12/2015 7:22:42 PM,1.185403,Normal
26/12/2015 7:23:42 PM,1.137347,Normal
26/12/2015 7:24:42 PM,1.08929,Normal
26/12/2015 7:25:42 PM,1.105309,Normal
26/12/2015 7:26:42 PM,1.105309,Normal
26/12/2015 7:27:42 PM,1.169384,Normal
26/12/2015 7:28:42 PM,1.121328,Normal
26/12/2015 7:29:42 PM,1.121328,Normal
26/12/2015 7:30:42 PM,1.249479,Normal
26/12/2015 7:31:42 PM,1.137347,Normal
26/12/2015 7:32:42 PM,1.185403,Normal
26/12/2015 7:33:42 PM,1.137347,Normal
26/12/2015 7:34:42 PM,1.08929,Normal
26/12/2015 7:35:42 PM,1.169384,Normal
26/12/2015 7:36:42 PM,1.08929,Normal
26/12/2015 7:37:42 PM,1.137347,Normal
26/12/2015 7:38:42 PM,1.185403,Normal
26/12/2015 7:39:42 PM,1.121328,Normal
26/12/2015 7:40:42 PM,1.137347,Normal
26/12/2015 7:41:42 PM,1.169384,Normal
26/12/2015 7:42:42 PM,1.185403,Normal
26/12/2015 7:43:42 PM,1.201422,Normal
26/12/2015 7:44:42 PM,1.137347,Normal
26/12/2015 7:45:42 PM,1.08929,Normal
26/12/2015 7:46:42 PM,1.08929,Normal
26/12/2015 7:47:42 PM,1.121328,Normal
26/12/2015 7:48:42 PM,1.121328,Normal
26/12/2015 7:49:42 PM,1.121328,Normal
26/12/2015 7:50:42 PM,1.169384,Normal
26/12/2015 7:51:42 PM,1.201422,Normal
26/12/2015 7:52:42 PM,1.121328,Normal
26/12/2015 7:53:42 PM,1.105309,Normal
26/12/2015 7:54:42 PM,1.009195,Normal
26/12/2015 7:55:42 PM,1.137347,Normal
26/12/2015 7:56:42 PM,1.057252,Normal
26/12/2015 7:57:42 PM,1.169384,Normal
26/12/2015 7:58:42 PM,1.169384,Normal
26/12/2015 7:59:42 PM,1.169384,Normal
26/12/2015 8:00:42 PM,1.08929,Normal
26/12/2015 8:01:42 PM,1.185403,Normal
26/12/2015 8:02:42 PM,1.137347,Normal
26/12/2015 8:03:42 PM,1.169384,Normal
26/12/2015 8:04:42 PM,1.169384,Normal
26/12/2015 8:05:42 PM,1.121328,Normal
26/12/2015 8:06:42 PM,1.169384,Normal
26/12/2015 8:07:42 PM,1.137347,Normal
26/12/2015 8:08:42 PM,1.185403,Normal
26/12/2015 8:09:42 PM,1.121328,Normal
26/12/2015 8:10:42 PM,1.281517,Normal
26/12/2015 8:11:42 PM,1.137347,Normal
26/12/2015 8:12:42 PM,1.137347,Normal
26/12/2015 8:13:42 PM,1.169384,Normal
26/12/2015 8:14:42 PM,1.137347,Normal
26/12/2015 8:15:42 PM,1.169384,Normal
26/12/2015 8:16:42 PM,1.169384,Normal
26/12/2015 8:17:42 PM,1.137347,Normal
26/12/2015 8:18:42 PM,1.201422,Normal
26/12/2015 8:19:42 PM,1.121328,Normal
26/12/2015 8:20:42 PM,1.08929,Normal
26/12/2015 8:21:42 PM,1.121328,Normal
26/12/2015 8:22:42 PM,1.08929,Normal
26/12/2015 8:23:42 PM,1.105309,Normal
26/12/2015 8:24:42 PM,1.057252,Normal
26/12/2015 8:25:42 PM,1.137347,Normal
26/12/2015 8:26:42 PM,1.185403,Normal
26/12/2015 8:27:42 PM,1.121328,Normal
26/12/2015 8:28:42 PM,1.185403,Normal
26/12/2015 8:29:42 PM,1.105309,Normal
26/12/2015 8:30:42 PM,1.169384,Normal
26/12/2015 8:31:42 PM,1.169384,Normal
26/12/2015 8:32:42 PM,1.169384,Normal
26/12/2015 8:33:42 PM,1.169384,Normal
26/12/2015 8:34:42 PM,1.137347,Normal
26/12/2015 8:35:42 PM,1.105309,Normal
26/12/2015 8:36:42 PM,1.137347,Normal
26/12/2015 8:37:42 PM,1.041233,Normal
26/12/2015 8:38:42 PM,1.057252,Normal
26/12/2015 8:39:42 PM,1.121328,Normal
26/12/2015 8:40:42 PM,1.041233,Normal
26/12/2015 8:41:42 PM,1.025214,Normal
26/12/2015 8:42:42 PM,1.105309,Normal
26/12/2015 8:43:42 PM,1.08929,Normal
26/12/2015 8:44:42 PM,1.105309,Normal
26/12/2015 8:45:42 PM,1.137347,Normal
26/12/2015 8:46:42 PM,1.137347,Normal
26/12/2015 8:47:42 PM,1.169384,Normal
26/12/2015 8:48:42 PM,1.121328,Normal
26/12/2015 8:49:42 PM,1.08929,Normal
26/12/2015 8:50:42 PM,1.105309,Normal
26/12/2015 8:51:42 PM,1.105309,Normal
26/12/2015 8:52:42 PM,0.945119,Normal
26/12/2015 8:53:42 PM,1.041233,Normal
26/12/2015 8:54:42 PM,1.08929,Normal
26/12/2015 8:55:42 PM,1.057252,Normal
26/12/2015 8:56:42 PM,1.121328,Normal
26/12/2015 8:57:42 PM,1.041233,Normal
26/12/2015 8:58:42 PM,1.169384,Normal
26/12/2015 8:59:42 PM,1.169384,Normal
26/12/2015 9:00:42 PM,1.041233,Normal
26/12/2015 9:01:42 PM,1.185403,Normal
26/12/2015 9:02:42 PM,1.169384,Normal
26/12/2015 9:03:42 PM,1.057252,Normal
26/12/2015 9:04:42 PM,1.169384,Normal
26/12/2015 9:05:42 PM,1.137347,Normal
26/12/2015 9:06:42 PM,1.169384,Normal
26/12/2015 9:07:42 PM,1.121328,Normal
26/12/2015 9:08:42 PM,1.121328,Normal
26/12/2015 9:09:42 PM,1.105309,Normal
26/12/2015 9:10:42 PM,1.105309,Normal
26/12/2015 9:11:42 PM,1.105309,Normal
26/12/2015 9:12:42 PM,1.105309,Normal
26/12/2015 9:13:42 PM,1.185403,Normal
26/12/2015 9:14:42 PM,1.057252,Normal
26/12/2015 9:15:42 PM,1.201422,Normal
26/12/2015 9:16:42 PM,1.105309,Normal
26/12/2015 9:17:42 PM,1.201422,Normal
26/12/2015 9:18:42 PM,1.08929,Normal
26/12/2015 9:19:42 PM,1.08929,Normal
26/12/2015 9:20:42 PM,1.105309,Normal
26/12/2015 9:21:42 PM,1.105309,Normal
26/12/2015 9:22:42 PM,1.169384,Normal
26/12/2015 9:23:42 PM,1.217441,Normal
26/12/2015 9:24:42 PM,1.169384,Normal
26/12/2015 9:25:42 PM,1.105309,Normal
26/12/2015 9:26:42 PM,1.137347,Normal
26/12/2015 9:27:42 PM,1.121328,Normal
26/12/2015 9:28:42 PM,1.169384,Normal
26/12/2015 9:29:42 PM,1.121328,Normal
26/12/2015 9:30:42 PM,1.185403,Normal
26/12/2015 9:31:42 PM,1.185403,Normal
26/12/2015 9:32:42 PM,1.169384,Normal
26/12/2015 9:33:42 PM,1.105309,Normal
26/12/2015 9:34:42 PM,1.105309,Normal
26/12/2015 9:35:42 PM,1.137347,Normal
26/12/2015 9:36:42 PM,1.08929,Normal
26/12/2015 9:37:42 PM,1.121328,Normal
26/12/2015 9:38:42 PM,1.137347,Normal
26/12/2015 9:39:42 PM,1.121328,Normal
26/12/2015 9:40:42 PM,1.121328,Normal
26/12/2015 9:41:42 PM,1.169384,Normal
26/12/2015 9:42:42 PM,1.169384,Normal
26/12/2015 9:43:42 PM,1.137347,Normal
26/12/2015 9:44:42 PM,1.137347,Normal
26/12/2015 9:45:42 PM,1.105309,Normal
26/12/2015 9:46:42 PM,1.121328,Normal
26/12/2015 9:47:42 PM,1.08929,Normal
26/12/2015 9:48:42 PM,1.121328,Normal
26/12/2015 9:49:42 PM,1.121328,Normal
26/12/2015 9:50:42 PM,1.025214,Normal
26/12/2015 9:51:42 PM,1.185403,Normal
26/12/2015 9:52:42 PM,1.185403,Normal
26/12/2015 9:53:42 PM,1.121328,Normal
26/12/2015 9:54:42 PM,1.169384,Normal
26/12/2015 9:55:42 PM,1.137347,Normal
26/12/2015 9:56:42 PM,1.121328,Normal
26/12/2015 9:57:42 PM,1.08929,Normal
26/12/2015 9:58:42 PM,1.137347,Normal
26/12/2015 9:59:42 PM,1.105309,Normal
26/12/2015 10:00:42 PM,1.121328,Normal
26/12/2015 10:01:42 PM,1.105309,Normal
26/12/2015 10:02:42 PM,1.137347,Normal
26/12/2015 10:03:42 PM,1.137347,Normal
26/12/2015 10:04:42 PM,1.137347,Normal
26/12/2015 10:05:42 PM,1.169384,Normal
26/12/2015 10:06:42 PM,1.08929,Normal
26/12/2015 10:07:42 PM,1.137347,Normal
26/12/2015 10:08:42 PM,1.08929,Normal
26/12/2015 10:09:42 PM,1.121328,Normal
26/12/2015 10:10:42 PM,1.137347,Normal
26/12/2015 10:11:42 PM,1.137347,Normal
26/12/2015 10:12:42 PM,1.137347,Normal
26/12/2015 10:13:42 PM,1.121328,Normal
26/12/2015 10:14:42 PM,1.137347,Normal
26/12/2015 10:15:42 PM,1.121328,Normal
26/12/2015 10:16:42 PM,1.025214,Normal
26/12/2015 10:17:42 PM,1.137347,Normal
26/12/2015 10:18:42 PM,1.057252,Normal
26/12/2015 10:19:42 PM,1.201422,Normal
26/12/2015 10:20:42 PM,1.121328,Normal
26/12/2015 10:21:42 PM,1.121328,Normal
26/12/2015 10:22:42 PM,1.08929,Normal
26/12/2015 10:23:42 PM,1.137347,Normal
26/12/2015 10:24:42 PM,1.169384,Normal
26/12/2015 10:25:42 PM,1.137347,Normal
26/12/2015 10:26:42 PM,1.137347,Normal
26/12/2015 10:27:42 PM,1.137347,Normal
26/12/2015 10:28:42 PM,1.08929,Normal
26/12/2015 10:29:42 PM,1.217441,Normal
26/12/2015 10:30:42 PM,1.137347,Normal
26/12/2015 10:31:42 PM,1.137347,Normal
26/12/2015 10:32:42 PM,1.041233,Normal
26/12/2015 10:33:42 PM,1.105309,Normal
26/12/2015 10:34:42 PM,1.121328,Normal
26/12/2015 10:35:42 PM,1.009195,Normal
26/12/2015 10:36:42 PM,1.121328,Normal
26/12/2015 10:37:42 PM,1.057252,Normal
26/12/2015 10:38:42 PM,1.057252,Normal
26/12/2015 10:39:42 PM,1.105309,Normal
26/12/2015 10:40:42 PM,1.137347,Normal
26/12/2015 10:41:42 PM,1.105309,Normal
26/12/2015 10:42:42 PM,1.121328,Normal
26/12/2015 10:43:42 PM,1.057252,Normal
26/12/2015 10:44:42 PM,1.137347,Normal
26/12/2015 10:45:42 PM,1.041233,Normal
26/12/2015 10:46:42 PM,1.041233,Normal
26/12/2015 10:47:42 PM,1.105309,Normal
26/12/2015 10:48:42 PM,1.041233,Normal
26/12/2015 10:49:42 PM,1.169384,Normal
26/12/2015 10:50:42 PM,1.105309,Normal
26/12/2015 10:51:42 PM,1.137347,Normal
26/12/2015 10:52:42 PM,1.105309,Normal
26/12/2015 10:53:42 PM,0.9771569,Normal
26/12/2015 10:54:42 PM,1.121328,Normal
26/12/2015 10:55:42 PM,1.057252,Normal
26/12/2015 10:56:42 PM,1.121328,Normal
26/12/2015 10:57:42 PM,1.08929,Normal
26/12/2015 10:58:42 PM,1.041233,Normal
26/12/2015 10:59:42 PM,1.025214,Normal
26/12/2015 11:00:42 PM,1.025214,Normal
26/12/2015 11:01:42 PM,1.185403,Normal
26/12/2015 11:02:42 PM,1.041233,Normal
26/12/2015 11:03:42 PM,1.025214,Normal
26/12/2015 11:04:42 PM,1.041233,Normal
26/12/2015 11:05:42 PM,0.9771569,Normal
26/12/2015 11:06:42 PM,1.08929,Normal
26/12/2015 11:07:42 PM,1.08929,Normal
26/12/2015 11:08:42 PM,1.041233,Normal
26/12/2015 11:09:42 PM,1.041233,Normal
26/12/2015 11:10:42 PM,1.137347,Normal
26/12/2015 11:11:42 PM,1.185403,Normal
26/12/2015 11:12:42 PM,1.057252,Normal
26/12/2015 11:13:42 PM,1.025214,Normal
26/12/2015 11:14:42 PM,1.041233,Normal
26/12/2015 11:15:42 PM,1.057252,Normal
26/12/2015 11:16:42 PM,1.009195,Normal
26/12/2015 11:17:42 PM,1.041233,Normal
26/12/2015 11:18:42 PM,1.041233,Normal
26/12/2015 11:19:42 PM,1.169384,Normal
26/12/2015 11:20:42 PM,0.9291,Normal
26/12/2015 11:21:42 PM,1.041233,Normal
26/12/2015 11:22:42 PM,1.169384,Normal
26/12/2015 11:23:42 PM,1.041233,Normal
26/12/2015 11:24:42 PM,1.057252,Normal
26/12/2015 11:25:42 PM,1.08929,Normal
26/12/2015 11:26:42 PM,1.08929,Normal
26/12/2015 11:27:42 PM,1.105309,Normal
26/12/2015 11:28:42 PM,1.041233,Normal
26/12/2015 11:29:42 PM,1.08929,Normal
26/12/2015 11:30:42 PM,1.137347,Normal
26/12/2015 11:31:42 PM,1.137347,Normal
26/12/2015 11:32:42 PM,1.08929,Normal
26/12/2015 11:33:42 PM,0.961138,Normal
26/12/2015 11:34:42 PM,1.105309,Normal
26/12/2015 11:35:42 PM,1.121328,Normal
26/12/2015 11:36:42 PM,1.057252,Normal
26/12/2015 11:37:42 PM,1.041233,Normal
26/12/2015 11:38:42 PM,1.08929,Normal
26/12/2015 11:39:42 PM,0.945119,Normal
26/12/2015 11:40:42 PM,1.185403,Normal
26/12/2015 11:41:42 PM,1.041233,Normal
26/12/2015 11:42:42 PM,1.025214,Normal
26/12/2015 11:43:42 PM,1.041233,Normal
26/12/2015 11:44:42 PM,1.009195,Normal
26/12/2015 11:45:42 PM,1.08929,Normal
26/12/2015 11:46:42 PM,1.009195,Normal
26/12/2015 11:47:42 PM,1.025214,Normal
26/12/2015 11:48:42 PM,1.08929,Normal
26/12/2015 11:49:42 PM,1.057252,Normal
26/12/2015 11:50:42 PM,1.137347,Normal
26/12/2015 11:51:42 PM,1.025214,Normal
26/12/2015 11:52:42 PM,1.08929,Normal
26/12/2015 11:53:42 PM,1.041233,Normal
26/12/2015 11:54:42 PM,1.041233,Normal
26/12/2015 11:55:42 PM,1.041233,Normal
26/12/2015 11:56:42 PM,1.041233,Normal
26/12/2015 11:57:42 PM,1.08929,Normal
26/12/2015 11:58:42 PM,1.08929,Normal
26/12/2015 11:59:42 PM,1.105309,Normal
27/12/2015 12:00:42 AM,1.105309,Normal
27/12/2015 12:01:42 AM,0.961138,Normal
27/12/2015 12:02:42 AM,1.105309,Normal
27/12/2015 12:03:42 AM,1.08929,Normal
27/12/2015 12:04:42 AM,1.105309,Normal
27/12/2015 12:05:42 AM,1.057252,Normal
27/12/2015 12:06:42 AM,1.105309,Normal
27/12/2015 12:07:42 AM,1.105309,Normal
27/12/2015 12:08:42 AM,1.057252,Normal
27/12/2015 12:09:42 AM,1.057252,Normal
27/12/2015 12:10:42 AM,0.9291,Normal
27/12/2015 12:11:42 AM,1.169384,Normal
27/12/2015 12:12:42 AM,1.169384,Normal
27/12/2015 12:13:42 AM,1.137347,Normal
27/12/2015 12:14:42 AM,1.121328,Normal
27/12/2015 12:15:42 AM,1.105309,Normal
27/12/2015 12:16:42 AM,1.169384,Normal
27/12/2015 12:17:42 AM,1.041233,Normal
27/12/2015 12:18:42 AM,1.105309,Normal
27/12/2015 12:19:42 AM,1.025214,Normal
27/12/2015 12:20:42 AM,1.041233,Normal
27/12/2015 12:21:42 AM,1.08929,Normal
27/12/2015 12:22:42 AM,1.025214,Normal
27/12/2015 12:23:42 AM,1.169384,Normal
27/12/2015 12:24:42 AM,1.08929,Normal
27/12/2015 12:25:42 AM,1.105309,Normal
27/12/2015 12:26:42 AM,1.121328,Normal
27/12/2015 12:27:42 AM,1.105309,Normal
27/12/2015 12:28:42 AM,1.057252,Normal
27/12/2015 12:29:42 AM,1.105309,Normal
27/12/2015 12:30:42 AM,1.137347,Normal
27/12/2015 12:31:42 AM,0.9771569,Normal
27/12/2015 12:32:42 AM,1.185403,Normal
27/12/2015 12:33:42 AM,1.057252,Normal
27/12/2015 12:34:42 AM,1.105309,Normal
27/12/2015 12:35:42 AM,1.08929,Normal
27/12/2015 12:36:42 AM,1.08929,Normal
27/12/2015 12:37:42 AM,1.041233,Normal
27/12/2015 12:38:42 AM,1.025214,Normal
27/12/2015 12:39:42 AM,1.041233,Normal
27/12/2015 12:40:42 AM,1.137347,Normal
27/12/2015 12:41:42 AM,0.9771569,Normal
27/12/2015 12:42:42 AM,1.169384,Normal
27/12/2015 12:43:42 AM,1.105309,Normal
27/12/2015 12:44:42 AM,1.041233,Normal
27/12/2015 12:45:42 AM,1.057252,Normal
27/12/2015 12:46:42 AM,1.137347,Normal
27/12/2015 12:47:42 AM,1.057252,Normal
27/12/2015 12:48:42 AM,1.009195,Normal
27/12/2015 12:49:42 AM,1.009195,Normal
27/12/2015 12:50:42 AM,1.025214,Normal
27/12/2015 12:51:42 AM,1.121328,Normal
27/12/2015 12:52:42 AM,0.945119,Normal
27/12/2015 12:53:42 AM,1.08929,Normal
27/12/2015 12:54:42 AM,1.105309,Normal
27/12/2015 12:55:42 AM,1.105309,Normal
27/12/2015 12:56:42 AM,1.041233,Normal
27/12/2015 12:57:42 AM,1.105309,Normal
27/12/2015 12:58:42 AM,1.057252,Normal
27/12/2015 12:59:42 AM,1.105309,Normal
27/12/2015 1:00:42 AM,1.009195,Normal
27/12/2015 1:01:42 AM,1.009195,Normal
27/12/2015 1:02:42 AM,1.185403,Normal
27/12/2015 1:03:42 AM,1.121328,Normal
27/12/2015 1:04:42 AM,1.057252,Normal
27/12/2015 1:05:42 AM,1.025214,Normal
27/12/2015 1:06:42 AM,1.169384,Normal
27/12/2015 1:07:42 AM,1.041233,Normal
27/12/2015 1:08:42 AM,1.057252,Normal
27/12/2015 1:09:42 AM,1.08929,Normal
27/12/2015 1:10:42 AM,1.08929,Normal
27/12/2015 1:11:42 AM,1.025214,Normal
27/12/2015 1:12:42 AM,1.08929,Normal
27/12/2015 1:13:42 AM,1.08929,Normal
27/12/2015 1:14:42 AM,1.105309,Normal
27/12/2015 1:15:42 AM,1.025214,Normal
27/12/2015 1:16:42 AM,1.041233,Normal
27/12/2015 1:17:42 AM,1.08929,Normal
27/12/2015 1:18:42 AM,1.009195,Normal
27/12/2015 1:19:42 AM,1.08929,Normal
27/12/2015 1:20:42 AM,1.08929,Normal
27/12/2015 1:21:42 AM,1.041233,Normal
27/12/2015 1:22:42 AM,1.041233,Normal
27/12/2015 1:23:42 AM,1.025214,Normal
27/12/2015 1:24:42 AM,1.025214,Normal
27/12/2015 1:25:42 AM,1.057252,Normal
27/12/2015 1:26:42 AM,0.9771569,Normal
27/12/2015 1:27:42 AM,1.041233,Normal
27/12/2015 1:28:42 AM,1.041233,Normal
27/12/2015 1:29:42 AM,1.169384,Normal
27/12/2015 1:30:42 AM,1.057252,Normal
27/12/2015 1:31:42 AM,1.041233,Normal
27/12/2015 1:32:42 AM,1.057252,Normal
27/12/2015 1:33:42 AM,1.057252,Normal
27/12/2015 1:34:42 AM,1.009195,Normal
27/12/2015 1:35:42 AM,1.041233,Normal
27/12/2015 1:36:42 AM,1.057252,Normal
27/12/2015 1:37:42 AM,1.057252,Normal
27/12/2015 1:38:42 AM,1.041233,Normal
27/12/2015 1:39:42 AM,1.121328,Normal
27/12/2015 1:40:42 AM,1.105309,Normal
27/12/2015 1:41:42 AM,1.057252,Normal
27/12/2015 1:42:42 AM,1.121328,Normal
27/12/2015 1:43:42 AM,1.041233,Normal
27/12/2015 1:44:42 AM,1.025214,Normal
27/12/2015 1:45:42 AM,1.08929,Normal
27/12/2015 1:46:42 AM,1.105309,Normal
27/12/2015 1:47:42 AM,1.121328,Normal
27/12/2015 1:48:42 AM,1.057252,Normal
27/12/2015 1:49:42 AM,1.041233,Normal
27/12/2015 1:50:42 AM,1.105309,Normal
27/12/2015 1:51:42 AM,1.169384,Normal
27/12/2015 1:52:42 AM,1.137347,Normal
27/12/2015 1:53:42 AM,1.041233,Normal
27/12/2015 1:54:42 AM,1.121328,Normal
27/12/2015 1:55:42 AM,1.185403,Normal
27/12/2015 1:56:42 AM,1.041233,Normal
27/12/2015 1:57:42 AM,1.105309,Normal
27/12/2015 1:58:42 AM,1.009195,Normal
27/12/2015 1:59:42 AM,1.08929,Normal
27/12/2015 2:00:42 AM,1.08929,Normal
27/12/2015 2:01:42 AM,1.169384,Normal
27/12/2015 2:02:42 AM,1.057252,Normal
27/12/2015 2:03:42 AM,1.025214,Normal
27/12/2015 2:04:42 AM,1.08929,Normal
27/12/2015 2:05:42 AM,1.281517,Normal
27/12/2015 2:06:42 AM,1.105309,Normal
27/12/2015 2:07:42 AM,1.08929,Normal
27/12/2015 2:08:42 AM,1.08929,Normal
27/12/2015 2:09:42 AM,1.057252,Normal
27/12/2015 2:10:42 AM,1.105309,Normal
27/12/2015 2:11:42 AM,1.105309,Normal
27/12/2015 2:12:42 AM,1.041233,Normal
27/12/2015 2:13:42 AM,1.137347,Normal
27/12/2015 2:14:42 AM,1.121328,Normal
27/12/2015 2:15:42 AM,1.041233,Normal
27/12/2015 2:16:42 AM,1.025214,Normal
27/12/2015 2:17:42 AM,1.025214,Normal
27/12/2015 2:18:42 AM,1.185403,Normal
27/12/2015 2:19:42 AM,1.009195,Normal
27/12/2015 2:20:42 AM,1.137347,Normal
27/12/2015 2:21:42 AM,1.057252,Normal
27/12/2015 2:22:42 AM,1.025214,Normal
27/12/2015 2:23:42 AM,1.08929,Normal
27/12/2015 2:24:42 AM,1.057252,Normal
27/12/2015 2:25:42 AM,1.041233,Normal
27/12/2015 2:26:42 AM,1.057252,Normal
27/12/2015 2:27:42 AM,1.185403,Normal
27/12/2015 2:28:42 AM,1.121328,Normal
27/12/2015 2:29:42 AM,1.137347,Normal
27/12/2015 2:30:42 AM,1.08929,Normal
27/12/2015 2:31:42 AM,1.201422,Normal
27/12/2015 2:32:42 AM,1.121328,Normal
27/12/2015 2:33:42 AM,1.08929,Normal
27/12/2015 2:34:42 AM,1.217441,Normal
27/12/2015 2:35:42 AM,1.105309,Normal
27/12/2015 2:36:42 AM,1.057252,Normal
27/12/2015 2:37:42 AM,1.08929,Normal
27/12/2015 2:38:42 AM,1.041233,Normal
27/12/2015 2:39:42 AM,1.025214,Normal
27/12/2015 2:40:42 AM,1.057252,Normal
27/12/2015 2:41:42 AM,1.025214,Normal
27/12/2015 2:42:42 AM,1.025214,Normal
27/12/2015 2:43:42 AM,1.041233,Normal
27/12/2015 2:44:42 AM,1.041233,Normal
27/12/2015 2:45:42 AM,1.249479,Normal
27/12/2015 2:46:42 AM,1.105309,Normal
27/12/2015 2:47:42 AM,1.121328,Normal
27/12/2015 2:48:42 AM,1.105309,Normal
27/12/2015 2:49:42 AM,1.08929,Normal
27/12/2015 2:50:42 AM,1.137347,Normal
27/12/2015 2:51:42 AM,1.121328,Normal
27/12/2015 2:52:42 AM,1.08929,Normal
27/12/2015 2:53:42 AM,1.137347,Normal
27/12/2015 2:54:42 AM,1.08929,Normal
27/12/2015 2:55:42 AM,1.121328,Normal
27/12/2015 2:56:42 AM,1.08929,Normal
27/12/2015 2:57:42 AM,1.105309,Normal
27/12/2015 2:58:42 AM,1.137347,Normal
27/12/2015 2:59:42 AM,1.105309,Normal
27/12/2015 3:00:42 AM,1.057252,Normal
27/12/2015 3:01:42 AM,1.137347,Normal
27/12/2015 3:02:42 AM,1.169384,Normal
27/12/2015 3:03:42 AM,1.121328,Normal
27/12/2015 3:04:42 AM,1.041233,Normal
27/12/2015 3:05:42 AM,1.041233,Normal
27/12/2015 3:06:42 AM,1.009195,Normal
27/12/2015 3:07:42 AM,1.057252,Normal
27/12/2015 3:08:42 AM,1.121328,Normal
27/12/2015 3:09:42 AM,1.121328,Normal
27/12/2015 3:10:42 AM,1.057252,Normal
27/12/2015 3:11:42 AM,1.041233,Normal
27/12/2015 3:12:42 AM,1.169384,Normal
27/12/2015 3:13:42 AM,1.057252,Normal
27/12/2015 3:14:42 AM,1.105309,Normal
27/12/2015 3:15:42 AM,1.121328,Normal
27/12/2015 3:16:42 AM,1.08929,Normal
27/12/2015 3:17:42 AM,1.105309,Normal
27/12/2015 3:18:42 AM,1.041233,Normal
27/12/2015 3:19:42 AM,1.025214,Normal
27/12/2015 3:20:42 AM,1.041233,Normal
27/12/2015 3:21:42 AM,1.025214,Normal
27/12/2015 3:22:42 AM,1.025214,Normal
27/12/2015 3:23:42 AM,1.08929,Normal
27/12/2015 3:24:42 AM,1.137347,Normal
27/12/2015 3:25:42 AM,1.105309,Normal
27/12/2015 3:26:42 AM,1.009195,Normal
27/12/2015 3:27:42 AM,1.009195,Normal
27/12/2015 3:28:42 AM,1.121328,Normal
27/12/2015 3:29:42 AM,1.137347,Normal
27/12/2015 3:30:42 AM,1.057252,Normal
27/12/2015 3:31:42 AM,1.057252,Normal
27/12/2015 3:32:42 AM,1.201422,Normal
27/12/2015 3:33:42 AM,1.121328,Normal
27/12/2015 3:34:42 AM,1.121328,Normal
27/12/2015 3:35:42 AM,1.137347,Normal
27/12/2015 3:36:42 AM,1.08929,Normal
27/12/2015 3:37:42 AM,1.08929,Normal
27/12/2015 3:38:42 AM,1.121328,Normal
27/12/2015 3:39:42 AM,1.121328,Normal
27/12/2015 3:40:42 AM,1.137347,Normal
27/12/2015 3:41:42 AM,1.201422,Normal
27/12/2015 3:42:42 AM,1.121328,Normal
27/12/2015 3:43:42 AM,0.961138,Normal
27/12/2015 3:44:42 AM,1.185403,Normal
27/12/2015 3:45:42 AM,1.201422,Normal
27/12/2015 3:46:42 AM,1.08929,Normal
27/12/2015 3:47:42 AM,1.041233,Normal
27/12/2015 3:48:42 AM,1.169384,Normal
27/12/2015 3:49:42 AM,1.105309,Normal
27/12/2015 3:50:42 AM,1.201422,Normal
27/12/2015 3:51:42 AM,1.169384,Normal
27/12/2015 3:52:42 AM,1.121328,Normal
27/12/2015 3:53:42 AM,1.137347,Normal
27/12/2015 3:54:42 AM,1.185403,Normal
27/12/2015 3:55:42 AM,1.121328,Normal
27/12/2015 3:56:42 AM,1.105309,Normal
27/12/2015 3:57:42 AM,1.121328,Normal
27/12/2015 3:58:42 AM,1.169384,Normal
27/12/2015 3:59:42 AM,0.961138,Normal
27/12/2015 4:00:42 AM,1.025214,Normal
27/12/2015 4:01:42 AM,1.185403,Normal
27/12/2015 4:02:42 AM,1.105309,Normal
27/12/2015 4:03:42 AM,1.185403,Normal
27/12/2015 4:04:42 AM,1.217441,Normal
27/12/2015 4:05:42 AM,1.201422,Normal
27/12/2015 4:06:42 AM,1.057252,Normal
27/12/2015 4:07:42 AM,1.105309,Normal
27/12/2015 4:08:42 AM,1.137347,Normal
27/12/2015 4:09:42 AM,1.169384,Normal
27/12/2015 4:10:42 AM,1.057252,Normal
27/12/2015 4:11:42 AM,1.121328,Normal
27/12/2015 4:12:42 AM,1.105309,Normal
27/12/2015 4:13:42 AM,1.281517,Normal
27/12/2015 4:14:42 AM,1.08929,Normal
27/12/2015 4:15:42 AM,1.057252,Normal
27/12/2015 4:16:42 AM,1.185403,Normal
27/12/2015 4:17:42 AM,1.169384,Normal
27/12/2015 4:18:42 AM,1.121328,Normal
27/12/2015 4:19:42 AM,1.105309,Normal
27/12/2015 4:20:42 AM,1.08929,Normal
27/12/2015 4:21:42 AM,1.08929,Normal
27/12/2015 4:22:42 AM,1.08929,Normal
27/12/2015 4:23:42 AM,1.137347,Normal
27/12/2015 4:24:42 AM,1.121328,Normal
27/12/2015 4:25:42 AM,1.105309,Normal
27/12/2015 4:26:42 AM,1.137347,Normal
27/12/2015 4:27:42 AM,1.169384,Normal
27/12/2015 4:28:42 AM,1.137347,Normal
27/12/2015 4:29:42 AM,1.105309,Normal
27/12/2015 4:30:42 AM,1.201422,Normal
27/12/2015 4:31:42 AM,1.169384,Normal
27/12/2015 4:32:42 AM,1.169384,Normal
27/12/2015 4:33:42 AM,1.201422,Normal
27/12/2015 4:34:42 AM,1.057252,Normal
27/12/2015 4:35:42 AM,1.169384,Normal
27/12/2015 4:36:42 AM,1.105309,Normal
27/12/2015 4:37:42 AM,1.08929,Normal
27/12/2015 4:38:42 AM,1.105309,Normal
27/12/2015 4:39:42 AM,1.121328,Normal
27/12/2015 4:40:42 AM,1.121328,Normal
27/12/2015 4:41:42 AM,1.137347,Normal
27/12/2015 4:42:42 AM,1.025214,Normal
27/12/2015 4:43:42 AM,1.025214,Normal
27/12/2015 4:44:42 AM,1.169384,Normal
27/12/2015 4:45:42 AM,1.169384,Normal
27/12/2015 4:46:42 AM,1.121328,Normal
27/12/2015 4:47:42 AM,1.08929,Normal
27/12/2015 4:48:42 AM,1.169384,Normal
27/12/2015 4:49:42 AM,1.185403,Normal
27/12/2015 4:50:42 AM,1.121328,Normal
27/12/2015 4:51:42 AM,1.137347,Normal
27/12/2015 4:52:42 AM,1.025214,Normal
27/12/2015 4:53:42 AM,1.169384,Normal
27/12/2015 4:54:42 AM,1.121328,Normal
27/12/2015 4:55:42 AM,1.105309,Normal
27/12/2015 4:56:42 AM,1.169384,Normal
27/12/2015 4:57:42 AM,1.105309,Normal
27/12/2015 4:58:42 AM,1.121328,Normal
27/12/2015 4:59:42 AM,1.201422,Normal
27/12/2015 5:00:42 AM,1.137347,Normal
27/12/2015 5:01:42 AM,1.105309,Normal
27/12/2015 5:02:42 AM,1.169384,Normal
27/12/2015 5:03:42 AM,1.057252,Normal
27/12/2015 5:04:42 AM,1.009195,Normal
27/12/2015 5:05:42 AM,1.025214,Normal
27/12/2015 5:06:42 AM,1.08929,Normal
27/12/2015 5:07:42 AM,1.121328,Normal
27/12/2015 5:08:42 AM,1.105309,Normal
27/12/2015 5:09:42 AM,1.08929,Normal
27/12/2015 5:10:42 AM,1.057252,Normal
27/12/2015 5:11:42 AM,1.169384,Normal
27/12/2015 5:12:42 AM,1.057252,Normal
27/12/2015 5:13:42 AM,1.105309,Normal
27/12/2015 5:14:42 AM,1.105309,Normal
27/12/2015 5:15:42 AM,1.137347,Normal
27/12/2015 5:16:42 AM,1.185403,Normal
27/12/2015 5:17:42 AM,1.08929,Normal
27/12/2015 5:18:42 AM,1.105309,Normal
27/12/2015 5:19:42 AM,1.057252,Normal
27/12/2015 5:20:42 AM,1.041233,Normal
27/12/2015 5:21:42 AM,1.08929,Normal
27/12/2015 5:22:42 AM,1.025214,Normal
27/12/2015 5:23:42 AM,1.057252,Normal
27/12/2015 5:24:42 AM,1.08929,Normal
27/12/2015 5:25:42 AM,1.041233,Normal
27/12/2015 5:26:42 AM,1.08929,Normal
27/12/2015 5:27:42 AM,1.041233,Normal
27/12/2015 5:28:42 AM,1.08929,Normal
27/12/2015 5:29:42 AM,1.041233,Normal
27/12/2015 5:30:42 AM,0.9771569,Normal
27/12/2015 5:31:42 AM,1.057252,Normal
27/12/2015 5:32:42 AM,1.041233,Normal
27/12/2015 5:33:42 AM,1.105309,Normal
27/12/2015 5:34:42 AM,1.105309,Normal
27/12/2015 5:35:42 AM,1.105309,Normal
27/12/2015 5:36:42 AM,1.08929,Normal
27/12/2015 5:37:42 AM,1.057252,Normal
27/12/2015 5:38:42 AM,1.08929,Normal
27/12/2015 5:39:42 AM,1.169384,Normal
27/12/2015 5:40:42 AM,1.137347,Normal
27/12/2015 5:41:42 AM,1.08929,Normal
27/12/2015 5:42:42 AM,1.041233,Normal
27/12/2015 5:43:42 AM,1.057252,Normal
27/12/2015 5:44:42 AM,1.041233,Normal
27/12/2015 5:45:42 AM,1.041233,Normal
27/12/2015 5:46:42 AM,1.041233,Normal
27/12/2015 5:47:42 AM,1.041233,Normal
27/12/2015 5:48:42 AM,1.057252,Normal
27/12/2015 5:49:42 AM,1.009195,Normal
27/12/2015 5:50:42 AM,1.041233,Normal
27/12/2015 5:51:42 AM,1.105309,Normal
27/12/2015 5:52:42 AM,1.08929,Normal
27/12/2015 5:53:42 AM,1.009195,Normal
27/12/2015 5:54:42 AM,1.137347,Normal
27/12/2015 5:55:42 AM,1.105309,Normal
27/12/2015 5:56:42 AM,1.121328,Normal
27/12/2015 5:57:42 AM,1.057252,Normal
27/12/2015 5:58:42 AM,1.041233,Normal
27/12/2015 5:59:42 AM,1.025214,Normal
27/12/2015 6:00:42 AM,1.105309,Normal
27/12/2015 6:01:42 AM,1.08929,Normal
27/12/2015 6:02:42 AM,1.057252,Normal
27/12/2015 6:03:42 AM,1.041233,Normal
27/12/2015 6:04:42 AM,1.025214,Normal
27/12/2015 6:05:42 AM,1.08929,Normal
27/12/2015 6:06:42 AM,1.08929,Normal
27/12/2015 6:07:42 AM,1.057252,Normal
27/12/2015 6:08:42 AM,1.025214,Normal
27/12/2015 6:09:42 AM,1.08929,Normal
27/12/2015 6:10:42 AM,1.105309,Normal
27/12/2015 6:11:42 AM,1.137347,Normal
27/12/2015 6:12:42 AM,1.169384,Normal
27/12/2015 6:13:42 AM,1.169384,Normal
27/12/2015 6:14:42 AM,1.057252,Normal
27/12/2015 6:15:42 AM,1.057252,Normal
27/12/2015 6:16:42 AM,1.025214,Normal
27/12/2015 6:17:42 AM,1.121328,Normal
27/12/2015 6:18:42 AM,1.041233,Normal
27/12/2015 6:19:42 AM,1.105309,Normal
27/12/2015 6:20:42 AM,1.201422,Normal
27/12/2015 6:21:42 AM,1.057252,Normal
27/12/2015 6:22:42 AM,1.009195,Normal
27/12/2015 6:23:42 AM,1.201422,Normal
27/12/2015 6:24:42 AM,1.08929,Normal
27/12/2015 6:25:42 AM,1.08929,Normal
27/12/2015 6:26:42 AM,1.105309,Normal
27/12/2015 6:27:42 AM,1.105309,Normal
27/12/2015 6:28:42 AM,1.041233,Normal
27/12/2015 6:29:42 AM,1.105309,Normal
27/12/2015 6:30:42 AM,1.169384,Normal
27/12/2015 6:31:42 AM,1.08929,Normal
27/12/2015 6:32:42 AM,1.105309,Normal
27/12/2015 6:33:42 AM,1.041233,Normal
27/12/2015 6:34:42 AM,1.025214,Normal
27/12/2015 6:35:42 AM,1.057252,Normal
27/12/2015 6:36:42 AM,1.041233,Normal
27/12/2015 6:37:42 AM,1.041233,Normal
27/12/2015 6:38:42 AM,1.057252,Normal
27/12/2015 6:39:42 AM,1.057252,Normal
27/12/2015 6:40:42 AM,1.08929,Normal
27/12/2015 6:41:42 AM,1.057252,Normal
27/12/2015 6:42:42 AM,1.137347,Normal
27/12/2015 6:43:42 AM,1.137347,Normal
27/12/2015 6:44:42 AM,1.041233,Normal
27/12/2015 6:45:42 AM,1.08929,Normal
27/12/2015 6:46:42 AM,1.137347,Normal
27/12/2015 6:47:42 AM,1.08929,Normal
27/12/2015 6:48:42 AM,1.057252,Normal
27/12/2015 6:49:42 AM,1.057252,Normal
27/12/2015 6:50:42 AM,1.105309,Normal
27/12/2015 6:51:42 AM,1.105309,Normal
27/12/2015 6:52:42 AM,1.105309,Normal
27/12/2015 6:53:42 AM,1.041233,Normal
27/12/2015 6:54:42 AM,1.057252,Normal
27/12/2015 6:55:42 AM,1.08929,Normal
27/12/2015 6:56:42 AM,1.169384,Normal
27/12/2015 6:57:42 AM,1.08929,Normal
27/12/2015 6:58:42 AM,1.105309,Normal
27/12/2015 6:59:42 AM,1.121328,Normal
27/12/2015 7:00:42 AM,1.057252,Normal
27/12/2015 7:01:42 AM,1.105309,Normal
27/12/2015 7:02:42 AM,1.185403,Normal
27/12/2015 7:03:42 AM,1.105309,Normal
27/12/2015 7:04:42 AM,1.009195,Normal
27/12/2015 7:05:42 AM,1.057252,Normal
27/12/2015 7:06:42 AM,1.057252,Normal
27/12/2015 7:07:42 AM,1.121328,Normal
27/12/2015 7:08:42 AM,1.105309,Normal
27/12/2015 7:09:42 AM,1.121328,Normal
27/12/2015 7:10:42 AM,1.137347,Normal
27/12/2015 7:11:42 AM,1.057252,Normal
27/12/2015 7:12:42 AM,1.041233,Normal
27/12/2015 7:13:42 AM,1.121328,Normal
27/12/2015 7:14:42 AM,1.057252,Normal
27/12/2015 7:15:42 AM,1.137347,Normal
27/12/2015 7:16:42 AM,1.121328,Normal
27/12/2015 7:17:42 AM,1.105309,Normal
27/12/2015 7:18:42 AM,1.121328,Normal
27/12/2015 7:19:42 AM,1.169384,Normal
27/12/2015 7:20:42 AM,1.057252,Normal
27/12/2015 7:21:42 AM,1.121328,Normal
27/12/2015 7:22:42 AM,1.041233,Normal
27/12/2015 7:23:42 AM,1.121328,Normal
27/12/2015 7:24:42 AM,1.105309,Normal
27/12/2015 7:25:42 AM,1.041233,Normal
27/12/2015 7:26:42 AM,1.08929,Normal
27/12/2015 7:27:42 AM,1.041233,Normal
27/12/2015 7:28:42 AM,1.041233,Normal
27/12/2015 7:29:42 AM,1.08929,Normal
27/12/2015 7:30:42 AM,1.057252,Normal
27/12/2015 7:31:42 AM,1.057252,Normal
27/12/2015 7:32:42 AM,1.041233,Normal
27/12/2015 7:33:42 AM,1.041233,Normal
27/12/2015 7:34:42 AM,1.041233,Normal
27/12/2015 7:35:42 AM,1.057252,Normal
27/12/2015 7:36:42 AM,1.105309,Normal
27/12/2015 7:37:42 AM,1.057252,Normal
27/12/2015 7:38:42 AM,1.08929,Normal
27/12/2015 7:39:42 AM,1.137347,Normal
27/12/2015 7:40:42 AM,1.057252,Normal
27/12/2015 7:41:42 AM,1.185403,Normal
27/12/2015 7:42:42 AM,1.169384,Normal
27/12/2015 7:43:42 AM,1.121328,Normal
27/12/2015 7:44:42 AM,1.08929,Normal
27/12/2015 7:45:42 AM,1.057252,Normal
27/12/2015 7:46:42 AM,1.121328,Normal
27/12/2015 7:47:42 AM,1.041233,Normal
27/12/2015 7:48:42 AM,1.137347,Normal
27/12/2015 7:49:42 AM,1.169384,Normal
27/12/2015 7:50:42 AM,1.137347,Normal
27/12/2015 7:51:42 AM,1.041233,Normal
27/12/2015 7:52:42 AM,1.169384,Normal
27/12/2015 7:53:42 AM,1.105309,Normal
27/12/2015 7:54:42 AM,1.057252,Normal
27/12/2015 7:55:42 AM,1.041233,Normal
27/12/2015 7:56:42 AM,1.057252,Normal
27/12/2015 7:57:42 AM,1.057252,Normal
27/12/2015 7:58:42 AM,1.057252,Normal
27/12/2015 7:59:42 AM,1.025214,Normal
27/12/2015 8:00:42 AM,1.185403,Normal
27/12/2015 8:01:42 AM,1.057252,Normal
27/12/2015 8:02:42 AM,1.105309,Normal
27/12/2015 8:03:42 AM,1.08929,Normal
27/12/2015 8:04:42 AM,0.961138,Normal
27/12/2015 8:05:42 AM,1.009195,Normal
27/12/2015 8:06:42 AM,1.041233,Normal
27/12/2015 8:07:42 AM,1.08929,Normal
27/12/2015 8:08:42 AM,1.041233,Normal
27/12/2015 8:09:42 AM,1.057252,Normal
27/12/2015 8:10:42 AM,1.121328,Normal
27/12/2015 8:11:42 AM,1.057252,Normal
27/12/2015 8:12:42 AM,1.057252,Normal
27/12/2015 8:13:42 AM,1.041233,Normal
27/12/2015 8:14:42 AM,1.121328,Normal
27/12/2015 8:15:42 AM,0.9771569,Normal
27/12/2015 8:16:42 AM,1.041233,Normal
27/12/2015 8:17:42 AM,1.025214,Normal
27/12/2015 8:18:42 AM,1.025214,Normal
27/12/2015 8:19:42 AM,0.9771569,Normal
27/12/2015 8:20:42 AM,1.105309,Normal
27/12/2015 8:21:42 AM,1.08929,Normal
27/12/2015 8:22:42 AM,1.009195,Normal
27/12/2015 8:23:42 AM,0.961138,Normal
27/12/2015 8:24:42 AM,1.057252,Normal
27/12/2015 8:25:42 AM,1.025214,Normal
27/12/2015 8:26:42 AM,1.025214,Normal
27/12/2015 8:27:42 AM,1.105309,Normal
27/12/2015 8:28:42 AM,1.08929,Normal
27/12/2015 8:29:42 AM,1.025214,Normal
27/12/2015 8:30:42 AM,1.025214,Normal
27/12/2015 8:31:42 AM,0.9771569,Normal
27/12/2015 8:32:42 AM,1.057252,Normal
27/12/2015 8:33:42 AM,1.121328,Normal
27/12/2015 8:34:42 AM,1.08929,Normal
27/12/2015 8:35:42 AM,1.105309,Normal
27/12/2015 8:36:42 AM,1.057252,Normal
27/12/2015 8:37:42 AM,1.041233,Normal
27/12/2015 8:38:42 AM,1.041233,Normal
27/12/2015 8:39:42 AM,1.041233,Normal
27/12/2015 8:40:42 AM,1.009195,Normal
27/12/2015 8:41:42 AM,1.025214,Normal
27/12/2015 8:42:42 AM,1.025214,Normal
27/12/2015 8:43:42 AM,1.105309,Normal
27/12/2015 8:44:42 AM,1.025214,Normal
27/12/2015 8:45:42 AM,1.025214,Normal
27/12/2015 8:46:42 AM,0.9771569,Normal
27/12/2015 8:47:42 AM,1.057252,Normal
27/12/2015 8:48:42 AM,1.009195,Normal
27/12/2015 8:49:42 AM,1.105309,Normal
27/12/2015 8:50:42 AM,1.041233,Normal
27/12/2015 8:51:42 AM,1.041233,Normal
27/12/2015 8:52:42 AM,1.025214,Normal
27/12/2015 8:53:42 AM,1.025214,Normal
27/12/2015 8:54:42 AM,1.025214,Normal
27/12/2015 8:55:42 AM,0.9771569,Normal
27/12/2015 8:56:42 AM,1.08929,Normal
27/12/2015 8:57:42 AM,1.009195,Normal
27/12/2015 8:58:42 AM,1.041233,Normal
27/12/2015 8:59:42 AM,1.025214,Normal
27/12/2015 9:00:42 AM,1.025214,Normal
27/12/2015 9:01:42 AM,1.009195,Normal
27/12/2015 9:02:42 AM,1.08929,Normal
27/12/2015 9:03:42 AM,1.009195,Normal
27/12/2015 9:04:42 AM,1.009195,Normal
27/12/2015 9:05:42 AM,1.105309,Normal
27/12/2015 9:06:42 AM,1.025214,Normal
27/12/2015 9:07:42 AM,1.041233,Normal
27/12/2015 9:08:42 AM,1.057252,Normal
27/12/2015 9:09:42 AM,1.105309,Normal
27/12/2015 9:10:42 AM,1.105309,Normal
27/12/2015 9:11:42 AM,1.041233,Normal
27/12/2015 9:12:42 AM,1.121328,Normal
27/12/2015 9:13:42 AM,1.057252,Normal
27/12/2015 9:14:42 AM,1.025214,Normal
27/12/2015 9:15:42 AM,1.025214,Normal
27/12/2015 9:16:42 AM,1.057252,Normal
27/12/2015 9:17:42 AM,1.009195,Normal
27/12/2015 9:18:42 AM,1.041233,Normal
27/12/2015 9:19:42 AM,1.057252,Normal
27/12/2015 9:20:42 AM,1.041233,Normal
27/12/2015 9:21:42 AM,1.009195,Normal
27/12/2015 9:22:42 AM,0.961138,Normal
27/12/2015 9:23:42 AM,1.08929,Normal
27/12/2015 9:24:42 AM,1.025214,Normal
27/12/2015 9:25:42 AM,1.057252,Normal
27/12/2015 9:26:42 AM,1.08929,Normal
27/12/2015 9:27:42 AM,1.025214,Normal
27/12/2015 9:28:42 AM,1.105309,Normal
27/12/2015 9:29:42 AM,1.105309,Normal
27/12/2015 9:30:42 AM,1.08929,Normal
27/12/2015 9:31:42 AM,0.9771569,Normal
27/12/2015 9:32:42 AM,1.169384,Normal
27/12/2015 9:33:42 AM,1.121328,Normal
27/12/2015 9:34:42 AM,1.08929,Normal
27/12/2015 9:35:42 AM,1.137347,Normal
27/12/2015 9:36:42 AM,1.08929,Normal
27/12/2015 9:37:42 AM,1.137347,Normal
27/12/2015 9:38:42 AM,1.057252,Normal
27/12/2015 9:39:42 AM,1.041233,Normal
27/12/2015 9:40:42 AM,1.169384,Normal
27/12/2015 9:41:42 AM,1.137347,Normal
27/12/2015 9:42:42 AM,1.185403,Normal
27/12/2015 9:43:42 AM,1.137347,Normal
27/12/2015 9:44:42 AM,1.057252,Normal
27/12/2015 9:45:42 AM,0.9771569,Normal
27/12/2015 9:46:42 AM,1.105309,Normal
27/12/2015 9:47:42 AM,1.057252,Normal
27/12/2015 9:48:42 AM,1.057252,Normal
27/12/2015 9:49:42 AM,1.025214,Normal
27/12/2015 9:50:42 AM,1.025214,Normal
27/12/2015 9:51:42 AM,1.041233,Normal
27/12/2015 9:52:42 AM,1.041233,Normal
27/12/2015 9:53:42 AM,1.025214,Normal
27/12/2015 9:54:42 AM,1.025214,Normal
27/12/2015 9:55:42 AM,1.041233,Normal
27/12/2015 9:56:42 AM,1.025214,Normal
27/12/2015 9:57:42 AM,1.025214,Normal
27/12/2015 9:58:42 AM,0.9291,Normal
27/12/2015 9:59:42 AM,1.041233,Normal
27/12/2015 10:00:42 AM,1.041233,Normal
27/12/2015 10:01:42 AM,1.009195,Normal
27/12/2015 10:02:42 AM,1.009195,Normal
27/12/2015 10:03:42 AM,1.025214,Normal
27/12/2015 10:04:42 AM,1.057252,Normal
27/12/2015 10:05:42 AM,1.025214,Normal
27/12/2015 10:06:42 AM,1.057252,Normal
27/12/2015 10:07:42 AM,1.025214,Normal
27/12/2015 10:08:42 AM,1.105309,Normal
27/12/2015 10:09:42 AM,1.025214,Normal
27/12/2015 10:10:42 AM,1.08929,Normal
27/12/2015 10:11:42 AM,1.105309,Normal
27/12/2015 10:12:42 AM,1.041233,Normal
27/12/2015 10:13:42 AM,1.105309,Normal
27/12/2015 10:14:42 AM,1.025214,Normal
27/12/2015 10:15:42 AM,1.041233,Normal
27/12/2015 10:16:42 AM,1.121328,Normal
27/12/2015 10:17:42 AM,1.041233,Normal
27/12/2015 10:18:42 AM,1.025214,Normal
27/12/2015 10:19:42 AM,1.105309,Normal
27/12/2015 10:20:42 AM,1.105309,Normal
27/12/2015 10:21:42 AM,1.121328,Normal
27/12/2015 10:22:42 AM,1.041233,Normal
27/12/2015 10:23:42 AM,1.057252,Normal
27/12/2015 10:24:42 AM,1.057252,Normal
27/12/2015 10:25:42 AM,1.121328,Normal
27/12/2015 10:26:42 AM,1.041233,Normal
27/12/2015 10:27:42 AM,1.105309,Normal
27/12/2015 10:28:42 AM,1.041233,Normal
27/12/2015 10:29:42 AM,1.041233,Normal
27/12/2015 10:30:42 AM,1.08929,Normal
27/12/2015 10:31:42 AM,1.137347,Normal
27/12/2015 10:32:42 AM,1.121328,Normal
27/12/2015 10:33:42 AM,1.08929,Normal
27/12/2015 10:34:42 AM,1.025214,Normal
27/12/2015 10:35:42 AM,1.057252,Normal
27/12/2015 10:36:42 AM,0.9771569,Normal
27/12/2015 10:37:42 AM,1.08929,Normal
27/12/2015 10:38:42 AM,1.08929,Normal
27/12/2015 10:39:42 AM,1.041233,Normal
27/12/2015 10:40:42 AM,1.217441,Normal
27/12/2015 10:41:42 AM,1.105309,Normal
27/12/2015 10:42:42 AM,1.025214,Normal
27/12/2015 10:43:42 AM,1.121328,Normal
27/12/2015 10:44:42 AM,1.169384,Normal
27/12/2015 10:45:42 AM,1.057252,Normal
27/12/2015 10:46:42 AM,1.057252,Normal
27/12/2015 10:47:42 AM,1.057252,Normal
27/12/2015 10:48:42 AM,1.105309,Normal
27/12/2015 10:49:42 AM,1.08929,Normal
27/12/2015 10:50:42 AM,1.041233,Normal
27/12/2015 10:51:42 AM,1.121328,Normal
27/12/2015 10:52:42 AM,1.105309,Normal
27/12/2015 10:53:42 AM,1.121328,Normal
27/12/2015 10:54:42 AM,1.169384,Normal
27/12/2015 10:55:42 AM,1.08929,Normal
27/12/2015 10:56:42 AM,1.105309,Normal
27/12/2015 10:57:42 AM,1.025214,Normal
27/12/2015 10:58:42 AM,1.137347,Normal
27/12/2015 10:59:42 AM,1.105309,Normal
27/12/2015 11:00:42 AM,1.057252,Normal
27/12/2015 11:01:42 AM,1.041233,Normal
27/12/2015 11:02:42 AM,1.041233,Normal
27/12/2015 11:03:42 AM,1.025214,Normal
27/12/2015 11:04:42 AM,0.945119,Normal
27/12/2015 11:05:42 AM,1.057252,Normal
27/12/2015 11:06:42 AM,0.9771569,Normal
27/12/2015 11:07:42 AM,1.057252,Normal
27/12/2015 11:08:42 AM,1.057252,Normal
27/12/2015 11:09:42 AM,1.08929,Normal
27/12/2015 11:10:42 AM,1.041233,Normal
27/12/2015 11:11:42 AM,1.057252,Normal
27/12/2015 11:12:42 AM,1.041233,Normal
27/12/2015 11:13:42 AM,1.041233,Normal
27/12/2015 11:14:42 AM,1.041233,Normal
27/12/2015 11:15:42 AM,0.9771569,Normal
27/12/2015 11:16:42 AM,1.169384,Normal
27/12/2015 11:17:42 AM,1.121328,Normal
27/12/2015 11:18:42 AM,1.105309,Normal
27/12/2015 11:19:42 AM,1.169384,Normal
27/12/2015 11:20:42 AM,1.121328,Normal
27/12/2015 11:21:42 AM,1.137347,Normal
27/12/2015 11:22:42 AM,1.08929,Normal
27/12/2015 11:23:42 AM,1.137347,Normal
27/12/2015 11:24:42 AM,1.105309,Normal
27/12/2015 11:25:42 AM,1.169384,Normal
27/12/2015 11:26:42 AM,1.185403,Normal
27/12/2015 11:27:42 AM,1.137347,Normal
27/12/2015 11:28:42 AM,1.137347,Normal
27/12/2015 11:29:42 AM,1.121328,Normal
27/12/2015 11:30:42 AM,1.08929,Normal
27/12/2015 11:31:42 AM,1.105309,Normal
27/12/2015 11:32:42 AM,1.08929,Normal
27/12/2015 11:33:42 AM,1.057252,Normal
27/12/2015 11:34:42 AM,1.08929,Normal
27/12/2015 11:35:42 AM,1.121328,Normal
27/12/2015 11:36:42 AM,1.057252,Normal
27/12/2015 11:37:42 AM,1.105309,Normal
27/12/2015 11:38:42 AM,1.121328,Normal
27/12/2015 11:39:42 AM,1.121328,Normal
27/12/2015 11:40:42 AM,1.041233,Normal
27/12/2015 11:41:42 AM,1.057252,Normal
27/12/2015 11:42:42 AM,1.105309,Normal
27/12/2015 11:43:42 AM,1.08929,Normal
27/12/2015 11:44:42 AM,1.08929,Normal
27/12/2015 11:45:42 AM,1.169384,Normal
27/12/2015 11:46:42 AM,1.137347,Normal
27/12/2015 11:47:42 AM,1.137347,Normal
27/12/2015 11:48:42 AM,1.105309,Normal
27/12/2015 11:49:42 AM,1.08929,Normal
27/12/2015 11:50:42 AM,1.057252,Normal
27/12/2015 11:51:42 AM,0.961138,Normal
27/12/2015 11:52:42 AM,1.137347,Normal
27/12/2015 11:53:42 AM,1.08929,Normal
27/12/2015 11:54:42 AM,1.121328,Normal
27/12/2015 11:55:42 AM,1.105309,Normal
27/12/2015 11:56:42 AM,1.08929,Normal
27/12/2015 11:57:42 AM,1.057252,Normal
27/12/2015 11:58:42 AM,1.217441,Normal
27/12/2015 11:59:42 AM,1.169384,Normal
27/12/2015 12:00:42 PM,1.08929,Normal
27/12/2015 12:01:42 PM,1.137347,Normal
27/12/2015 12:02:42 PM,1.08929,Normal
27/12/2015 12:03:42 PM,1.105309,Normal
27/12/2015 12:04:42 PM,1.105309,Normal
27/12/2015 12:05:42 PM,1.137347,Normal
27/12/2015 12:06:42 PM,1.137347,Normal
27/12/2015 12:07:42 PM,1.137347,Normal
27/12/2015 12:08:42 PM,1.08929,Normal
27/12/2015 12:09:42 PM,1.249479,Normal
27/12/2015 12:10:42 PM,0.8810431,Normal
27/12/2015 12:11:42 PM,1.08929,Normal
27/12/2015 12:12:42 PM,1.137347,Normal
27/12/2015 12:13:42 PM,1.041233,Normal
27/12/2015 12:14:42 PM,1.057252,Normal
27/12/2015 12:15:42 PM,1.121328,Normal
27/12/2015 12:16:42 PM,1.121328,Normal
27/12/2015 12:17:42 PM,1.057252,Normal
27/12/2015 12:18:42 PM,1.041233,Normal
27/12/2015 12:19:42 PM,1.08929,Normal
27/12/2015 12:20:42 PM,1.057252,Normal
27/12/2015 12:21:42 PM,1.025214,Normal
27/12/2015 12:22:42 PM,1.08929,Normal
27/12/2015 12:23:42 PM,1.041233,Normal
27/12/2015 12:24:42 PM,1.08929,Normal
27/12/2015 12:25:42 PM,1.121328,Normal
27/12/2015 12:26:42 PM,1.08929,Normal
27/12/2015 12:27:42 PM,1.121328,Normal
27/12/2015 12:28:42 PM,1.08929,Normal
27/12/2015 12:29:42 PM,1.105309,Normal
27/12/2015 12:30:42 PM,1.105309,Normal
27/12/2015 12:31:42 PM,1.009195,Normal
27/12/2015 12:32:42 PM,1.041233,Normal
27/12/2015 12:33:42 PM,1.08929,Normal
27/12/2015 12:34:42 PM,1.105309,Normal
27/12/2015 12:35:42 PM,1.025214,Normal
27/12/2015 12:36:42 PM,1.08929,Normal
27/12/2015 12:37:42 PM,1.105309,Normal
27/12/2015 12:38:42 PM,1.08929,Normal
27/12/2015 12:39:42 PM,1.121328,Normal
27/12/2015 12:40:42 PM,1.201422,Normal
27/12/2015 12:41:42 PM,1.169384,Normal
27/12/2015 12:42:42 PM,1.169384,Normal
27/12/2015 12:43:42 PM,1.105309,Normal
27/12/2015 12:44:42 PM,1.105309,Normal
27/12/2015 12:45:42 PM,1.137347,Normal
27/12/2015 12:46:42 PM,1.009195,Normal
27/12/2015 12:47:42 PM,1.08929,Normal
27/12/2015 12:48:42 PM,1.105309,Normal
27/12/2015 12:49:42 PM,1.057252,Normal
27/12/2015 12:50:42 PM,1.041233,Normal
27/12/2015 12:51:42 PM,1.137347,Normal
27/12/2015 12:52:42 PM,1.041233,Normal
27/12/2015 12:53:42 PM,1.08929,Normal
27/12/2015 12:54:42 PM,1.105309,Normal
27/12/2015 12:55:42 PM,1.137347,Normal
27/12/2015 12:56:42 PM,1.137347,Normal
27/12/2015 12:57:42 PM,1.057252,Normal
27/12/2015 12:58:42 PM,1.105309,Normal
27/12/2015 12:59:42 PM,1.169384,Normal
27/12/2015 1:00:42 PM,1.201422,Normal
27/12/2015 1:01:42 PM,1.041233,Normal
27/12/2015 1:02:42 PM,1.105309,Normal
27/12/2015 1:03:42 PM,1.105309,Normal
27/12/2015 1:04:42 PM,1.121328,Normal
27/12/2015 1:05:42 PM,1.169384,Normal
27/12/2015 1:06:42 PM,1.201422,Normal
27/12/2015 1:07:42 PM,1.185403,Normal
27/12/2015 1:08:42 PM,1.137347,Normal
27/12/2015 1:09:42 PM,1.137347,Normal
27/12/2015 1:10:42 PM,1.169384,Normal
27/12/2015 1:11:42 PM,1.08929,Normal
27/12/2015 1:12:42 PM,1.265498,Normal
27/12/2015 1:13:42 PM,1.185403,Normal
27/12/2015 1:14:42 PM,1.121328,Normal
27/12/2015 1:15:42 PM,1.169384,Normal
27/12/2015 1:16:42 PM,1.105309,Normal
27/12/2015 1:17:42 PM,1.057252,Normal
27/12/2015 1:18:42 PM,1.169384,Normal
27/12/2015 1:19:42 PM,1.137347,Normal
27/12/2015 1:20:42 PM,1.137347,Normal
27/12/2015 1:21:42 PM,1.137347,Normal
27/12/2015 1:22:42 PM,1.105309,Normal
27/12/2015 1:23:42 PM,1.169384,Normal
27/12/2015 1:24:42 PM,1.281517,Normal
27/12/2015 1:25:42 PM,1.185403,Normal
27/12/2015 1:26:42 PM,1.121328,Normal
27/12/2015 1:27:42 PM,1.041233,Normal
27/12/2015 1:28:42 PM,1.121328,Normal
27/12/2015 1:29:42 PM,1.121328,Normal
27/12/2015 1:30:42 PM,1.169384,Normal
27/12/2015 1:31:42 PM,1.137347,Normal
27/12/2015 1:32:42 PM,1.041233,Normal
27/12/2015 1:33:42 PM,1.08929,Normal
27/12/2015 1:34:42 PM,1.137347,Normal
27/12/2015 1:35:42 PM,1.137347,Normal
27/12/2015 1:36:42 PM,1.185403,Normal
27/12/2015 1:37:42 PM,1.217441,Normal
27/12/2015 1:38:42 PM,1.185403,Normal
27/12/2015 1:39:42 PM,1.169384,Normal
27/12/2015 1:40:42 PM,1.169384,Normal
27/12/2015 1:41:42 PM,1.121328,Normal
27/12/2015 1:42:42 PM,1.121328,Normal
27/12/2015 1:43:42 PM,1.185403,Normal
27/12/2015 1:44:42 PM,1.169384,Normal
27/12/2015 1:45:42 PM,1.137347,Normal
27/12/2015 1:46:42 PM,1.137347,Normal
27/12/2015 1:47:42 PM,1.137347,Normal
27/12/2015 1:48:42 PM,1.217441,Normal
27/12/2015 1:49:42 PM,1.169384,Normal
27/12/2015 1:50:42 PM,1.169384,Normal
27/12/2015 1:51:42 PM,1.217441,Normal
27/12/2015 1:52:42 PM,1.185403,Normal
27/12/2015 1:53:42 PM,1.169384,Normal
27/12/2015 1:54:42 PM,1.169384,Normal
27/12/2015 1:55:42 PM,1.201422,Normal
27/12/2015 1:56:42 PM,1.185403,Normal
27/12/2015 1:57:42 PM,1.121328,Normal
27/12/2015 1:58:42 PM,1.169384,Normal
27/12/2015 1:59:42 PM,1.169384,Normal
27/12/2015 2:00:42 PM,1.169384,Normal
27/12/2015 2:01:42 PM,1.169384,Normal
27/12/2015 2:02:42 PM,1.169384,Normal
27/12/2015 2:03:42 PM,1.169384,Normal
27/12/2015 2:04:42 PM,1.105309,Normal
27/12/2015 2:05:42 PM,1.201422,Normal
27/12/2015 2:06:42 PM,1.137347,Normal
27/12/2015 2:07:42 PM,1.137347,Normal
27/12/2015 2:08:42 PM,1.137347,Normal
27/12/2015 2:09:42 PM,1.169384,Normal
27/12/2015 2:10:42 PM,1.169384,Normal
27/12/2015 2:11:42 PM,1.169384,Normal
27/12/2015 2:12:42 PM,1.185403,Normal
27/12/2015 2:13:42 PM,1.185403,Normal
27/12/2015 2:14:42 PM,1.169384,Normal
27/12/2015 2:15:42 PM,1.201422,Normal
27/12/2015 2:16:42 PM,1.137347,Normal
27/12/2015 2:17:42 PM,1.201422,Normal
27/12/2015 2:18:42 PM,1.297536,Normal
27/12/2015 2:19:42 PM,1.009195,Normal
27/12/2015 2:20:42 PM,1.201422,Normal
27/12/2015 2:21:42 PM,1.169384,Normal
27/12/2015 2:22:42 PM,1.185403,Normal
27/12/2015 2:23:42 PM,1.201422,Normal
27/12/2015 2:24:42 PM,1.169384,Normal
27/12/2015 2:25:42 PM,1.169384,Normal
27/12/2015 2:26:42 PM,1.169384,Normal
27/12/2015 2:27:42 PM,1.169384,Normal
27/12/2015 2:28:42 PM,1.169384,Normal
27/12/2015 2:29:42 PM,1.185403,Normal
27/12/2015 2:30:42 PM,1.201422,Normal
27/12/2015 2:31:42 PM,1.169384,Normal
27/12/2015 2:32:42 PM,1.169384,Normal
27/12/2015 2:33:42 PM,1.169384,Normal
27/12/2015 2:34:42 PM,1.169384,Normal
27/12/2015 2:35:42 PM,1.169384,Normal
27/12/2015 2:36:42 PM,1.137347,Normal
27/12/2015 2:37:42 PM,1.08929,Normal
27/12/2015 2:38:42 PM,1.201422,Normal
27/12/2015 2:39:42 PM,1.201422,Normal
27/12/2015 2:40:42 PM,1.121328,Normal
27/12/2015 2:41:42 PM,1.137347,Normal
27/12/2015 2:42:42 PM,1.121328,Normal
27/12/2015 2:43:42 PM,1.137347,Normal
27/12/2015 2:44:42 PM,1.201422,Normal
27/12/2015 2:45:42 PM,1.169384,Normal
27/12/2015 2:46:42 PM,1.169384,Normal
27/12/2015 2:47:42 PM,1.169384,Normal
27/12/2015 2:48:42 PM,1.169384,Normal
27/12/2015 2:49:42 PM,1.169384,Normal
27/12/2015 2:50:42 PM,1.169384,Normal
27/12/2015 2:51:42 PM,1.121328,Normal
27/12/2015 2:52:42 PM,1.185403,Normal
27/12/2015 2:53:42 PM,1.185403,Normal
27/12/2015 2:54:42 PM,1.169384,Normal
27/12/2015 2:55:42 PM,1.185403,Normal
27/12/2015 2:56:42 PM,1.169384,Normal
27/12/2015 2:57:42 PM,1.201422,Normal
27/12/2015 2:58:42 PM,1.169384,Normal
27/12/2015 2:59:42 PM,1.169384,Normal
27/12/2015 3:00:42 PM,1.185403,Normal
27/12/2015 3:01:42 PM,1.185403,Normal
27/12/2015 3:02:42 PM,1.137347,Normal
27/12/2015 3:03:42 PM,1.185403,Normal
27/12/2015 3:04:42 PM,1.169384,Normal
27/12/2015 3:05:42 PM,1.137347,Normal
27/12/2015 3:06:42 PM,1.121328,Normal
27/12/2015 3:07:42 PM,1.185403,Normal
27/12/2015 3:08:42 PM,1.185403,Normal
27/12/2015 3:09:42 PM,1.041233,Normal
27/12/2015 3:10:42 PM,1.169384,Normal
27/12/2015 3:11:42 PM,1.249479,Normal
27/12/2015 3:12:42 PM,1.169384,Normal
27/12/2015 3:13:42 PM,1.169384,Normal
27/12/2015 3:14:42 PM,1.137347,Normal
27/12/2015 3:15:42 PM,1.169384,Normal
27/12/2015 3:16:42 PM,1.185403,Normal
27/12/2015 3:17:42 PM,1.121328,Normal
27/12/2015 3:18:42 PM,1.137347,Normal
27/12/2015 3:19:42 PM,1.105309,Normal
27/12/2015 3:20:42 PM,1.121328,Normal
27/12/2015 3:21:42 PM,1.201422,Normal
27/12/2015 3:22:42 PM,1.08929,Normal
27/12/2015 3:23:42 PM,1.169384,Normal
27/12/2015 3:24:42 PM,1.137347,Normal
27/12/2015 3:25:42 PM,1.185403,Normal
27/12/2015 3:26:42 PM,1.105309,Normal
27/12/2015 3:27:42 PM,1.169384,Normal
27/12/2015 3:28:42 PM,1.137347,Normal
27/12/2015 3:29:42 PM,1.169384,Normal
27/12/2015 3:30:42 PM,1.169384,Normal
27/12/2015 3:31:42 PM,1.169384,Normal
27/12/2015 3:32:42 PM,1.281517,Normal
27/12/2015 3:33:42 PM,1.185403,Normal
27/12/2015 3:34:42 PM,1.169384,Normal
27/12/2015 3:35:42 PM,1.169384,Normal
27/12/2015 3:36:42 PM,1.169384,Normal
27/12/2015 3:37:42 PM,1.169384,Normal
27/12/2015 3:38:42 PM,1.169384,Normal
27/12/2015 3:39:42 PM,1.169384,Normal
27/12/2015 3:40:42 PM,1.217441,Normal
27/12/2015 3:41:42 PM,1.137347,Normal
27/12/2015 3:42:42 PM,1.169384,Normal
27/12/2015 3:43:42 PM,1.169384,Normal
27/12/2015 3:44:42 PM,1.137347,Normal
27/12/2015 3:45:42 PM,1.169384,Normal
27/12/2015 3:46:42 PM,1.185403,Normal
27/12/2015 3:47:42 PM,1.217441,Normal
27/12/2015 3:48:42 PM,1.169384,Normal
27/12/2015 3:49:42 PM,1.169384,Normal
27/12/2015 3:50:42 PM,1.169384,Normal
27/12/2015 3:51:42 PM,1.169384,Normal
27/12/2015 3:52:42 PM,1.121328,Normal
27/12/2015 3:53:42 PM,1.105309,Normal
27/12/2015 3:54:42 PM,1.169384,Normal
27/12/2015 3:55:42 PM,1.249479,Normal
27/12/2015 3:56:42 PM,1.169384,Normal
27/12/2015 3:57:42 PM,1.121328,Normal
27/12/2015 3:58:42 PM,1.137347,Normal
27/12/2015 3:59:42 PM,1.057252,Normal
27/12/2015 4:00:42 PM,1.137347,Normal
27/12/2015 4:01:42 PM,1.169384,Normal
27/12/2015 4:02:42 PM,1.169384,Normal
27/12/2015 4:03:42 PM,1.185403,Normal
27/12/2015 4:04:42 PM,1.137347,Normal
27/12/2015 4:05:42 PM,1.185403,Normal
27/12/2015 4:06:42 PM,1.185403,Normal
27/12/2015 4:07:42 PM,1.185403,Normal
27/12/2015 4:08:42 PM,1.185403,Normal
27/12/2015 4:09:42 PM,1.185403,Normal
27/12/2015 4:10:42 PM,1.185403,Normal
27/12/2015 4:11:42 PM,1.185403,Normal
27/12/2015 4:12:42 PM,1.201422,Normal
27/12/2015 4:13:42 PM,1.137347,Normal
27/12/2015 4:14:42 PM,1.137347,Normal
27/12/2015 4:15:42 PM,1.137347,Normal
27/12/2015 4:16:42 PM,1.169384,Normal
27/12/2015 4:17:42 PM,1.185403,Normal
27/12/2015 4:18:42 PM,1.185403,Normal
27/12/2015 4:19:42 PM,1.137347,Normal
27/12/2015 4:20:42 PM,1.169384,Normal
27/12/2015 4:21:42 PM,1.137347,Normal
27/12/2015 4:22:42 PM,1.169384,Normal
27/12/2015 4:23:42 PM,1.169384,Normal
27/12/2015 4:24:42 PM,1.169384,Normal
27/12/2015 4:25:42 PM,1.105309,Normal
27/12/2015 4:26:42 PM,1.137347,Normal
27/12/2015 4:27:42 PM,1.169384,Normal
27/12/2015 4:28:42 PM,1.137347,Normal
27/12/2015 4:29:42 PM,1.217441,Normal
27/12/2015 4:30:42 PM,1.169384,Normal
27/12/2015 4:31:42 PM,1.137347,Normal
27/12/2015 4:32:42 PM,1.169384,Normal
27/12/2015 4:33:42 PM,1.169384,Normal
27/12/2015 4:34:42 PM,1.169384,Normal
27/12/2015 4:35:42 PM,1.121328,Normal
27/12/2015 4:36:42 PM,1.169384,Normal
27/12/2015 4:37:42 PM,1.169384,Normal
27/12/2015 4:38:42 PM,1.169384,Normal
27/12/2015 4:39:42 PM,1.169384,Normal
27/12/2015 4:40:42 PM,1.169384,Normal
27/12/2015 4:41:42 PM,1.169384,Normal
27/12/2015 4:42:42 PM,1.201422,Normal
27/12/2015 4:43:42 PM,1.169384,Normal
27/12/2015 4:44:42 PM,1.169384,Normal
27/12/2015 4:45:42 PM,1.201422,Normal
27/12/2015 4:46:42 PM,1.169384,Normal
27/12/2015 4:47:42 PM,1.169384,Normal
27/12/2015 4:48:42 PM,1.137347,Normal
27/12/2015 4:49:42 PM,1.185403,Normal
27/12/2015 4:50:42 PM,1.185403,Normal
27/12/2015 4:51:42 PM,1.185403,Normal
27/12/2015 4:52:42 PM,1.265498,Normal
27/12/2015 4:53:42 PM,1.185403,Normal
27/12/2015 4:54:42 PM,1.185403,Normal
27/12/2015 4:55:42 PM,1.185403,Normal
27/12/2015 4:56:42 PM,1.137347,Normal
27/12/2015 4:57:42 PM,1.185403,Normal
27/12/2015 4:58:42 PM,1.169384,Normal
27/12/2015 4:59:42 PM,1.169384,Normal
27/12/2015 5:00:42 PM,1.185403,Normal
27/12/2015 5:01:42 PM,1.281517,Normal
27/12/2015 5:02:42 PM,1.169384,Normal
27/12/2015 5:03:42 PM,1.08929,Normal
27/12/2015 5:04:42 PM,1.201422,Normal
27/12/2015 5:05:42 PM,1.201422,Normal
27/12/2015 5:06:42 PM,1.217441,Normal
27/12/2015 5:07:42 PM,1.137347,Normal
27/12/2015 5:08:42 PM,1.185403,Normal
27/12/2015 5:09:42 PM,1.201422,Normal
27/12/2015 5:10:42 PM,1.169384,Normal
27/12/2015 5:11:42 PM,1.185403,Normal
27/12/2015 5:12:42 PM,1.185403,Normal
27/12/2015 5:13:42 PM,1.169384,Normal
27/12/2015 5:14:42 PM,1.137347,Normal
27/12/2015 5:15:42 PM,1.185403,Normal
27/12/2015 5:16:42 PM,1.201422,Normal
27/12/2015 5:17:42 PM,1.169384,Normal
27/12/2015 5:18:42 PM,1.025214,Normal
27/12/2015 5:19:42 PM,1.121328,Normal
27/12/2015 5:20:42 PM,1.121328,Normal
27/12/2015 5:21:42 PM,1.08929,Normal
27/12/2015 5:22:42 PM,1.121328,Normal
27/12/2015 5:23:42 PM,1.121328,Normal
27/12/2015 5:24:42 PM,1.137347,Normal
27/12/2015 5:25:42 PM,1.121328,Normal
27/12/2015 5:26:42 PM,1.185403,Normal
27/12/2015 5:27:42 PM,1.137347,Normal
27/12/2015 5:28:42 PM,1.185403,Normal
27/12/2015 5:29:42 PM,1.169384,Normal
27/12/2015 5:30:42 PM,1.121328,Normal
27/12/2015 5:31:42 PM,1.169384,Normal
27/12/2015 5:32:42 PM,1.137347,Normal
27/12/2015 5:33:42 PM,1.185403,Normal
27/12/2015 5:34:42 PM,1.185403,Normal
27/12/2015 5:35:42 PM,1.169384,Normal
27/12/2015 5:36:42 PM,1.137347,Normal
27/12/2015 5:37:42 PM,1.105309,Normal
27/12/2015 5:38:42 PM,1.137347,Normal
27/12/2015 5:39:42 PM,1.137347,Normal
27/12/2015 5:40:42 PM,1.185403,Normal
27/12/2015 5:41:42 PM,1.201422,Normal
27/12/2015 5:42:42 PM,1.137347,Normal
27/12/2015 5:43:42 PM,1.169384,Normal
27/12/2015 5:44:42 PM,1.169384,Normal
27/12/2015 5:45:42 PM,1.121328,Normal
27/12/2015 5:46:42 PM,1.041233,Normal
27/12/2015 5:47:42 PM,1.121328,Normal
27/12/2015 5:48:42 PM,1.105309,Normal
27/12/2015 5:49:42 PM,1.057252,Normal
27/12/2015 5:50:42 PM,1.169384,Normal
27/12/2015 5:51:42 PM,1.08929,Normal
27/12/2015 5:52:42 PM,1.137347,Normal
27/12/2015 5:53:42 PM,1.105309,Normal
27/12/2015 5:54:42 PM,1.137347,Normal
27/12/2015 5:55:42 PM,1.137347,Normal
27/12/2015 5:56:42 PM,1.121328,Normal
27/12/2015 5:57:42 PM,1.249479,Normal
27/12/2015 5:58:42 PM,1.137347,Normal
27/12/2015 5:59:42 PM,1.137347,Normal
27/12/2015 6:00:42 PM,1.137347,Normal
27/12/2015 6:01:42 PM,1.169384,Normal
27/12/2015 6:02:42 PM,1.201422,Normal
27/12/2015 6:03:42 PM,1.169384,Normal
27/12/2015 6:04:42 PM,1.169384,Normal
27/12/2015 6:05:42 PM,1.169384,Normal
27/12/2015 6:06:42 PM,1.137347,Normal
27/12/2015 6:07:42 PM,1.121328,Normal
27/12/2015 6:08:42 PM,1.169384,Normal
27/12/2015 6:09:42 PM,1.185403,Normal
27/12/2015 6:10:42 PM,1.137347,Normal
27/12/2015 6:11:42 PM,1.137347,Normal
27/12/2015 6:12:42 PM,1.169384,Normal
27/12/2015 6:13:42 PM,1.137347,Normal
27/12/2015 6:14:42 PM,1.137347,Normal
27/12/2015 6:15:42 PM,1.08929,Normal
27/12/2015 6:16:42 PM,1.137347,Normal
27/12/2015 6:17:42 PM,1.121328,Normal
27/12/2015 6:18:42 PM,1.137347,Normal
27/12/2015 6:19:42 PM,1.121328,Normal
27/12/2015 6:20:42 PM,1.08929,Normal
27/12/2015 6:21:42 PM,1.169384,Normal
27/12/2015 6:22:42 PM,1.121328,Normal
27/12/2015 6:23:42 PM,1.137347,Normal
27/12/2015 6:24:42 PM,1.121328,Normal
27/12/2015 6:25:42 PM,1.169384,Normal
27/12/2015 6:26:42 PM,1.121328,Normal
27/12/2015 6:27:42 PM,1.137347,Normal
27/12/2015 6:28:42 PM,1.169384,Normal
27/12/2015 6:29:42 PM,1.217441,Normal
27/12/2015 6:30:42 PM,1.201422,Normal
27/12/2015 6:31:42 PM,1.185403,Normal
27/12/2015 6:32:42 PM,1.169384,Normal
27/12/2015 6:33:42 PM,1.169384,Normal
27/12/2015 6:34:42 PM,1.169384,Normal
27/12/2015 6:35:42 PM,1.185403,Normal
27/12/2015 6:36:42 PM,1.105309,Normal
27/12/2015 6:37:42 PM,1.185403,Normal
27/12/2015 6:38:42 PM,1.137347,Normal
27/12/2015 6:39:42 PM,1.169384,Normal
27/12/2015 6:40:42 PM,1.185403,Normal
27/12/2015 6:41:42 PM,1.121328,Normal
27/12/2015 6:42:42 PM,1.137347,Normal
27/12/2015 6:43:42 PM,1.08929,Normal
27/12/2015 6:44:42 PM,1.169384,Normal
27/12/2015 6:45:42 PM,1.08929,Normal
27/12/2015 6:46:42 PM,1.08929,Normal
27/12/2015 6:47:42 PM,1.185403,Normal
27/12/2015 6:48:42 PM,1.137347,Normal
27/12/2015 6:49:42 PM,1.105309,Normal
27/12/2015 6:50:42 PM,1.169384,Normal
27/12/2015 6:51:42 PM,1.057252,Normal
27/12/2015 6:52:42 PM,1.041233,Normal
27/12/2015 6:53:42 PM,1.185403,Normal
27/12/2015 6:54:42 PM,1.08929,Normal
27/12/2015 6:55:42 PM,1.185403,Normal
27/12/2015 6:56:42 PM,1.041233,Normal
27/12/2015 6:57:42 PM,1.121328,Normal
27/12/2015 6:58:42 PM,1.137347,Normal
27/12/2015 6:59:42 PM,1.105309,Normal
27/12/2015 7:00:42 PM,1.08929,Normal
27/12/2015 7:01:42 PM,1.121328,Normal
27/12/2015 7:02:42 PM,1.137347,Normal
27/12/2015 7:03:42 PM,1.08929,Normal
27/12/2015 7:04:42 PM,1.137347,Normal
27/12/2015 7:05:42 PM,1.137347,Normal
27/12/2015 7:06:42 PM,1.121328,Normal
27/12/2015 7:07:42 PM,1.137347,Normal
27/12/2015 7:08:42 PM,1.057252,Normal
27/12/2015 7:09:42 PM,1.169384,Normal
27/12/2015 7:10:42 PM,1.137347,Normal
27/12/2015 7:11:42 PM,1.121328,Normal
27/12/2015 7:12:42 PM,1.105309,Normal
27/12/2015 7:13:42 PM,1.009195,Normal
27/12/2015 7:14:42 PM,1.057252,Normal
27/12/2015 7:15:42 PM,1.105309,Normal
27/12/2015 7:16:42 PM,1.08929,Normal
27/12/2015 7:17:42 PM,1.121328,Normal
27/12/2015 7:18:42 PM,1.057252,Normal
27/12/2015 7:19:42 PM,1.137347,Normal
27/12/2015 7:20:42 PM,1.169384,Normal
27/12/2015 7:21:42 PM,1.105309,Normal
27/12/2015 7:22:42 PM,1.057252,Normal
27/12/2015 7:23:42 PM,1.137347,Normal
27/12/2015 7:24:42 PM,1.137347,Normal
27/12/2015 7:25:42 PM,1.121328,Normal
27/12/2015 7:26:42 PM,1.08929,Normal
27/12/2015 7:27:42 PM,1.169384,Normal
27/12/2015 7:28:42 PM,1.08929,Normal
27/12/2015 7:29:42 PM,1.137347,Normal
27/12/2015 7:30:42 PM,1.137347,Normal
27/12/2015 7:31:42 PM,1.08929,Normal
27/12/2015 7:32:42 PM,1.057252,Normal
27/12/2015 7:33:42 PM,1.105309,Normal
27/12/2015 7:34:42 PM,1.137347,Normal
27/12/2015 7:35:42 PM,1.105309,Normal
27/12/2015 7:36:42 PM,1.105309,Normal
27/12/2015 7:37:42 PM,1.185403,Normal
27/12/2015 7:38:42 PM,1.105309,Normal
27/12/2015 7:39:42 PM,1.137347,Normal
27/12/2015 7:40:42 PM,1.08929,Normal
27/12/2015 7:41:42 PM,1.08929,Normal
27/12/2015 7:42:42 PM,1.121328,Normal
27/12/2015 7:43:42 PM,1.057252,Normal
27/12/2015 7:44:42 PM,1.121328,Normal
27/12/2015 7:45:42 PM,1.105309,Normal
27/12/2015 7:46:42 PM,1.08929,Normal
27/12/2015 7:47:42 PM,1.105309,Normal
27/12/2015 7:48:42 PM,1.121328,Normal
27/12/2015 7:49:42 PM,1.137347,Normal
27/12/2015 7:50:42 PM,1.08929,Normal
27/12/2015 7:51:42 PM,1.041233,Normal
27/12/2015 7:52:42 PM,1.105309,Normal
27/12/2015 7:53:42 PM,1.121328,Normal
27/12/2015 7:54:42 PM,1.08929,Normal
27/12/2015 7:55:42 PM,1.169384,Normal
27/12/2015 7:56:42 PM,1.105309,Normal
27/12/2015 7:57:42 PM,1.057252,Normal
27/12/2015 7:58:42 PM,1.08929,Normal
27/12/2015 7:59:42 PM,1.041233,Normal
27/12/2015 8:00:42 PM,1.185403,Normal
27/12/2015 8:01:42 PM,1.105309,Normal
27/12/2015 8:02:42 PM,1.08929,Normal
27/12/2015 8:03:42 PM,1.08929,Normal
27/12/2015 8:04:42 PM,1.057252,Normal
27/12/2015 8:05:42 PM,1.169384,Normal
27/12/2015 8:06:42 PM,1.057252,Normal
27/12/2015 8:07:42 PM,1.057252,Normal
27/12/2015 8:08:42 PM,1.08929,Normal
27/12/2015 8:09:42 PM,1.121328,Normal
27/12/2015 8:10:42 PM,1.121328,Normal
27/12/2015 8:11:42 PM,1.08929,Normal
27/12/2015 8:12:42 PM,1.041233,Normal
27/12/2015 8:13:42 PM,1.057252,Normal
27/12/2015 8:14:42 PM,1.041233,Normal
27/12/2015 8:15:42 PM,1.185403,Normal
27/12/2015 8:16:42 PM,1.025214,Normal
27/12/2015 8:17:42 PM,1.121328,Normal
27/12/2015 8:18:42 PM,1.057252,Normal
27/12/2015 8:19:42 PM,1.185403,Normal
27/12/2015 8:20:42 PM,1.137347,Normal
27/12/2015 8:21:42 PM,1.137347,Normal
27/12/2015 8:22:42 PM,1.169384,Normal
27/12/2015 8:23:42 PM,1.121328,Normal
27/12/2015 8:24:42 PM,1.121328,Normal
27/12/2015 8:25:42 PM,1.009195,Normal
27/12/2015 8:26:42 PM,1.137347,Normal
27/12/2015 8:27:42 PM,1.137347,Normal
27/12/2015 8:28:42 PM,1.201422,Normal
27/12/2015 8:29:42 PM,1.08929,Normal
27/12/2015 8:30:42 PM,1.121328,Normal
27/12/2015 8:31:42 PM,0.9771569,Normal
27/12/2015 8:32:42 PM,1.105309,Normal
27/12/2015 8:33:42 PM,1.169384,Normal
27/12/2015 8:34:42 PM,1.105309,Normal
27/12/2015 8:35:42 PM,1.041233,Normal
27/12/2015 8:36:42 PM,1.041233,Normal
27/12/2015 8:37:42 PM,1.169384,Normal
27/12/2015 8:38:42 PM,1.137347,Normal
27/12/2015 8:39:42 PM,1.08929,Normal
27/12/2015 8:40:42 PM,1.121328,Normal
27/12/2015 8:41:42 PM,1.137347,Normal
27/12/2015 8:42:42 PM,1.185403,Normal
27/12/2015 8:43:42 PM,1.121328,Normal
27/12/2015 8:44:42 PM,1.105309,Normal
27/12/2015 8:45:42 PM,1.025214,Normal
27/12/2015 8:46:42 PM,1.08929,Normal
27/12/2015 8:47:42 PM,1.105309,Normal
27/12/2015 8:48:42 PM,1.137347,Normal
27/12/2015 8:49:42 PM,1.137347,Normal
27/12/2015 8:50:42 PM,1.105309,Normal
27/12/2015 8:51:42 PM,1.08929,Normal
27/12/2015 8:52:42 PM,1.121328,Normal
27/12/2015 8:53:42 PM,1.185403,Normal
27/12/2015 8:54:42 PM,1.137347,Normal
27/12/2015 8:55:42 PM,1.105309,Normal
27/12/2015 8:56:42 PM,1.185403,Normal
27/12/2015 8:57:42 PM,1.057252,Normal
27/12/2015 8:58:42 PM,1.169384,Normal
27/12/2015 8:59:42 PM,1.169384,Normal
27/12/2015 9:00:42 PM,1.08929,Normal
27/12/2015 9:01:42 PM,1.121328,Normal
27/12/2015 9:02:42 PM,1.105309,Normal
27/12/2015 9:03:42 PM,1.137347,Normal
27/12/2015 9:04:42 PM,1.057252,Normal
27/12/2015 9:05:42 PM,1.121328,Normal
27/12/2015 9:06:42 PM,1.105309,Normal
27/12/2015 9:07:42 PM,1.185403,Normal
27/12/2015 9:08:42 PM,1.057252,Normal
27/12/2015 9:09:42 PM,1.08929,Normal
27/12/2015 9:10:42 PM,1.08929,Normal
27/12/2015 9:11:42 PM,1.041233,Normal
27/12/2015 9:12:42 PM,1.121328,Normal
27/12/2015 9:13:42 PM,1.025214,Normal
27/12/2015 9:14:42 PM,1.009195,Normal
27/12/2015 9:15:42 PM,1.057252,Normal
27/12/2015 9:16:42 PM,1.105309,Normal
27/12/2015 9:17:42 PM,1.137347,Normal
27/12/2015 9:18:42 PM,1.169384,Normal
27/12/2015 9:19:42 PM,1.057252,Normal
27/12/2015 9:20:42 PM,1.025214,Normal
27/12/2015 9:21:42 PM,1.08929,Normal
27/12/2015 9:22:42 PM,1.041233,Normal
27/12/2015 9:23:42 PM,1.025214,Normal
27/12/2015 9:24:42 PM,1.009195,Normal
27/12/2015 9:25:42 PM,1.105309,Normal
27/12/2015 9:26:42 PM,1.121328,Normal
27/12/2015 9:27:42 PM,1.105309,Normal
27/12/2015 9:28:42 PM,1.105309,Normal
27/12/2015 9:29:42 PM,1.057252,Normal
27/12/2015 9:30:42 PM,1.009195,Normal
27/12/2015 9:31:42 PM,1.185403,Normal
27/12/2015 9:32:42 PM,1.08929,Normal
27/12/2015 9:33:42 PM,1.08929,Normal
27/12/2015 9:34:42 PM,1.169384,Normal
27/12/2015 9:35:42 PM,1.08929,Normal
27/12/2015 9:36:42 PM,1.121328,Normal
27/12/2015 9:37:42 PM,1.08929,Normal
27/12/2015 9:38:42 PM,1.121328,Normal
27/12/2015 9:39:42 PM,1.121328,Normal
27/12/2015 9:40:42 PM,1.121328,Normal
27/12/2015 9:41:42 PM,1.137347,Normal
27/12/2015 9:42:42 PM,1.169384,Normal
27/12/2015 9:43:42 PM,1.105309,Normal
27/12/2015 9:44:42 PM,1.121328,Normal
27/12/2015 9:45:42 PM,1.121328,Normal
27/12/2015 9:46:42 PM,1.105309,Normal
27/12/2015 9:47:42 PM,1.121328,Normal
27/12/2015 9:48:42 PM,1.137347,Normal
27/12/2015 9:49:42 PM,1.08929,Normal
27/12/2015 9:50:42 PM,1.009195,Normal
27/12/2015 9:51:42 PM,1.105309,Normal
27/12/2015 9:52:42 PM,1.217441,Normal
27/12/2015 9:53:42 PM,1.169384,Normal
27/12/2015 9:54:42 PM,1.057252,Normal
27/12/2015 9:55:42 PM,1.041233,Normal
27/12/2015 9:56:42 PM,1.169384,Normal
27/12/2015 9:57:42 PM,1.121328,Normal
27/12/2015 9:58:42 PM,1.057252,Normal
27/12/2015 9:59:42 PM,1.08929,Normal
27/12/2015 10:00:42 PM,1.025214,Normal
27/12/2015 10:01:42 PM,1.169384,Normal
27/12/2015 10:02:42 PM,1.08929,Normal
27/12/2015 10:03:42 PM,1.121328,Normal
27/12/2015 10:04:42 PM,1.121328,Normal
27/12/2015 10:05:42 PM,1.185403,Normal
27/12/2015 10:06:42 PM,1.169384,Normal
27/12/2015 10:07:42 PM,1.137347,Normal
27/12/2015 10:08:42 PM,1.121328,Normal
27/12/2015 10:09:42 PM,1.169384,Normal
27/12/2015 10:10:42 PM,1.169384,Normal
27/12/2015 10:11:42 PM,1.137347,Normal
27/12/2015 10:12:42 PM,1.121328,Normal
27/12/2015 10:13:42 PM,1.105309,Normal
27/12/2015 10:14:42 PM,1.169384,Normal
27/12/2015 10:15:42 PM,1.105309,Normal
27/12/2015 10:16:42 PM,1.121328,Normal
27/12/2015 10:17:42 PM,1.105309,Normal
27/12/2015 10:18:42 PM,1.137347,Normal
27/12/2015 10:19:42 PM,1.057252,Normal
27/12/2015 10:20:42 PM,1.121328,Normal
27/12/2015 10:21:42 PM,1.08929,Normal
27/12/2015 10:22:42 PM,1.08929,Normal
27/12/2015 10:23:42 PM,1.057252,Normal
27/12/2015 10:24:42 PM,1.025214,Normal
27/12/2015 10:25:42 PM,1.08929,Normal
27/12/2015 10:26:42 PM,1.08929,Normal
27/12/2015 10:27:42 PM,1.041233,Normal
27/12/2015 10:28:42 PM,1.009195,Normal
27/12/2015 10:29:42 PM,1.08929,Normal
27/12/2015 10:30:42 PM,1.185403,Normal
27/12/2015 10:31:42 PM,1.08929,Normal
27/12/2015 10:32:42 PM,1.105309,Normal
27/12/2015 10:33:42 PM,1.08929,Normal
27/12/2015 10:34:42 PM,1.137347,Normal
27/12/2015 10:35:42 PM,1.057252,Normal
27/12/2015 10:36:42 PM,1.057252,Normal
27/12/2015 10:37:42 PM,1.105309,Normal
27/12/2015 10:38:42 PM,1.137347,Normal
27/12/2015 10:39:42 PM,1.105309,Normal
27/12/2015 10:40:42 PM,1.08929,Normal
27/12/2015 10:41:42 PM,1.169384,Normal
27/12/2015 10:42:42 PM,1.057252,Normal
27/12/2015 10:43:42 PM,1.057252,Normal
27/12/2015 10:44:42 PM,1.041233,Normal
27/12/2015 10:45:42 PM,1.105309,Normal
27/12/2015 10:46:42 PM,1.041233,Normal
27/12/2015 10:47:42 PM,1.08929,Normal
27/12/2015 10:48:42 PM,1.105309,Normal
27/12/2015 10:49:42 PM,1.105309,Normal
27/12/2015 10:50:42 PM,1.105309,Normal
27/12/2015 10:51:42 PM,0.9771569,Normal
27/12/2015 10:52:42 PM,1.057252,Normal
27/12/2015 10:53:42 PM,1.201422,Normal
27/12/2015 10:54:42 PM,1.08929,Normal
27/12/2015 10:55:42 PM,1.041233,Normal
27/12/2015 10:56:42 PM,1.121328,Normal
27/12/2015 10:57:42 PM,1.009195,Normal
27/12/2015 10:58:42 PM,1.057252,Normal
27/12/2015 10:59:42 PM,1.137347,Normal
27/12/2015 11:00:42 PM,1.041233,Normal
27/12/2015 11:01:42 PM,1.025214,Normal
27/12/2015 11:02:42 PM,1.025214,Normal
27/12/2015 11:03:42 PM,0.9771569,Normal
27/12/2015 11:04:42 PM,1.105309,Normal
27/12/2015 11:05:42 PM,1.137347,Normal
27/12/2015 11:06:42 PM,1.025214,Normal
27/12/2015 11:07:42 PM,1.057252,Normal
27/12/2015 11:08:42 PM,1.009195,Normal
27/12/2015 11:09:42 PM,1.057252,Normal
27/12/2015 11:10:42 PM,1.041233,Normal
27/12/2015 11:11:42 PM,1.105309,Normal
27/12/2015 11:12:42 PM,1.08929,Normal
27/12/2015 11:13:42 PM,1.025214,Normal
27/12/2015 11:14:42 PM,0.9771569,Normal
27/12/2015 11:15:42 PM,1.057252,Normal
27/12/2015 11:16:42 PM,1.057252,Normal
27/12/2015 11:17:42 PM,1.057252,Normal
27/12/2015 11:18:42 PM,1.08929,Normal
27/12/2015 11:19:42 PM,1.105309,Normal
27/12/2015 11:20:42 PM,1.137347,Normal
27/12/2015 11:21:42 PM,1.08929,Normal
27/12/2015 11:22:42 PM,1.08929,Normal
27/12/2015 11:23:42 PM,1.057252,Normal
27/12/2015 11:24:42 PM,1.169384,Normal
27/12/2015 11:25:42 PM,1.025214,Normal
27/12/2015 11:26:42 PM,1.08929,Normal
27/12/2015 11:27:42 PM,1.057252,Normal
27/12/2015 11:28:42 PM,1.105309,Normal
27/12/2015 11:29:42 PM,1.041233,Normal
27/12/2015 11:30:42 PM,0.9771569,Normal
27/12/2015 11:31:42 PM,1.041233,Normal
27/12/2015 11:32:42 PM,1.121328,Normal
27/12/2015 11:33:42 PM,1.025214,Normal
27/12/2015 11:34:42 PM,1.009195,Normal
27/12/2015 11:35:42 PM,1.057252,Normal
27/12/2015 11:36:42 PM,1.041233,Normal
27/12/2015 11:37:42 PM,0.9771569,Normal
27/12/2015 11:38:42 PM,0.961138,Normal
27/12/2015 11:39:42 PM,1.057252,Normal
27/12/2015 11:40:42 PM,1.105309,Normal
27/12/2015 11:41:42 PM,1.08929,Normal
27/12/2015 11:42:42 PM,1.041233,Normal
27/12/2015 11:43:42 PM,1.08929,Normal
27/12/2015 11:44:42 PM,0.945119,Normal
27/12/2015 11:45:42 PM,1.057252,Normal
27/12/2015 11:46:42 PM,1.105309,Normal
27/12/2015 11:47:42 PM,1.057252,Normal
27/12/2015 11:48:42 PM,1.057252,Normal
27/12/2015 11:49:42 PM,1.057252,Normal
27/12/2015 11:50:42 PM,1.08929,Normal
27/12/2015 11:51:42 PM,1.057252,Normal
27/12/2015 11:52:42 PM,1.137347,Normal
27/12/2015 11:53:42 PM,1.041233,Normal
27/12/2015 11:54:42 PM,1.08929,Normal
27/12/2015 11:55:42 PM,1.025214,Normal
27/12/2015 11:56:42 PM,1.105309,Normal
27/12/2015 11:57:42 PM,1.105309,Normal
27/12/2015 11:58:42 PM,1.169384,Normal
27/12/2015 11:59:42 PM,1.105309,Normal
28/12/2015 12:00:42 AM,1.025214,Normal
28/12/2015 12:01:42 AM,1.105309,Normal
28/12/2015 12:02:42 AM,1.08929,Normal
28/12/2015 12:03:42 AM,1.121328,Normal
28/12/2015 12:04:42 AM,1.057252,Normal
28/12/2015 12:05:42 AM,1.08929,Normal
28/12/2015 12:06:42 AM,1.121328,Normal
28/12/2015 12:07:42 AM,1.057252,Normal
28/12/2015 12:08:42 AM,1.169384,Normal
28/12/2015 12:09:42 AM,1.169384,Normal
28/12/2015 12:10:42 AM,1.057252,Normal
28/12/2015 12:11:42 AM,1.121328,Normal
28/12/2015 12:12:42 AM,1.105309,Normal
28/12/2015 12:13:42 AM,1.08929,Normal
28/12/2015 12:14:42 AM,1.041233,Normal
28/12/2015 12:15:42 AM,1.08929,Normal
28/12/2015 12:16:42 AM,0.9771569,Normal
28/12/2015 12:17:42 AM,1.121328,Normal
28/12/2015 12:18:42 AM,1.08929,Normal
28/12/2015 12:19:42 AM,1.057252,Normal
28/12/2015 12:20:42 AM,1.08929,Normal
28/12/2015 12:21:42 AM,0.945119,Normal
28/12/2015 12:22:42 AM,1.08929,Normal
28/12/2015 12:23:42 AM,1.137347,Normal
28/12/2015 12:24:42 AM,1.105309,Normal
28/12/2015 12:25:42 AM,1.041233,Normal
28/12/2015 12:26:42 AM,1.105309,Normal
28/12/2015 12:27:42 AM,1.041233,Normal
28/12/2015 12:28:42 AM,0.9771569,Normal
28/12/2015 12:29:42 AM,1.041233,Normal
28/12/2015 12:30:42 AM,1.08929,Normal
28/12/2015 12:31:42 AM,1.137347,Normal
28/12/2015 12:32:42 AM,1.041233,Normal
28/12/2015 12:33:42 AM,1.08929,Normal
28/12/2015 12:34:42 AM,1.057252,Normal
28/12/2015 12:35:42 AM,1.105309,Normal
28/12/2015 12:36:42 AM,1.169384,Normal
28/12/2015 12:37:42 AM,1.137347,Normal
28/12/2015 12:38:42 AM,1.057252,Normal
28/12/2015 12:39:42 AM,1.121328,Normal
28/12/2015 12:40:42 AM,1.041233,Normal
28/12/2015 12:41:42 AM,1.08929,Normal
28/12/2015 12:42:42 AM,1.08929,Normal
28/12/2015 12:43:42 AM,1.041233,Normal
28/12/2015 12:44:42 AM,1.057252,Normal
28/12/2015 12:45:42 AM,1.057252,Normal
28/12/2015 12:46:42 AM,1.057252,Normal
28/12/2015 12:47:42 AM,1.08929,Normal
28/12/2015 12:48:42 AM,1.137347,Normal
28/12/2015 12:49:42 AM,1.08929,Normal
28/12/2015 12:50:42 AM,1.08929,Normal
28/12/2015 12:51:42 AM,1.041233,Normal
28/12/2015 12:52:42 AM,1.009195,Normal
28/12/2015 12:53:42 AM,0.9771569,Normal
28/12/2015 12:54:42 AM,1.137347,Normal
28/12/2015 12:55:42 AM,1.041233,Normal
28/12/2015 12:56:42 AM,1.057252,Normal
28/12/2015 12:57:42 AM,1.08929,Normal
28/12/2015 12:58:42 AM,1.025214,Normal
28/12/2015 12:59:42 AM,1.105309,Normal
28/12/2015 1:00:42 AM,1.057252,Normal
28/12/2015 1:01:42 AM,1.057252,Normal
28/12/2015 1:02:42 AM,1.105309,Normal
28/12/2015 1:03:42 AM,1.121328,Normal
28/12/2015 1:04:42 AM,1.105309,Normal
28/12/2015 1:05:42 AM,1.121328,Normal
28/12/2015 1:06:42 AM,1.137347,Normal
28/12/2015 1:07:42 AM,1.105309,Normal
28/12/2015 1:08:42 AM,1.105309,Normal
28/12/2015 1:09:42 AM,1.009195,Normal
28/12/2015 1:10:42 AM,1.08929,Normal
28/12/2015 1:11:42 AM,0.945119,Normal
28/12/2015 1:12:42 AM,1.137347,Normal
28/12/2015 1:13:42 AM,1.08929,Normal
28/12/2015 1:14:42 AM,1.08929,Normal
28/12/2015 1:15:42 AM,1.009195,Normal
28/12/2015 1:16:42 AM,1.057252,Normal
28/12/2015 1:17:42 AM,1.137347,Normal
28/12/2015 1:18:42 AM,1.217441,Normal
28/12/2015 1:19:42 AM,1.08929,Normal
28/12/2015 1:20:42 AM,1.105309,Normal
28/12/2015 1:21:42 AM,1.08929,Normal
28/12/2015 1:22:42 AM,1.217441,Normal
28/12/2015 1:23:42 AM,1.057252,Normal
28/12/2015 1:24:42 AM,1.105309,Normal
28/12/2015 1:25:42 AM,1.08929,Normal
28/12/2015 1:26:42 AM,1.057252,Normal
28/12/2015 1:27:42 AM,0.961138,Normal
28/12/2015 1:28:42 AM,1.057252,Normal
28/12/2015 1:29:42 AM,1.08929,Normal
28/12/2015 1:30:42 AM,1.137347,Normal
28/12/2015 1:31:42 AM,1.041233,Normal
28/12/2015 1:32:42 AM,1.121328,Normal
28/12/2015 1:33:42 AM,1.08929,Normal
28/12/2015 1:34:42 AM,1.105309,Normal
28/12/2015 1:35:42 AM,1.169384,Normal
28/12/2015 1:36:42 AM,1.185403,Normal
28/12/2015 1:37:42 AM,0.9771569,Normal
28/12/2015 1:38:42 AM,1.105309,Normal
28/12/2015 1:39:42 AM,1.169384,Normal
28/12/2015 1:40:42 AM,1.137347,Normal
28/12/2015 1:41:42 AM,1.121328,Normal
28/12/2015 1:42:42 AM,1.137347,Normal
28/12/2015 1:43:42 AM,1.137347,Normal
28/12/2015 1:44:42 AM,1.137347,Normal
28/12/2015 1:45:42 AM,1.169384,Normal
28/12/2015 1:46:42 AM,1.105309,Normal
28/12/2015 1:47:42 AM,1.08929,Normal
28/12/2015 1:48:42 AM,1.137347,Normal
28/12/2015 1:49:42 AM,1.169384,Normal
28/12/2015 1:50:42 AM,1.185403,Normal
28/12/2015 1:51:42 AM,1.057252,Normal
28/12/2015 1:52:42 AM,1.137347,Normal
28/12/2015 1:53:42 AM,1.137347,Normal
28/12/2015 1:54:42 AM,1.121328,Normal
28/12/2015 1:55:42 AM,1.025214,Normal
28/12/2015 1:56:42 AM,1.121328,Normal
28/12/2015 1:57:42 AM,1.025214,Normal
28/12/2015 1:58:42 AM,1.105309,Normal
28/12/2015 1:59:42 AM,1.057252,Normal
28/12/2015 2:00:42 AM,1.169384,Normal
28/12/2015 2:01:42 AM,1.009195,Normal
28/12/2015 2:02:42 AM,1.009195,Normal
28/12/2015 2:03:42 AM,1.105309,Normal
28/12/2015 2:04:42 AM,1.057252,Normal
28/12/2015 2:05:42 AM,1.08929,Normal
28/12/2015 2:06:42 AM,1.041233,Normal
28/12/2015 2:07:42 AM,1.08929,Normal
28/12/2015 2:08:42 AM,1.009195,Normal
28/12/2015 2:09:42 AM,1.08929,Normal
28/12/2015 2:10:42 AM,1.08929,Normal
28/12/2015 2:11:42 AM,1.057252,Normal
28/12/2015 2:12:42 AM,1.121328,Normal
28/12/2015 2:13:42 AM,1.041233,Normal
28/12/2015 2:14:42 AM,1.041233,Normal
28/12/2015 2:15:42 AM,1.041233,Normal
28/12/2015 2:16:42 AM,1.057252,Normal
28/12/2015 2:17:42 AM,1.041233,Normal
28/12/2015 2:18:42 AM,1.041233,Normal
28/12/2015 2:19:42 AM,1.041233,Normal
28/12/2015 2:20:42 AM,1.041233,Normal
28/12/2015 2:21:42 AM,1.041233,Normal
28/12/2015 2:22:42 AM,1.185403,Normal
28/12/2015 2:23:42 AM,1.041233,Normal
28/12/2015 2:24:42 AM,1.105309,Normal
28/12/2015 2:25:42 AM,1.009195,Normal
28/12/2015 2:26:42 AM,1.169384,Normal
28/12/2015 2:27:42 AM,1.201422,Normal
28/12/2015 2:28:42 AM,1.08929,Normal
28/12/2015 2:29:42 AM,1.057252,Normal
28/12/2015 2:30:42 AM,1.105309,Normal
28/12/2015 2:31:42 AM,1.08929,Normal
28/12/2015 2:32:42 AM,1.057252,Normal
28/12/2015 2:33:42 AM,1.041233,Normal
28/12/2015 2:34:42 AM,1.025214,Normal
28/12/2015 2:35:42 AM,1.025214,Normal
28/12/2015 2:36:42 AM,1.041233,Normal
28/12/2015 2:37:42 AM,1.041233,Normal
28/12/2015 2:38:42 AM,1.057252,Normal
28/12/2015 2:39:42 AM,1.025214,Normal
28/12/2015 2:40:42 AM,1.121328,Normal
28/12/2015 2:41:42 AM,1.121328,Normal
28/12/2015 2:42:42 AM,1.041233,Normal
28/12/2015 2:43:42 AM,1.041233,Normal
28/12/2015 2:44:42 AM,1.121328,Normal
28/12/2015 2:45:42 AM,1.08929,Normal
28/12/2015 2:46:42 AM,1.08929,Normal
28/12/2015 2:47:42 AM,1.169384,Normal
28/12/2015 2:48:42 AM,1.137347,Normal
28/12/2015 2:49:42 AM,1.137347,Normal
28/12/2015 2:50:42 AM,1.137347,Normal
28/12/2015 2:51:42 AM,1.121328,Normal
28/12/2015 2:52:42 AM,1.105309,Normal
28/12/2015 2:53:42 AM,1.08929,Normal
28/12/2015 2:54:42 AM,1.105309,Normal
28/12/2015 2:55:42 AM,1.105309,Normal
28/12/2015 2:56:42 AM,1.169384,Normal
28/12/2015 2:57:42 AM,1.057252,Normal
28/12/2015 2:58:42 AM,1.105309,Normal
28/12/2015 2:59:42 AM,1.121328,Normal
28/12/2015 3:00:42 AM,1.121328,Normal
28/12/2015 3:01:42 AM,1.137347,Normal
28/12/2015 3:02:42 AM,1.121328,Normal
28/12/2015 3:03:42 AM,1.137347,Normal
28/12/2015 3:04:42 AM,1.169384,Normal
28/12/2015 3:05:42 AM,1.121328,Normal
28/12/2015 3:06:42 AM,1.105309,Normal
28/12/2015 3:07:42 AM,1.105309,Normal
28/12/2015 3:08:42 AM,1.057252,Normal
28/12/2015 3:09:42 AM,1.105309,Normal
28/12/2015 3:10:42 AM,1.137347,Normal
28/12/2015 3:11:42 AM,1.169384,Normal
28/12/2015 3:12:42 AM,1.08929,Normal
28/12/2015 3:13:42 AM,1.08929,Normal
28/12/2015 3:14:42 AM,1.041233,Normal
28/12/2015 3:15:42 AM,1.057252,Normal
28/12/2015 3:16:42 AM,1.08929,Normal
28/12/2015 3:17:42 AM,1.08929,Normal
28/12/2015 3:18:42 AM,1.121328,Normal
28/12/2015 3:19:42 AM,1.057252,Normal
28/12/2015 3:20:42 AM,1.137347,Normal
28/12/2015 3:21:42 AM,1.08929,Normal
28/12/2015 3:22:42 AM,1.121328,Normal
28/12/2015 3:23:42 AM,1.105309,Normal
28/12/2015 3:24:42 AM,1.121328,Normal
28/12/2015 3:25:42 AM,1.121328,Normal
28/12/2015 3:26:42 AM,1.121328,Normal
28/12/2015 3:27:42 AM,1.201422,Normal
28/12/2015 3:28:42 AM,1.121328,Normal
28/12/2015 3:29:42 AM,1.121328,Normal
28/12/2015 3:30:42 AM,1.137347,Normal
28/12/2015 3:31:42 AM,1.105309,Normal
28/12/2015 3:32:42 AM,1.105309,Normal
28/12/2015 3:33:42 AM,1.169384,Normal
28/12/2015 3:34:42 AM,1.137347,Normal
28/12/2015 3:35:42 AM,1.105309,Normal
28/12/2015 3:36:42 AM,1.169384,Normal
28/12/2015 3:37:42 AM,1.08929,Normal
28/12/2015 3:38:42 AM,1.137347,Normal
28/12/2015 3:39:42 AM,1.121328,Normal
28/12/2015 3:40:42 AM,1.121328,Normal
28/12/2015 3:41:42 AM,1.057252,Normal
28/12/2015 3:42:42 AM,1.137347,Normal
28/12/2015 3:43:42 AM,1.121328,Normal
28/12/2015 3:44:42 AM,1.057252,Normal
28/12/2015 3:45:42 AM,1.009195,Normal
28/12/2015 3:46:42 AM,1.217441,Normal
28/12/2015 3:47:42 AM,1.08929,Normal
28/12/2015 3:48:42 AM,1.08929,Normal
28/12/2015 3:49:42 AM,1.121328,Normal
28/12/2015 3:50:42 AM,1.169384,Normal
28/12/2015 3:51:42 AM,1.08929,Normal
28/12/2015 3:52:42 AM,1.169384,Normal
28/12/2015 3:53:42 AM,1.08929,Normal
28/12/2015 3:54:42 AM,1.041233,Normal
28/12/2015 3:55:42 AM,1.121328,Normal
28/12/2015 3:56:42 AM,1.08929,Normal
28/12/2015 3:57:42 AM,1.08929,Normal
28/12/2015 3:58:42 AM,1.08929,Normal
28/12/2015 3:59:42 AM,1.137347,Normal
28/12/2015 4:00:42 AM,1.121328,Normal
28/12/2015 4:01:42 AM,1.217441,Normal
28/12/2015 4:02:42 AM,1.137347,Normal
28/12/2015 4:03:42 AM,1.08929,Normal
28/12/2015 4:04:42 AM,1.105309,Normal
28/12/2015 4:05:42 AM,1.185403,Normal
28/12/2015 4:06:42 AM,1.121328,Normal
28/12/2015 4:07:42 AM,1.185403,Normal
28/12/2015 4:08:42 AM,1.121328,Normal
28/12/2015 4:09:42 AM,1.169384,Normal
28/12/2015 4:10:42 AM,1.105309,Normal
28/12/2015 4:11:42 AM,1.105309,Normal
28/12/2015 4:12:42 AM,1.249479,Normal
28/12/2015 4:13:42 AM,1.169384,Normal
28/12/2015 4:14:42 AM,1.121328,Normal
28/12/2015 4:15:42 AM,1.169384,Normal
28/12/2015 4:16:42 AM,1.105309,Normal
28/12/2015 4:17:42 AM,1.121328,Normal
28/12/2015 4:18:42 AM,1.169384,Normal
28/12/2015 4:19:42 AM,1.105309,Normal
28/12/2015 4:20:42 AM,1.185403,Normal
28/12/2015 4:21:42 AM,1.105309,Normal
28/12/2015 4:22:42 AM,1.169384,Normal
28/12/2015 4:23:42 AM,1.08929,Normal
28/12/2015 4:24:42 AM,1.057252,Normal
28/12/2015 4:25:42 AM,1.025214,Normal
28/12/2015 4:26:42 AM,1.105309,Normal
28/12/2015 4:27:42 AM,1.025214,Normal
28/12/2015 4:28:42 AM,1.057252,Normal
28/12/2015 4:29:42 AM,1.057252,Normal
28/12/2015 4:30:42 AM,1.057252,Normal
28/12/2015 4:31:42 AM,1.08929,Normal
28/12/2015 4:32:42 AM,1.057252,Normal
28/12/2015 4:33:42 AM,1.041233,Normal
28/12/2015 4:34:42 AM,1.041233,Normal
28/12/2015 4:35:42 AM,0.961138,Normal
28/12/2015 4:36:42 AM,1.185403,Normal
28/12/2015 4:37:42 AM,1.105309,Normal
28/12/2015 4:38:42 AM,1.121328,Normal
28/12/2015 4:39:42 AM,1.08929,Normal
28/12/2015 4:40:42 AM,1.169384,Normal
28/12/2015 4:41:42 AM,1.121328,Normal
28/12/2015 4:42:42 AM,1.185403,Normal
28/12/2015 4:43:42 AM,1.137347,Normal
28/12/2015 4:44:42 AM,1.121328,Normal
28/12/2015 4:45:42 AM,1.105309,Normal
28/12/2015 4:46:42 AM,1.041233,Normal
28/12/2015 4:47:42 AM,1.169384,Normal
28/12/2015 4:48:42 AM,1.121328,Normal
28/12/2015 4:49:42 AM,1.08929,Normal
28/12/2015 4:50:42 AM,1.121328,Normal
28/12/2015 4:51:42 AM,1.105309,Normal
28/12/2015 4:52:42 AM,1.105309,Normal
28/12/2015 4:53:42 AM,1.137347,Normal
28/12/2015 4:54:42 AM,1.201422,Normal
28/12/2015 4:55:42 AM,1.025214,Normal
28/12/2015 4:56:42 AM,1.137347,Normal
28/12/2015 4:57:42 AM,1.137347,Normal
28/12/2015 4:58:42 AM,1.169384,Normal
28/12/2015 4:59:42 AM,1.121328,Normal
28/12/2015 5:00:42 AM,1.137347,Normal
28/12/2015 5:01:42 AM,1.169384,Normal
28/12/2015 5:02:42 AM,1.121328,Normal
28/12/2015 5:03:42 AM,1.121328,Normal
28/12/2015 5:04:42 AM,1.121328,Normal
28/12/2015 5:05:42 AM,1.137347,Normal
28/12/2015 5:06:42 AM,1.105309,Normal
28/12/2015 5:07:42 AM,1.121328,Normal
28/12/2015 5:08:42 AM,1.121328,Normal
28/12/2015 5:09:42 AM,1.249479,Normal
28/12/2015 5:10:42 AM,1.057252,Normal
28/12/2015 5:11:42 AM,1.057252,Normal
28/12/2015 5:12:42 AM,1.121328,Normal
28/12/2015 5:13:42 AM,1.057252,Normal
28/12/2015 5:14:42 AM,1.08929,Normal
28/12/2015 5:15:42 AM,1.08929,Normal
28/12/2015 5:16:42 AM,1.08929,Normal
28/12/2015 5:17:42 AM,1.057252,Normal
28/12/2015 5:18:42 AM,1.041233,Normal
28/12/2015 5:19:42 AM,1.105309,Normal
28/12/2015 5:20:42 AM,1.041233,Normal
28/12/2015 5:21:42 AM,1.137347,Normal
28/12/2015 5:22:42 AM,1.137347,Normal
28/12/2015 5:23:42 AM,1.121328,Normal
28/12/2015 5:24:42 AM,1.105309,Normal
28/12/2015 5:25:42 AM,1.121328,Normal
28/12/2015 5:26:42 AM,1.169384,Normal
28/12/2015 5:27:42 AM,1.121328,Normal
28/12/2015 5:28:42 AM,1.08929,Normal
28/12/2015 5:29:42 AM,1.08929,Normal
28/12/2015 5:30:42 AM,1.169384,Normal
28/12/2015 5:31:42 AM,1.105309,Normal
28/12/2015 5:32:42 AM,1.169384,Normal
28/12/2015 5:33:42 AM,1.057252,Normal
28/12/2015 5:34:42 AM,1.08929,Normal
28/12/2015 5:35:42 AM,1.185403,Normal
28/12/2015 5:36:42 AM,1.201422,Normal
28/12/2015 5:37:42 AM,1.025214,Normal
28/12/2015 5:38:42 AM,1.08929,Normal
28/12/2015 5:39:42 AM,1.105309,Normal
28/12/2015 5:40:42 AM,1.105309,Normal
28/12/2015 5:41:42 AM,1.185403,Normal
28/12/2015 5:42:42 AM,1.169384,Normal
28/12/2015 5:43:42 AM,1.057252,Normal
28/12/2015 5:44:42 AM,1.057252,Normal
28/12/2015 5:45:42 AM,1.08929,Normal
28/12/2015 5:46:42 AM,1.105309,Normal
28/12/2015 5:47:42 AM,1.137347,Normal
28/12/2015 5:48:42 AM,1.121328,Normal
28/12/2015 5:49:42 AM,1.185403,Normal
28/12/2015 5:50:42 AM,1.137347,Normal
28/12/2015 5:51:42 AM,1.105309,Normal
28/12/2015 5:52:42 AM,1.137347,Normal
28/12/2015 5:53:42 AM,1.201422,Normal
28/12/2015 5:54:42 AM,1.041233,Normal
28/12/2015 5:55:42 AM,1.137347,Normal
28/12/2015 5:56:42 AM,1.105309,Normal
28/12/2015 5:57:42 AM,1.105309,Normal
28/12/2015 5:58:42 AM,1.105309,Normal
28/12/2015 5:59:42 AM,1.08929,Normal
28/12/2015 6:00:42 AM,1.025214,Normal
28/12/2015 6:01:42 AM,1.025214,Normal
28/12/2015 6:02:42 AM,0.961138,Normal
28/12/2015 6:03:42 AM,1.041233,Normal
28/12/2015 6:04:42 AM,1.121328,Normal
28/12/2015 6:05:42 AM,1.041233,Normal
28/12/2015 6:06:42 AM,1.08929,Normal
28/12/2015 6:07:42 AM,1.041233,Normal
28/12/2015 6:08:42 AM,1.057252,Normal
28/12/2015 6:09:42 AM,1.08929,Normal
28/12/2015 6:10:42 AM,1.121328,Normal
28/12/2015 6:11:42 AM,1.057252,Normal
28/12/2015 6:12:42 AM,1.009195,Normal
28/12/2015 6:13:42 AM,1.041233,Normal
28/12/2015 6:14:42 AM,1.025214,Normal
28/12/2015 6:15:42 AM,1.025214,Normal
28/12/2015 6:16:42 AM,1.169384,Normal
28/12/2015 6:17:42 AM,1.057252,Normal
28/12/2015 6:18:42 AM,1.121328,Normal
28/12/2015 6:19:42 AM,1.041233,Normal
28/12/2015 6:20:42 AM,1.121328,Normal
28/12/2015 6:21:42 AM,1.009195,Normal
28/12/2015 6:22:42 AM,1.08929,Normal
28/12/2015 6:23:42 AM,1.041233,Normal
28/12/2015 6:24:42 AM,1.041233,Normal
28/12/2015 6:25:42 AM,1.057252,Normal
28/12/2015 6:26:42 AM,1.105309,Normal
28/12/2015 6:27:42 AM,1.105309,Normal
28/12/2015 6:28:42 AM,1.201422,Normal
28/12/2015 6:29:42 AM,1.121328,Normal
28/12/2015 6:30:42 AM,1.08929,Normal
28/12/2015 6:31:42 AM,1.169384,Normal
28/12/2015 6:32:42 AM,1.08929,Normal
28/12/2015 6:33:42 AM,1.08929,Normal
28/12/2015 6:34:42 AM,1.08929,Normal
28/12/2015 6:35:42 AM,1.121328,Normal
28/12/2015 6:36:42 AM,1.137347,Normal
28/12/2015 6:37:42 AM,1.105309,Normal
28/12/2015 6:38:42 AM,1.121328,Normal
28/12/2015 6:39:42 AM,1.08929,Normal
28/12/2015 6:40:42 AM,1.105309,Normal
28/12/2015 6:41:42 AM,1.201422,Normal
28/12/2015 6:42:42 AM,1.057252,Normal
28/12/2015 6:43:42 AM,1.057252,Normal
28/12/2015 6:44:42 AM,1.105309,Normal
28/12/2015 6:45:42 AM,1.057252,Normal
28/12/2015 6:46:42 AM,1.057252,Normal
28/12/2015 6:47:42 AM,1.009195,Normal
28/12/2015 6:48:42 AM,1.041233,Normal
28/12/2015 6:49:42 AM,0.9771569,Normal
28/12/2015 6:50:42 AM,1.057252,Normal
28/12/2015 6:51:42 AM,1.121328,Normal
28/12/2015 6:52:42 AM,0.9771569,Normal
28/12/2015 6:53:42 AM,1.041233,Normal
28/12/2015 6:54:42 AM,0.961138,Normal
28/12/2015 6:55:42 AM,1.169384,Normal
28/12/2015 6:56:42 AM,1.105309,Normal
28/12/2015 6:57:42 AM,1.041233,Normal
28/12/2015 6:58:42 AM,1.057252,Normal
28/12/2015 6:59:42 AM,1.041233,Normal
28/12/2015 7:00:42 AM,1.057252,Normal
28/12/2015 7:01:42 AM,1.057252,Normal
28/12/2015 7:02:42 AM,1.041233,Normal
28/12/2015 7:03:42 AM,1.137347,Normal
28/12/2015 7:04:42 AM,1.08929,Normal
28/12/2015 7:05:42 AM,1.121328,Normal
28/12/2015 7:06:42 AM,1.041233,Normal
28/12/2015 7:07:42 AM,1.137347,Normal
28/12/2015 7:08:42 AM,0.961138,Normal
28/12/2015 7:09:42 AM,1.025214,Normal
28/12/2015 7:10:42 AM,1.08929,Normal
28/12/2015 7:11:42 AM,1.217441,Normal
28/12/2015 7:12:42 AM,1.057252,Normal
28/12/2015 7:13:42 AM,1.009195,Normal
28/12/2015 7:14:42 AM,1.041233,Normal
28/12/2015 7:15:42 AM,1.105309,Normal
28/12/2015 7:16:42 AM,1.121328,Normal
28/12/2015 7:17:42 AM,1.105309,Normal
28/12/2015 7:18:42 AM,1.137347,Normal
28/12/2015 7:19:42 AM,1.105309,Normal
28/12/2015 7:20:42 AM,1.137347,Normal
28/12/2015 7:21:42 AM,1.105309,Normal
28/12/2015 7:22:42 AM,1.201422,Normal
28/12/2015 7:23:42 AM,1.121328,Normal
28/12/2015 7:24:42 AM,1.169384,Normal
28/12/2015 7:25:42 AM,1.121328,Normal
28/12/2015 7:26:42 AM,1.137347,Normal
28/12/2015 7:27:42 AM,1.121328,Normal
28/12/2015 7:28:42 AM,1.121328,Normal
28/12/2015 7:29:42 AM,1.169384,Normal
28/12/2015 7:30:42 AM,1.169384,Normal
28/12/2015 7:31:42 AM,1.201422,Normal
28/12/2015 7:32:42 AM,1.249479,Normal
28/12/2015 7:33:42 AM,1.185403,Normal
28/12/2015 7:34:42 AM,1.185403,Normal
28/12/2015 7:35:42 AM,1.281517,Normal
28/12/2015 7:36:42 AM,1.185403,Normal
28/12/2015 7:37:42 AM,1.297536,Normal
28/12/2015 7:38:42 AM,1.249479,Normal
28/12/2015 7:39:42 AM,1.249479,Normal
28/12/2015 7:40:42 AM,1.281517,Normal
28/12/2015 7:41:42 AM,1.345593,Normal
28/12/2015 7:42:42 AM,1.281517,Normal
28/12/2015 7:43:42 AM,1.249479,Normal
28/12/2015 7:44:42 AM,1.217441,Normal
28/12/2015 7:45:42 AM,1.345593,Normal
28/12/2015 7:46:42 AM,1.329574,Normal
28/12/2015 7:47:42 AM,1.345593,Normal
28/12/2015 7:48:42 AM,1.361612,Normal
28/12/2015 7:49:42 AM,1.377631,Normal
28/12/2015 7:50:42 AM,1.377631,Normal
28/12/2015 7:51:42 AM,1.361612,Normal
28/12/2015 7:52:42 AM,1.361612,Normal
28/12/2015 7:53:42 AM,1.361612,Normal
28/12/2015 7:54:42 AM,1.345593,Normal
28/12/2015 7:55:42 AM,1.345593,Normal
28/12/2015 7:56:42 AM,1.345593,Normal
28/12/2015 7:57:42 AM,1.361612,Normal
28/12/2015 7:58:42 AM,1.377631,Normal
28/12/2015 7:59:42 AM,1.361612,Normal
28/12/2015 8:00:42 AM,1.425688,Normal
28/12/2015 8:01:42 AM,1.361612,Normal
28/12/2015 8:02:42 AM,1.409669,Normal
28/12/2015 8:03:42 AM,1.425688,Normal
28/12/2015 8:04:42 AM,1.441707,Normal
28/12/2015 8:05:42 AM,1.505783,Normal
28/12/2015 8:06:42 AM,1.425688,Normal
28/12/2015 8:07:42 AM,1.489764,Normal
28/12/2015 8:08:42 AM,1.409669,Normal
28/12/2015 8:09:42 AM,1.537821,Normal
28/12/2015 8:10:42 AM,1.457726,Normal
28/12/2015 8:11:42 AM,1.569859,Normal
28/12/2015 8:12:42 AM,1.521802,Normal
28/12/2015 8:13:42 AM,1.409669,Normal
28/12/2015 8:14:42 AM,1.505783,Normal
28/12/2015 8:15:42 AM,1.569859,Normal
28/12/2015 8:16:42 AM,1.681991,Normal
28/12/2015 8:17:42 AM,1.521802,Normal
28/12/2015 8:18:42 AM,1.489764,Normal
28/12/2015 8:19:42 AM,1.537821,Normal
28/12/2015 8:20:42 AM,1.617916,Normal
28/12/2015 8:21:42 AM,1.585878,Normal
28/12/2015 8:22:42 AM,1.617916,Normal
28/12/2015 8:23:42 AM,1.585878,Normal
28/12/2015 8:24:42 AM,1.585878,Normal
28/12/2015 8:25:42 AM,1.585878,Normal
28/12/2015 8:26:42 AM,1.537821,Normal
28/12/2015 8:27:42 AM,1.601897,Normal
28/12/2015 8:28:42 AM,1.617916,Normal
28/12/2015 8:29:42 AM,1.585878,Normal
28/12/2015 8:30:42 AM,1.649953,Normal
28/12/2015 8:31:42 AM,1.569859,Normal
28/12/2015 8:32:42 AM,1.569859,Normal
28/12/2015 8:33:42 AM,1.585878,Normal
28/12/2015 8:34:42 AM,1.665972,Normal
28/12/2015 8:35:42 AM,1.585878,Normal
28/12/2015 8:36:42 AM,1.585878,Normal
28/12/2015 8:37:42 AM,1.585878,Normal
28/12/2015 8:38:42 AM,1.585878,Normal
28/12/2015 8:39:42 AM,1.585878,Normal
28/12/2015 8:40:42 AM,1.649953,Normal
28/12/2015 8:41:42 AM,1.617916,Normal
28/12/2015 8:42:42 AM,1.617916,Normal
28/12/2015 8:43:42 AM,1.665972,Normal
28/12/2015 8:44:42 AM,1.730048,Normal
28/12/2015 8:45:42 AM,1.601897,Normal
28/12/2015 8:46:42 AM,1.617916,Normal
28/12/2015 8:47:42 AM,1.601897,Normal
28/12/2015 8:48:42 AM,1.665972,Normal
28/12/2015 8:49:42 AM,1.601897,Normal
28/12/2015 8:50:42 AM,1.601897,Normal
28/12/2015 8:51:42 AM,1.601897,Normal
28/12/2015 8:52:42 AM,1.601897,Normal
28/12/2015 8:53:42 AM,1.569859,Normal
28/12/2015 8:54:42 AM,1.601897,Normal
28/12/2015 8:55:42 AM,1.665972,Normal
28/12/2015 8:56:42 AM,1.69801,Normal
28/12/2015 8:57:42 AM,1.665972,Normal
28/12/2015 8:58:42 AM,1.601897,Normal
28/12/2015 8:59:42 AM,1.665972,Normal
28/12/2015 9:00:42 AM,1.69801,Normal
28/12/2015 9:01:42 AM,1.69801,Normal
28/12/2015 9:02:42 AM,1.730048,Normal
28/12/2015 9:03:42 AM,1.665972,Normal
28/12/2015 9:04:42 AM,1.730048,Normal
28/12/2015 9:05:42 AM,1.681991,Normal
28/12/2015 9:06:42 AM,1.681991,Normal
28/12/2015 9:07:42 AM,1.681991,Normal
28/12/2015 9:08:42 AM,1.778105,Normal
28/12/2015 9:09:42 AM,1.665972,Normal
28/12/2015 9:10:42 AM,1.69801,Normal
28/12/2015 9:11:42 AM,1.69801,Normal
28/12/2015 9:12:42 AM,1.778105,Normal
28/12/2015 9:13:42 AM,1.665972,Normal
28/12/2015 9:14:42 AM,1.69801,Normal
28/12/2015 9:15:42 AM,1.730048,Normal
28/12/2015 9:16:42 AM,1.569859,Normal
28/12/2015 9:17:42 AM,1.585878,Normal
28/12/2015 9:18:42 AM,1.665972,Normal
28/12/2015 9:19:42 AM,1.69801,Normal
28/12/2015 9:20:42 AM,1.681991,Normal
28/12/2015 9:21:42 AM,1.649953,Normal
28/12/2015 9:22:42 AM,1.69801,Normal
28/12/2015 9:23:42 AM,1.569859,Normal
28/12/2015 9:24:42 AM,1.617916,Normal
28/12/2015 9:25:42 AM,1.601897,Normal
28/12/2015 9:26:42 AM,1.681991,Normal
28/12/2015 9:27:42 AM,1.569859,Normal
28/12/2015 9:28:42 AM,1.730048,Normal
28/12/2015 9:29:42 AM,1.730048,Normal
28/12/2015 9:30:42 AM,1.665972,Normal
28/12/2015 9:31:42 AM,1.730048,Normal
28/12/2015 9:32:42 AM,1.746067,Normal
28/12/2015 9:33:42 AM,1.69801,Normal
28/12/2015 9:34:42 AM,1.69801,Normal
28/12/2015 9:35:42 AM,1.730048,Normal
28/12/2015 9:36:42 AM,1.665972,Normal
28/12/2015 9:37:42 AM,1.778105,Normal
28/12/2015 9:38:42 AM,1.681991,Normal
28/12/2015 9:39:42 AM,1.681991,Normal
28/12/2015 9:40:42 AM,1.730048,Normal
28/12/2015 9:41:42 AM,1.730048,Normal
28/12/2015 9:42:42 AM,1.762086,Normal
28/12/2015 9:43:42 AM,1.730048,Normal
28/12/2015 9:44:42 AM,1.730048,Normal
28/12/2015 9:45:42 AM,1.746067,Normal
28/12/2015 9:46:42 AM,1.746067,Normal
28/12/2015 9:47:42 AM,1.746067,Normal
28/12/2015 9:48:42 AM,1.601897,Normal
28/12/2015 9:49:42 AM,1.730048,Normal
28/12/2015 9:50:42 AM,1.730048,Normal
28/12/2015 9:51:42 AM,1.681991,Normal
28/12/2015 9:52:42 AM,1.601897,Normal
28/12/2015 9:53:42 AM,1.681991,Normal
28/12/2015 9:54:42 AM,1.730048,Normal
28/12/2015 9:55:42 AM,1.649953,Normal
28/12/2015 9:56:42 AM,1.665972,Normal
28/12/2015 9:57:42 AM,1.69801,Normal
28/12/2015 9:58:42 AM,1.681991,Normal
28/12/2015 9:59:42 AM,1.681991,Normal
22/12/2015 4:30:42 PM,0,Normal
22/12/2015 4:31:42 PM,0,Normal
22/12/2015 4:32:42 PM,0,Normal
22/12/2015 4:33:42 PM,0,Normal
22/12/2015 4:34:42 PM,0,Normal
22/12/2015 4:35:42 PM,0,Normal
22/12/2015 4:36:42 PM,0,Normal
22/12/2015 4:37:42 PM,0,Normal
22/12/2015 4:38:42 PM,0,Normal
22/12/2015 4:39:42 PM,0,Normal
22/12/2015 4:40:42 PM,0,Normal
22/12/2015 4:41:42 PM,0,Normal
22/12/2015 4:42:42 PM,0,Normal
22/12/2015 4:43:42 PM,0,Normal
22/12/2015 4:44:42 PM,0,Normal
22/12/2015 4:45:42 PM,0,Normal
22/12/2015 4:46:42 PM,0,Normal
22/12/2015 4:47:42 PM,0,Normal
22/12/2015 4:48:42 PM,0,Normal
22/12/2015 4:49:42 PM,0,Normal
22/12/2015 4:50:42 PM,0,Normal
22/12/2015 4:51:42 PM,0,Normal
22/12/2015 4:52:42 PM,0,Normal
22/12/2015 4:53:42 PM,0,Normal
22/12/2015 4:54:42 PM,2.979528,Normal
22/12/2015 4:55:42 PM,3.059623,Normal
22/12/2015 4:56:42 PM,3.107679,Normal
22/12/2015 4:57:42 PM,1.361612,Normal
22/12/2015 4:58:42 PM,1.441707,Normal
22/12/2015 4:59:42 PM,1.441707,Normal
22/12/2015 5:00:42 PM,1.441707,Normal
22/12/2015 5:01:42 PM,1.457726,Normal
22/12/2015 5:02:42 PM,1.457726,Normal
22/12/2015 5:03:42 PM,1.457726,Normal
22/12/2015 5:04:42 PM,1.505783,Normal
22/12/2015 5:05:42 PM,1.489764,Normal
22/12/2015 5:06:42 PM,1.521802,Normal
22/12/2015 5:07:42 PM,1.489764,Normal
22/12/2015 5:08:42 PM,1.489764,Normal
22/12/2015 5:09:42 PM,1.505783,Normal
22/12/2015 5:10:42 PM,1.505783,Normal
22/12/2015 5:11:42 PM,1.425688,Normal
22/12/2015 5:12:42 PM,1.457726,Normal
22/12/2015 5:13:42 PM,1.489764,Normal
22/12/2015 5:14:42 PM,1.505783,Normal
22/12/2015 5:15:42 PM,1.505783,Normal
22/12/2015 5:16:42 PM,1.505783,Normal
22/12/2015 5:17:42 PM,1.505783,Normal
22/12/2015 5:18:42 PM,1.505783,Normal
22/12/2015 5:19:42 PM,1.489764,Normal
22/12/2015 5:20:42 PM,1.521802,Normal
22/12/2015 5:21:42 PM,1.521802,Normal
22/12/2015 5:22:42 PM,1.505783,Normal
22/12/2015 5:23:42 PM,1.505783,Normal
22/12/2015 5:24:42 PM,1.441707,Normal
22/12/2015 5:25:42 PM,1.69801,Normal
22/12/2015 5:26:42 PM,1.601897,Normal
22/12/2015 5:27:42 PM,1.537821,Normal
22/12/2015 5:28:42 PM,1.505783,Normal
22/12/2015 5:29:42 PM,1.505783,Normal
22/12/2015 5:30:42 PM,1.521802,Normal
22/12/2015 5:31:42 PM,1.537821,Normal
22/12/2015 5:32:42 PM,1.537821,Normal
22/12/2015 5:33:42 PM,1.585878,Normal
22/12/2015 5:34:42 PM,1.569859,Normal
22/12/2015 5:35:42 PM,1.537821,Normal
22/12/2015 5:36:42 PM,1.537821,Normal
22/12/2015 5:37:42 PM,1.569859,Normal
22/12/2015 5:38:42 PM,1.505783,Normal
22/12/2015 5:39:42 PM,1.537821,Normal
22/12/2015 5:40:42 PM,1.585878,Normal
22/12/2015 5:41:42 PM,1.585878,Normal
22/12/2015 5:42:42 PM,1.457726,Normal
22/12/2015 5:43:42 PM,1.537821,Normal
22/12/2015 5:44:42 PM,1.617916,Normal
22/12/2015 5:45:42 PM,1.441707,Normal
22/12/2015 5:46:42 PM,1.537821,Normal
22/12/2015 5:47:42 PM,1.521802,Normal
22/12/2015 5:48:42 PM,1.569859,Normal
22/12/2015 5:49:42 PM,1.537821,Normal
22/12/2015 5:50:42 PM,1.601897,Normal
22/12/2015 5:51:42 PM,1.585878,Normal
22/12/2015 5:52:42 PM,1.537821,Normal
22/12/2015 5:53:42 PM,1.521802,Normal
22/12/2015 5:54:42 PM,1.569859,Normal
22/12/2015 5:55:42 PM,1.601897,Normal
22/12/2015 5:56:42 PM,1.537821,Normal
22/12/2015 5:57:42 PM,1.457726,Normal
22/12/2015 5:58:42 PM,1.489764,Normal
22/12/2015 5:59:42 PM,1.569859,Normal
22/12/2015 6:00:42 PM,1.585878,Normal
22/12/2015 6:01:42 PM,1.521802,Normal
22/12/2015 6:02:42 PM,1.521802,Normal
22/12/2015 6:03:42 PM,1.505783,Normal
22/12/2015 6:04:42 PM,1.521802,Normal
22/12/2015 6:05:42 PM,1.537821,Normal
22/12/2015 6:06:42 PM,1.601897,Normal
22/12/2015 6:07:42 PM,1.537821,Normal
22/12/2015 6:08:42 PM,1.569859,Normal
22/12/2015 6:09:42 PM,1.521802,Normal
22/12/2015 6:10:42 PM,1.569859,Normal
22/12/2015 6:11:42 PM,1.537821,Normal
22/12/2015 6:12:42 PM,1.521802,Normal
22/12/2015 6:13:42 PM,1.489764,Normal
22/12/2015 6:14:42 PM,1.457726,Normal
22/12/2015 6:15:42 PM,1.505783,Normal
22/12/2015 6:16:42 PM,1.649953,Normal
22/12/2015 6:17:42 PM,1.601897,Normal
22/12/2015 6:18:42 PM,1.569859,Normal
22/12/2015 6:19:42 PM,1.521802,Normal
22/12/2015 6:20:42 PM,1.521802,Normal
22/12/2015 6:21:42 PM,1.585878,Normal
22/12/2015 6:22:42 PM,1.537821,Normal
22/12/2015 6:23:42 PM,1.585878,Normal
22/12/2015 6:24:42 PM,1.537821,Normal
22/12/2015 6:25:42 PM,1.457726,Normal
22/12/2015 6:26:42 PM,1.505783,Normal
22/12/2015 6:27:42 PM,1.585878,Normal
22/12/2015 6:28:42 PM,1.521802,Normal
22/12/2015 6:29:42 PM,1.569859,Normal
22/12/2015 6:30:42 PM,1.569859,Normal
22/12/2015 6:31:42 PM,1.585878,Normal
22/12/2015 6:32:42 PM,1.569859,Normal
22/12/2015 6:33:42 PM,1.521802,Normal
22/12/2015 6:34:42 PM,1.521802,Normal
22/12/2015 6:35:42 PM,1.521802,Normal
22/12/2015 6:36:42 PM,1.537821,Normal
22/12/2015 6:37:42 PM,1.585878,Normal
22/12/2015 6:38:42 PM,1.505783,Normal
22/12/2015 6:39:42 PM,1.505783,Normal
22/12/2015 6:40:42 PM,1.537821,Normal
22/12/2015 6:41:42 PM,1.569859,Normal
22/12/2015 6:42:42 PM,1.569859,Normal
22/12/2015 6:43:42 PM,1.521802,Normal
22/12/2015 6:44:42 PM,1.537821,Normal
22/12/2015 6:45:42 PM,1.617916,Normal
22/12/2015 6:46:42 PM,1.521802,Normal
22/12/2015 6:47:42 PM,1.425688,Normal
22/12/2015 6:48:42 PM,1.617916,Normal
22/12/2015 6:49:42 PM,1.569859,Normal
22/12/2015 6:50:42 PM,1.521802,Normal
22/12/2015 6:51:42 PM,1.649953,Normal
22/12/2015 6:52:42 PM,1.457726,Normal
22/12/2015 6:53:42 PM,1.505783,Normal
22/12/2015 6:54:42 PM,1.521802,Normal
22/12/2015 6:55:42 PM,1.489764,Normal
22/12/2015 6:56:42 PM,1.521802,Normal
22/12/2015 6:57:42 PM,1.521802,Normal
22/12/2015 6:58:42 PM,1.457726,Normal
22/12/2015 6:59:42 PM,1.441707,Normal
22/12/2015 7:00:42 PM,1.505783,Normal
22/12/2015 7:01:42 PM,1.537821,Normal
22/12/2015 7:02:42 PM,1.457726,Normal
22/12/2015 7:03:42 PM,1.521802,Normal
22/12/2015 7:04:42 PM,1.521802,Normal
22/12/2015 7:05:42 PM,1.441707,Normal
22/12/2015 7:06:42 PM,1.585878,Normal
22/12/2015 7:07:42 PM,1.457726,Normal
22/12/2015 7:08:42 PM,1.457726,Normal
22/12/2015 7:09:42 PM,1.537821,Normal
22/12/2015 7:10:42 PM,1.569859,Normal
22/12/2015 7:11:42 PM,1.521802,Normal
22/12/2015 7:12:42 PM,1.505783,Normal
22/12/2015 7:13:42 PM,1.457726,Normal
22/12/2015 7:14:42 PM,1.537821,Normal
22/12/2015 7:15:42 PM,1.489764,Normal
22/12/2015 7:16:42 PM,1.425688,Normal
22/12/2015 7:17:42 PM,1.521802,Normal
22/12/2015 7:18:42 PM,1.505783,Normal
22/12/2015 7:19:42 PM,1.489764,Normal
22/12/2015 7:20:42 PM,1.457726,Normal
22/12/2015 7:21:42 PM,1.457726,Normal
22/12/2015 7:22:42 PM,1.521802,Normal
22/12/2015 7:23:42 PM,1.457726,Normal
22/12/2015 7:24:42 PM,1.425688,Normal
22/12/2015 7:25:42 PM,1.489764,Normal
22/12/2015 7:26:42 PM,1.409669,Normal
22/12/2015 7:27:42 PM,1.425688,Normal
22/12/2015 7:28:42 PM,1.425688,Normal
22/12/2015 7:29:42 PM,1.425688,Normal
22/12/2015 7:30:42 PM,1.425688,Normal
22/12/2015 7:31:42 PM,1.425688,Normal
22/12/2015 7:32:42 PM,1.425688,Normal
22/12/2015 7:33:42 PM,1.425688,Normal
22/12/2015 7:34:42 PM,1.377631,Normal
22/12/2015 7:35:42 PM,1.425688,Normal
22/12/2015 7:36:42 PM,1.377631,Normal
22/12/2015 7:37:42 PM,1.425688,Normal
22/12/2015 7:38:42 PM,1.425688,Normal
22/12/2015 7:39:42 PM,1.425688,Normal
22/12/2015 7:40:42 PM,1.425688,Normal
22/12/2015 7:41:42 PM,1.441707,Normal
22/12/2015 7:42:42 PM,1.441707,Normal
22/12/2015 7:43:42 PM,1.377631,Normal
22/12/2015 7:44:42 PM,1.377631,Normal
22/12/2015 7:45:42 PM,1.425688,Normal
22/12/2015 7:46:42 PM,1.345593,Normal
22/12/2015 7:47:42 PM,1.457726,Normal
22/12/2015 7:48:42 PM,1.361612,Normal
22/12/2015 7:49:42 PM,1.361612,Normal
22/12/2015 7:50:42 PM,1.377631,Normal
22/12/2015 7:51:42 PM,1.377631,Normal
22/12/2015 7:52:42 PM,1.377631,Normal
22/12/2015 7:53:42 PM,1.425688,Normal
22/12/2015 7:54:42 PM,1.329574,Normal
22/12/2015 7:55:42 PM,1.377631,Normal
22/12/2015 7:56:42 PM,1.345593,Normal
22/12/2015 7:57:42 PM,1.345593,Normal
22/12/2015 7:58:42 PM,1.361612,Normal
22/12/2015 7:59:42 PM,1.409669,Normal
22/12/2015 8:00:42 PM,1.329574,Normal
22/12/2015 8:01:42 PM,1.345593,Normal
22/12/2015 8:02:42 PM,1.377631,Normal
22/12/2015 8:03:42 PM,1.361612,Normal
22/12/2015 8:04:42 PM,1.361612,Normal
22/12/2015 8:05:42 PM,1.297536,Normal
22/12/2015 8:06:42 PM,1.281517,Normal
22/12/2015 8:07:42 PM,1.265498,Normal
22/12/2015 8:08:42 PM,1.345593,Normal
22/12/2015 8:09:42 PM,1.361612,Normal
22/12/2015 8:10:42 PM,1.329574,Normal
22/12/2015 8:11:42 PM,1.329574,Normal
22/12/2015 8:12:42 PM,1.361612,Normal
22/12/2015 8:13:42 PM,1.361612,Normal
22/12/2015 8:14:42 PM,1.329574,Normal
22/12/2015 8:15:42 PM,1.345593,Normal
22/12/2015 8:16:42 PM,1.345593,Normal
22/12/2015 8:17:42 PM,1.361612,Normal
22/12/2015 8:18:42 PM,1.377631,Normal
22/12/2015 8:19:42 PM,1.297536,Normal
22/12/2015 8:20:42 PM,1.281517,Normal
22/12/2015 8:21:42 PM,1.249479,Normal
22/12/2015 8:22:42 PM,1.297536,Normal
22/12/2015 8:23:42 PM,1.329574,Normal
22/12/2015 8:24:42 PM,1.297536,Normal
22/12/2015 8:25:42 PM,1.201422,Normal
22/12/2015 8:26:42 PM,1.249479,Normal
22/12/2015 8:27:42 PM,1.201422,Normal
22/12/2015 8:28:42 PM,1.249479,Normal
22/12/2015 8:29:42 PM,1.249479,Normal
22/12/2015 8:30:42 PM,1.409669,Normal
22/12/2015 8:31:42 PM,1.217441,Normal
22/12/2015 8:32:42 PM,1.201422,Normal
22/12/2015 8:33:42 PM,1.201422,Normal
22/12/2015 8:34:42 PM,1.217441,Normal
22/12/2015 8:35:42 PM,1.265498,Normal
22/12/2015 8:36:42 PM,1.201422,Normal
22/12/2015 8:37:42 PM,1.217441,Normal
22/12/2015 8:38:42 PM,1.137347,Normal
22/12/2015 8:39:42 PM,1.185403,Normal
22/12/2015 8:40:42 PM,1.185403,Normal
22/12/2015 8:41:42 PM,1.201422,Normal
22/12/2015 8:42:42 PM,1.201422,Normal
22/12/2015 8:43:42 PM,1.201422,Normal
22/12/2015 8:44:42 PM,1.249479,Normal
22/12/2015 8:45:42 PM,1.201422,Normal
22/12/2015 8:46:42 PM,1.201422,Normal
22/12/2015 8:47:42 PM,1.217441,Normal
22/12/2015 8:48:42 PM,1.217441,Normal
22/12/2015 8:49:42 PM,1.201422,Normal
22/12/2015 8:50:42 PM,1.201422,Normal
22/12/2015 8:51:42 PM,1.201422,Normal
22/12/2015 8:52:42 PM,1.185403,Normal
22/12/2015 8:53:42 PM,1.185403,Normal
22/12/2015 8:54:42 PM,1.201422,Normal
22/12/2015 8:55:42 PM,1.185403,Normal
22/12/2015 8:56:42 PM,1.185403,Normal
22/12/2015 8:57:42 PM,1.185403,Normal
22/12/2015 8:58:42 PM,1.185403,Normal
22/12/2015 8:59:42 PM,1.185403,Normal
22/12/2015 9:00:42 PM,1.201422,Normal
22/12/2015 9:01:42 PM,1.185403,Normal
22/12/2015 9:02:42 PM,1.185403,Normal
22/12/2015 9:03:42 PM,1.185403,Normal
22/12/2015 9:04:42 PM,1.185403,Normal
22/12/2015 9:05:42 PM,1.185403,Normal
22/12/2015 9:06:42 PM,1.169384,Normal
22/12/2015 9:07:42 PM,1.201422,Normal
22/12/2015 9:08:42 PM,1.169384,Normal
22/12/2015 9:09:42 PM,1.137347,Normal
22/12/2015 9:10:42 PM,1.137347,Normal
22/12/2015 9:11:42 PM,1.169384,Normal
22/12/2015 9:12:42 PM,1.185403,Normal
22/12/2015 9:13:42 PM,1.169384,Normal
22/12/2015 9:14:42 PM,1.185403,Normal
22/12/2015 9:15:42 PM,1.185403,Normal
22/12/2015 9:16:42 PM,1.105309,Normal
22/12/2015 9:17:42 PM,1.137347,Normal
22/12/2015 9:18:42 PM,1.105309,Normal
22/12/2015 9:19:42 PM,1.105309,Normal
22/12/2015 9:20:42 PM,1.217441,Normal
22/12/2015 9:21:42 PM,1.121328,Normal
22/12/2015 9:22:42 PM,1.217441,Normal
22/12/2015 9:23:42 PM,1.057252,Normal
22/12/2015 9:24:42 PM,1.057252,Normal
22/12/2015 9:25:42 PM,1.08929,Normal
22/12/2015 9:26:42 PM,1.105309,Normal
22/12/2015 9:27:42 PM,1.121328,Normal
22/12/2015 9:28:42 PM,1.121328,Normal
22/12/2015 9:29:42 PM,1.057252,Normal
22/12/2015 9:30:42 PM,1.105309,Normal
22/12/2015 9:31:42 PM,1.057252,Normal
22/12/2015 9:32:42 PM,1.057252,Normal
22/12/2015 9:33:42 PM,1.105309,Normal
22/12/2015 9:34:42 PM,1.057252,Normal
22/12/2015 9:35:42 PM,1.041233,Normal
22/12/2015 9:36:42 PM,1.057252,Normal
22/12/2015 9:37:42 PM,1.105309,Normal
22/12/2015 9:38:42 PM,1.137347,Normal
22/12/2015 9:39:42 PM,1.025214,Normal
22/12/2015 9:40:42 PM,1.057252,Normal
22/12/2015 9:41:42 PM,1.105309,Normal
22/12/2015 9:42:42 PM,1.105309,Normal
22/12/2015 9:43:42 PM,1.121328,Normal
22/12/2015 9:44:42 PM,1.105309,Normal
22/12/2015 9:45:42 PM,1.105309,Normal
22/12/2015 9:46:42 PM,1.105309,Normal
22/12/2015 9:47:42 PM,1.08929,Normal
22/12/2015 9:48:42 PM,1.08929,Normal
22/12/2015 9:49:42 PM,1.025214,Normal
22/12/2015 9:50:42 PM,1.057252,Normal
22/12/2015 9:51:42 PM,1.08929,Normal
22/12/2015 9:52:42 PM,1.08929,Normal
22/12/2015 9:53:42 PM,1.105309,Normal
22/12/2015 9:54:42 PM,1.105309,Normal
22/12/2015 9:55:42 PM,1.08929,Normal
22/12/2015 9:56:42 PM,1.121328,Normal
22/12/2015 9:57:42 PM,1.08929,Normal
22/12/2015 9:58:42 PM,1.057252,Normal
22/12/2015 9:59:42 PM,1.08929,Normal
22/12/2015 10:00:42 PM,1.057252,Normal
22/12/2015 10:01:42 PM,1.08929,Normal
22/12/2015 10:02:42 PM,1.057252,Normal
22/12/2015 10:03:42 PM,1.105309,Normal
22/12/2015 10:04:42 PM,1.08929,Normal
22/12/2015 10:05:42 PM,1.041233,Normal
22/12/2015 10:06:42 PM,1.121328,Normal
22/12/2015 10:07:42 PM,0.9771569,Normal
22/12/2015 10:08:42 PM,1.121328,Normal
22/12/2015 10:09:42 PM,1.08929,Normal
22/12/2015 10:10:42 PM,1.105309,Normal
22/12/2015 10:11:42 PM,1.041233,Normal
22/12/2015 10:12:42 PM,1.041233,Normal
22/12/2015 10:13:42 PM,1.041233,Normal
22/12/2015 10:14:42 PM,1.08929,Normal
22/12/2015 10:15:42 PM,1.105309,Normal
22/12/2015 10:16:42 PM,1.041233,Normal
22/12/2015 10:17:42 PM,1.08929,Normal
22/12/2015 10:18:42 PM,1.121328,Normal
22/12/2015 10:19:42 PM,1.121328,Normal
22/12/2015 10:20:42 PM,1.041233,Normal
22/12/2015 10:21:42 PM,1.057252,Normal
22/12/2015 10:22:42 PM,1.057252,Normal
22/12/2015 10:23:42 PM,1.025214,Normal
22/12/2015 10:24:42 PM,1.041233,Normal
22/12/2015 10:25:42 PM,0.9771569,Normal
22/12/2015 10:26:42 PM,1.08929,Normal
22/12/2015 10:27:42 PM,1.041233,Normal
22/12/2015 10:28:42 PM,0.9771569,Normal
22/12/2015 10:29:42 PM,1.08929,Normal
22/12/2015 10:30:42 PM,1.057252,Normal
22/12/2015 10:31:42 PM,1.041233,Normal
22/12/2015 10:32:42 PM,1.025214,Normal
22/12/2015 10:33:42 PM,1.025214,Normal
22/12/2015 10:34:42 PM,1.057252,Normal
22/12/2015 10:35:42 PM,1.025214,Normal
22/12/2015 10:36:42 PM,1.057252,Normal
22/12/2015 10:37:42 PM,1.057252,Normal
22/12/2015 10:38:42 PM,1.121328,Normal
22/12/2015 10:39:42 PM,1.041233,Normal
22/12/2015 10:40:42 PM,1.041233,Normal
22/12/2015 10:41:42 PM,1.041233,Normal
22/12/2015 10:42:42 PM,1.025214,Normal
22/12/2015 10:43:42 PM,1.025214,Normal
22/12/2015 10:44:42 PM,1.025214,Normal
22/12/2015 10:45:42 PM,1.025214,Normal
22/12/2015 10:46:42 PM,1.025214,Normal
22/12/2015 10:47:42 PM,1.057252,Normal
22/12/2015 10:48:42 PM,1.009195,Normal
22/12/2015 10:49:42 PM,1.009195,Normal
22/12/2015 10:50:42 PM,1.009195,Normal
22/12/2015 10:51:42 PM,1.057252,Normal
22/12/2015 10:52:42 PM,1.009195,Normal
22/12/2015 10:53:42 PM,1.009195,Normal
22/12/2015 10:54:42 PM,1.009195,Normal
22/12/2015 10:55:42 PM,1.009195,Normal
22/12/2015 10:56:42 PM,1.025214,Normal
22/12/2015 10:57:42 PM,1.009195,Normal
22/12/2015 10:58:42 PM,0.961138,Normal
22/12/2015 10:59:42 PM,1.137347,Normal
22/12/2015 11:00:42 PM,1.08929,Normal
22/12/2015 11:01:42 PM,0.9771569,Normal
22/12/2015 11:02:42 PM,1.025214,Normal
22/12/2015 11:03:42 PM,1.025214,Normal
22/12/2015 11:04:42 PM,1.025214,Normal
22/12/2015 11:05:42 PM,1.009195,Normal
22/12/2015 11:06:42 PM,1.009195,Normal
22/12/2015 11:07:42 PM,1.041233,Normal
22/12/2015 11:08:42 PM,1.025214,Normal
22/12/2015 11:09:42 PM,1.025214,Normal
22/12/2015 11:10:42 PM,1.025214,Normal
22/12/2015 11:11:42 PM,1.057252,Normal
22/12/2015 11:12:42 PM,1.08929,Normal
22/12/2015 11:13:42 PM,1.041233,Normal
22/12/2015 11:14:42 PM,1.041233,Normal
22/12/2015 11:15:42 PM,1.08929,Normal
22/12/2015 11:16:42 PM,1.009195,Normal
22/12/2015 11:17:42 PM,0.9771569,Normal
22/12/2015 11:18:42 PM,0.9771569,Normal
22/12/2015 11:19:42 PM,0.9771569,Normal
22/12/2015 11:20:42 PM,1.057252,Normal
22/12/2015 11:21:42 PM,0.9771569,Normal
22/12/2015 11:22:42 PM,1.041233,Normal
22/12/2015 11:23:42 PM,1.025214,Normal
22/12/2015 11:24:42 PM,0.9771569,Normal
22/12/2015 11:25:42 PM,1.025214,Normal
22/12/2015 11:26:42 PM,1.025214,Normal
22/12/2015 11:27:42 PM,0.9771569,Normal
22/12/2015 11:28:42 PM,1.009195,Normal
22/12/2015 11:29:42 PM,1.041233,Normal
22/12/2015 11:30:42 PM,1.057252,Normal
22/12/2015 11:31:42 PM,1.025214,Normal
22/12/2015 11:32:42 PM,1.121328,Normal
22/12/2015 11:33:42 PM,1.009195,Normal
22/12/2015 11:34:42 PM,1.009195,Normal
22/12/2015 11:35:42 PM,1.009195,Normal
22/12/2015 11:36:42 PM,1.025214,Normal
22/12/2015 11:37:42 PM,1.041233,Normal
22/12/2015 11:38:42 PM,1.009195,Normal
22/12/2015 11:39:42 PM,0.9771569,Normal
22/12/2015 11:40:42 PM,1.025214,Normal
22/12/2015 11:41:42 PM,1.025214,Normal
22/12/2015 11:42:42 PM,1.025214,Normal
22/12/2015 11:43:42 PM,1.025214,Normal
22/12/2015 11:44:42 PM,0.9771569,Normal
22/12/2015 11:45:42 PM,0.961138,Normal
22/12/2015 11:46:42 PM,1.009195,Normal
22/12/2015 11:47:42 PM,1.009195,Normal
22/12/2015 11:48:42 PM,0.9771569,Normal
22/12/2015 11:49:42 PM,1.025214,Normal
22/12/2015 11:50:42 PM,0.9771569,Normal
22/12/2015 11:51:42 PM,1.025214,Normal
22/12/2015 11:52:42 PM,1.08929,Normal
22/12/2015 11:53:42 PM,0.9771569,Normal
22/12/2015 11:54:42 PM,0.9771569,Normal
22/12/2015 11:55:42 PM,1.025214,Normal
22/12/2015 11:56:42 PM,0.9771569,Normal
22/12/2015 11:57:42 PM,1.009195,Normal
22/12/2015 11:58:42 PM,1.009195,Normal
22/12/2015 11:59:42 PM,1.025214,Normal
23/12/2015 12:00:42 AM,1.025214,Normal
23/12/2015 12:01:42 AM,0.961138,Normal
23/12/2015 12:02:42 AM,1.025214,Normal
23/12/2015 12:03:42 AM,0.9771569,Normal
23/12/2015 12:04:42 AM,0.9771569,Normal
23/12/2015 12:05:42 AM,1.009195,Normal
23/12/2015 12:06:42 AM,0.9771569,Normal
23/12/2015 12:07:42 AM,1.025214,Normal
23/12/2015 12:08:42 AM,0.961138,Normal
23/12/2015 12:09:42 AM,0.9771569,Normal
23/12/2015 12:10:42 AM,1.057252,Normal
23/12/2015 12:11:42 AM,0.9771569,Normal
23/12/2015 12:12:42 AM,0.9771569,Normal
23/12/2015 12:13:42 AM,0.9771569,Normal
23/12/2015 12:14:42 AM,1.041233,Normal
23/12/2015 12:15:42 AM,1.009195,Normal
23/12/2015 12:16:42 AM,1.009195,Normal
23/12/2015 12:17:42 AM,1.009195,Normal
23/12/2015 12:18:42 AM,1.025214,Normal
23/12/2015 12:19:42 AM,1.105309,Normal
23/12/2015 12:20:42 AM,0.961138,Normal
23/12/2015 12:21:42 AM,1.009195,Normal
23/12/2015 12:22:42 AM,1.009195,Normal
23/12/2015 12:23:42 AM,1.009195,Normal
23/12/2015 12:24:42 AM,1.009195,Normal
23/12/2015 12:25:42 AM,1.009195,Normal
23/12/2015 12:26:42 AM,0.9771569,Normal
23/12/2015 12:27:42 AM,0.9771569,Normal
23/12/2015 12:28:42 AM,1.025214,Normal
23/12/2015 12:29:42 AM,1.009195,Normal
23/12/2015 12:30:42 AM,1.009195,Normal
23/12/2015 12:31:42 AM,1.025214,Normal
23/12/2015 12:32:42 AM,0.961138,Normal
23/12/2015 12:33:42 AM,0.9771569,Normal
23/12/2015 12:34:42 AM,1.009195,Normal
23/12/2015 12:35:42 AM,1.009195,Normal
23/12/2015 12:36:42 AM,1.009195,Normal
23/12/2015 12:37:42 AM,1.009195,Normal
23/12/2015 12:38:42 AM,1.08929,Normal
23/12/2015 12:39:42 AM,1.009195,Normal
23/12/2015 12:40:42 AM,0.9771569,Normal
23/12/2015 12:41:42 AM,0.9771569,Normal
23/12/2015 12:42:42 AM,0.9771569,Normal
23/12/2015 12:43:42 AM,0.9771569,Normal
23/12/2015 12:44:42 AM,0.9771569,Normal
23/12/2015 12:45:42 AM,1.009195,Normal
23/12/2015 12:46:42 AM,1.057252,Normal
23/12/2015 12:47:42 AM,1.009195,Normal
23/12/2015 12:48:42 AM,1.009195,Normal
23/12/2015 12:49:42 AM,1.009195,Normal
23/12/2015 12:50:42 AM,1.009195,Normal
23/12/2015 12:51:42 AM,0.9771569,Normal
23/12/2015 12:52:42 AM,0.9771569,Normal
23/12/2015 12:53:42 AM,0.9771569,Normal
23/12/2015 12:54:42 AM,0.9771569,Normal
23/12/2015 12:55:42 AM,0.9771569,Normal
23/12/2015 12:56:42 AM,1.009195,Normal
23/12/2015 12:57:42 AM,0.9771569,Normal
23/12/2015 12:58:42 AM,0.9771569,Normal
23/12/2015 12:59:42 AM,0.9771569,Normal
23/12/2015 1:00:42 AM,1.009195,Normal
23/12/2015 1:01:42 AM,1.009195,Normal
23/12/2015 1:02:42 AM,1.041233,Normal
23/12/2015 1:03:42 AM,0.945119,Normal
23/12/2015 1:04:42 AM,0.9771569,Normal
23/12/2015 1:05:42 AM,0.9771569,Normal
23/12/2015 1:06:42 AM,1.041233,Normal
23/12/2015 1:07:42 AM,1.009195,Normal
23/12/2015 1:08:42 AM,1.009195,Normal
23/12/2015 1:09:42 AM,0.961138,Normal
23/12/2015 1:10:42 AM,1.009195,Normal
23/12/2015 1:11:42 AM,1.009195,Normal
23/12/2015 1:12:42 AM,1.009195,Normal
23/12/2015 1:13:42 AM,1.009195,Normal
23/12/2015 1:14:42 AM,1.025214,Normal
23/12/2015 1:15:42 AM,0.961138,Normal
23/12/2015 1:16:42 AM,1.009195,Normal
23/12/2015 1:17:42 AM,1.08929,Normal
23/12/2015 1:18:42 AM,1.009195,Normal
23/12/2015 1:19:42 AM,0.9771569,Normal
23/12/2015 1:20:42 AM,0.9771569,Normal
23/12/2015 1:21:42 AM,1.025214,Normal
23/12/2015 1:22:42 AM,1.025214,Normal
23/12/2015 1:23:42 AM,0.9771569,Normal
23/12/2015 1:24:42 AM,1.057252,Normal
23/12/2015 1:25:42 AM,1.009195,Normal
23/12/2015 1:26:42 AM,1.009195,Normal
23/12/2015 1:27:42 AM,1.057252,Normal
23/12/2015 1:28:42 AM,1.025214,Normal
23/12/2015 1:29:42 AM,0.9771569,Normal
23/12/2015 1:30:42 AM,0.961138,Normal
23/12/2015 1:31:42 AM,0.9771569,Normal
23/12/2015 1:32:42 AM,1.041233,Normal
23/12/2015 1:33:42 AM,0.9771569,Normal
23/12/2015 1:34:42 AM,1.025214,Normal
23/12/2015 1:35:42 AM,0.9771569,Normal
23/12/2015 1:36:42 AM,0.9771569,Normal
23/12/2015 1:37:42 AM,0.9771569,Normal
23/12/2015 1:38:42 AM,1.009195,Normal
23/12/2015 1:39:42 AM,1.009195,Normal
23/12/2015 1:40:42 AM,1.009195,Normal
23/12/2015 1:41:42 AM,1.009195,Normal
23/12/2015 1:42:42 AM,1.105309,Normal
23/12/2015 1:43:42 AM,1.041233,Normal
23/12/2015 1:44:42 AM,1.105309,Normal
23/12/2015 1:45:42 AM,1.009195,Normal
23/12/2015 1:46:42 AM,1.009195,Normal
23/12/2015 1:47:42 AM,1.009195,Normal
23/12/2015 1:48:42 AM,1.009195,Normal
23/12/2015 1:49:42 AM,1.009195,Normal
23/12/2015 1:50:42 AM,1.009195,Normal
23/12/2015 1:51:42 AM,1.009195,Normal
23/12/2015 1:52:42 AM,0.9771569,Normal
23/12/2015 1:53:42 AM,0.9771569,Normal
23/12/2015 1:54:42 AM,0.9771569,Normal
23/12/2015 1:55:42 AM,0.9771569,Normal
23/12/2015 1:56:42 AM,1.009195,Normal
23/12/2015 1:57:42 AM,1.009195,Normal
23/12/2015 1:58:42 AM,1.009195,Normal
23/12/2015 1:59:42 AM,1.009195,Normal
23/12/2015 2:00:42 AM,1.025214,Normal
23/12/2015 2:01:42 AM,1.025214,Normal
23/12/2015 2:02:42 AM,1.041233,Normal
23/12/2015 2:03:42 AM,1.025214,Normal
23/12/2015 2:04:42 AM,1.041233,Normal
23/12/2015 2:05:42 AM,1.025214,Normal
23/12/2015 2:06:42 AM,0.9771569,Normal
23/12/2015 2:07:42 AM,1.025214,Normal
23/12/2015 2:08:42 AM,1.025214,Normal
23/12/2015 2:09:42 AM,1.025214,Normal
23/12/2015 2:10:42 AM,0.9771569,Normal
23/12/2015 2:11:42 AM,0.9771569,Normal
23/12/2015 2:12:42 AM,0.9771569,Normal
23/12/2015 2:13:42 AM,1.121328,Normal
23/12/2015 2:14:42 AM,1.041233,Normal
23/12/2015 2:15:42 AM,1.009195,Normal
23/12/2015 2:16:42 AM,1.009195,Normal
23/12/2015 2:17:42 AM,1.009195,Normal
23/12/2015 2:18:42 AM,1.009195,Normal
23/12/2015 2:19:42 AM,1.009195,Normal
23/12/2015 2:20:42 AM,1.009195,Normal
23/12/2015 2:21:42 AM,1.009195,Normal
23/12/2015 2:22:42 AM,1.009195,Normal
23/12/2015 2:23:42 AM,1.009195,Normal
23/12/2015 2:24:42 AM,1.009195,Normal
23/12/2015 2:25:42 AM,1.057252,Normal
23/12/2015 2:26:42 AM,1.041233,Normal
23/12/2015 2:27:42 AM,1.025214,Normal
23/12/2015 2:28:42 AM,1.025214,Normal
23/12/2015 2:29:42 AM,1.025214,Normal
23/12/2015 2:30:42 AM,1.009195,Normal
23/12/2015 2:31:42 AM,1.009195,Normal
23/12/2015 2:32:42 AM,1.009195,Normal
23/12/2015 2:33:42 AM,1.009195,Normal
23/12/2015 2:34:42 AM,1.025214,Normal
23/12/2015 2:35:42 AM,1.057252,Normal
23/12/2015 2:36:42 AM,1.025214,Normal
23/12/2015 2:37:42 AM,1.025214,Normal
23/12/2015 2:38:42 AM,1.025214,Normal
23/12/2015 2:39:42 AM,0.9771569,Normal
23/12/2015 2:40:42 AM,0.9771569,Normal
23/12/2015 2:41:42 AM,0.9771569,Normal
23/12/2015 2:42:42 AM,0.9771569,Normal
23/12/2015 2:43:42 AM,1.025214,Normal
23/12/2015 2:44:42 AM,1.009195,Normal
23/12/2015 2:45:42 AM,1.041233,Normal
23/12/2015 2:46:42 AM,1.041233,Normal
23/12/2015 2:47:42 AM,0.961138,Normal
23/12/2015 2:48:42 AM,0.9771569,Normal
23/12/2015 2:49:42 AM,0.9771569,Normal
23/12/2015 2:50:42 AM,1.009195,Normal
23/12/2015 2:51:42 AM,0.961138,Normal
23/12/2015 2:52:42 AM,1.009195,Normal
23/12/2015 2:53:42 AM,1.025214,Normal
23/12/2015 2:54:42 AM,0.9771569,Normal
23/12/2015 2:55:42 AM,1.057252,Normal
23/12/2015 2:56:42 AM,0.9771569,Normal
23/12/2015 2:57:42 AM,0.9771569,Normal
23/12/2015 2:58:42 AM,0.9771569,Normal
23/12/2015 2:59:42 AM,0.9771569,Normal
23/12/2015 3:00:42 AM,0.961138,Normal
23/12/2015 3:01:42 AM,1.009195,Normal
23/12/2015 3:02:42 AM,1.009195,Normal
23/12/2015 3:03:42 AM,1.009195,Normal
23/12/2015 3:04:42 AM,1.009195,Normal
23/12/2015 3:05:42 AM,0.9771569,Normal
23/12/2015 3:06:42 AM,1.009195,Normal
23/12/2015 3:07:42 AM,1.009195,Normal
23/12/2015 3:08:42 AM,1.08929,Normal
23/12/2015 3:09:42 AM,0.961138,Normal
23/12/2015 3:10:42 AM,1.009195,Normal
23/12/2015 3:11:42 AM,1.009195,Normal
23/12/2015 3:12:42 AM,1.009195,Normal
23/12/2015 3:13:42 AM,1.009195,Normal
23/12/2015 3:14:42 AM,1.009195,Normal
23/12/2015 3:15:42 AM,0.9771569,Normal
23/12/2015 3:16:42 AM,0.961138,Normal
23/12/2015 3:17:42 AM,1.025214,Normal
23/12/2015 3:18:42 AM,1.041233,Normal
23/12/2015 3:19:42 AM,0.9771569,Normal
23/12/2015 3:20:42 AM,0.9291,Normal
23/12/2015 3:21:42 AM,0.945119,Normal
23/12/2015 3:22:42 AM,0.945119,Normal
23/12/2015 3:23:42 AM,0.961138,Normal
23/12/2015 3:24:42 AM,0.961138,Normal
23/12/2015 3:25:42 AM,0.961138,Normal
23/12/2015 3:26:42 AM,0.9771569,Normal
23/12/2015 3:27:42 AM,0.9771569,Normal
23/12/2015 3:28:42 AM,0.9771569,Normal
23/12/2015 3:29:42 AM,1.009195,Normal
23/12/2015 3:30:42 AM,1.057252,Normal
23/12/2015 3:31:42 AM,0.961138,Normal
23/12/2015 3:32:42 AM,0.961138,Normal
23/12/2015 3:33:42 AM,1.009195,Normal
23/12/2015 3:34:42 AM,1.009195,Normal
23/12/2015 3:35:42 AM,0.9771569,Normal
23/12/2015 3:36:42 AM,0.961138,Normal
23/12/2015 3:37:42 AM,0.961138,Normal
23/12/2015 3:38:42 AM,0.945119,Normal
23/12/2015 3:39:42 AM,0.9291,Normal
23/12/2015 3:40:42 AM,0.961138,Normal
23/12/2015 3:41:42 AM,0.8650241,Normal
23/12/2015 3:42:42 AM,0.8970621,Normal
23/12/2015 3:43:42 AM,0.9771569,Normal
23/12/2015 3:44:42 AM,0.9771569,Normal
23/12/2015 3:45:42 AM,0.8970621,Normal
23/12/2015 3:46:42 AM,0.8970621,Normal
23/12/2015 3:47:42 AM,0.9291,Normal
23/12/2015 3:48:42 AM,0.9291,Normal
23/12/2015 3:49:42 AM,0.8650241,Normal
23/12/2015 3:50:42 AM,0.8970621,Normal
23/12/2015 3:51:42 AM,0.945119,Normal
23/12/2015 3:52:42 AM,0.8970621,Normal
23/12/2015 3:53:42 AM,0.945119,Normal
23/12/2015 3:54:42 AM,0.9771569,Normal
23/12/2015 3:55:42 AM,0.9771569,Normal
23/12/2015 3:56:42 AM,0.945119,Normal
23/12/2015 3:57:42 AM,0.945119,Normal
23/12/2015 3:58:42 AM,1.009195,Normal
23/12/2015 3:59:42 AM,0.945119,Normal
23/12/2015 4:00:42 AM,0.945119,Normal
23/12/2015 4:01:42 AM,1.025214,Normal
23/12/2015 4:02:42 AM,0.961138,Normal
23/12/2015 4:03:42 AM,0.9771569,Normal
23/12/2015 4:04:42 AM,0.9771569,Normal
23/12/2015 4:05:42 AM,1.009195,Normal
23/12/2015 4:06:42 AM,0.961138,Normal
23/12/2015 4:07:42 AM,0.9771569,Normal
23/12/2015 4:08:42 AM,0.961138,Normal
23/12/2015 4:09:42 AM,1.041233,Normal
23/12/2015 4:10:42 AM,0.9771569,Normal
23/12/2015 4:11:42 AM,0.9771569,Normal
23/12/2015 4:12:42 AM,0.945119,Normal
23/12/2015 4:13:42 AM,0.961138,Normal
23/12/2015 4:14:42 AM,0.8970621,Normal
23/12/2015 4:15:42 AM,0.945119,Normal
23/12/2015 4:16:42 AM,0.945119,Normal
23/12/2015 4:17:42 AM,0.945119,Normal
23/12/2015 4:18:42 AM,0.9771569,Normal
23/12/2015 4:19:42 AM,0.9771569,Normal
23/12/2015 4:20:42 AM,1.009195,Normal
23/12/2015 4:21:42 AM,0.9291,Normal
23/12/2015 4:22:42 AM,0.9771569,Normal
23/12/2015 4:23:42 AM,0.961138,Normal
23/12/2015 4:24:42 AM,0.945119,Normal
23/12/2015 4:25:42 AM,1.009195,Normal
23/12/2015 4:26:42 AM,1.025214,Normal
23/12/2015 4:27:42 AM,1.025214,Normal
23/12/2015 4:28:42 AM,0.9771569,Normal
23/12/2015 4:29:42 AM,0.945119,Normal
23/12/2015 4:30:42 AM,1.009195,Normal
23/12/2015 4:31:42 AM,0.9771569,Normal
23/12/2015 4:32:42 AM,0.9771569,Normal
23/12/2015 4:33:42 AM,0.9771569,Normal
23/12/2015 4:34:42 AM,0.961138,Normal
23/12/2015 4:35:42 AM,0.9771569,Normal
23/12/2015 4:36:42 AM,0.961138,Normal
23/12/2015 4:37:42 AM,1.009195,Normal
23/12/2015 4:38:42 AM,0.961138,Normal
23/12/2015 4:39:42 AM,0.9771569,Normal
23/12/2015 4:40:42 AM,0.9771569,Normal
23/12/2015 4:41:42 AM,1.137347,Normal
23/12/2015 4:42:42 AM,1.009195,Normal
23/12/2015 4:43:42 AM,1.009195,Normal
23/12/2015 4:44:42 AM,0.9771569,Normal
23/12/2015 4:45:42 AM,0.9771569,Normal
23/12/2015 4:46:42 AM,0.9771569,Normal
23/12/2015 4:47:42 AM,0.9771569,Normal
23/12/2015 4:48:42 AM,0.945119,Normal
23/12/2015 4:49:42 AM,0.9771569,Normal
23/12/2015 4:50:42 AM,0.961138,Normal
23/12/2015 4:51:42 AM,1.009195,Normal
23/12/2015 4:52:42 AM,0.9291,Normal
23/12/2015 4:53:42 AM,0.9771569,Normal
23/12/2015 4:54:42 AM,0.9771569,Normal
23/12/2015 4:55:42 AM,0.9771569,Normal
23/12/2015 4:56:42 AM,0.9771569,Normal
23/12/2015 4:57:42 AM,0.961138,Normal
23/12/2015 4:58:42 AM,0.961138,Normal
23/12/2015 4:59:42 AM,0.9771569,Normal
23/12/2015 5:00:42 AM,0.9771569,Normal
23/12/2015 5:01:42 AM,0.961138,Normal
23/12/2015 5:02:42 AM,0.961138,Normal
23/12/2015 5:03:42 AM,0.961138,Normal
23/12/2015 5:04:42 AM,0.945119,Normal
23/12/2015 5:05:42 AM,0.9291,Normal
23/12/2015 5:06:42 AM,1.009195,Normal
23/12/2015 5:07:42 AM,1.009195,Normal
23/12/2015 5:08:42 AM,0.9771569,Normal
23/12/2015 5:09:42 AM,0.9771569,Normal
23/12/2015 5:10:42 AM,0.9771569,Normal
23/12/2015 5:11:42 AM,1.009195,Normal
23/12/2015 5:12:42 AM,1.009195,Normal
23/12/2015 5:13:42 AM,1.009195,Normal
23/12/2015 5:14:42 AM,1.009195,Normal
23/12/2015 5:15:42 AM,1.009195,Normal
23/12/2015 5:16:42 AM,0.9771569,Normal
23/12/2015 5:17:42 AM,0.9771569,Normal
23/12/2015 5:18:42 AM,1.105309,Normal
23/12/2015 5:19:42 AM,1.009195,Normal
23/12/2015 5:20:42 AM,0.9771569,Normal
23/12/2015 5:21:42 AM,1.025214,Normal
23/12/2015 5:22:42 AM,1.025214,Normal
23/12/2015 5:23:42 AM,1.009195,Normal
23/12/2015 5:24:42 AM,1.009195,Normal
23/12/2015 5:25:42 AM,1.009195,Normal
23/12/2015 5:26:42 AM,1.009195,Normal
23/12/2015 5:27:42 AM,0.9771569,Normal
23/12/2015 5:28:42 AM,0.8970621,Normal
23/12/2015 5:29:42 AM,0.9771569,Normal
23/12/2015 5:30:42 AM,1.009195,Normal
23/12/2015 5:31:42 AM,0.945119,Normal
23/12/2015 5:32:42 AM,0.961138,Normal
23/12/2015 5:33:42 AM,0.9771569,Normal
23/12/2015 5:34:42 AM,0.9771569,Normal
23/12/2015 5:35:42 AM,1.041233,Normal
23/12/2015 5:36:42 AM,0.9771569,Normal
23/12/2015 5:37:42 AM,0.9771569,Normal
23/12/2015 5:38:42 AM,0.9771569,Normal
23/12/2015 5:39:42 AM,0.9771569,Normal
23/12/2015 5:40:42 AM,0.9291,Normal
23/12/2015 5:41:42 AM,0.961138,Normal
23/12/2015 5:42:42 AM,0.961138,Normal
23/12/2015 5:43:42 AM,0.961138,Normal
23/12/2015 5:44:42 AM,0.9771569,Normal
23/12/2015 5:45:42 AM,1.025214,Normal
23/12/2015 5:46:42 AM,0.9771569,Normal
23/12/2015 5:47:42 AM,0.9291,Normal
23/12/2015 5:48:42 AM,0.9771569,Normal
23/12/2015 5:49:42 AM,1.025214,Normal
23/12/2015 5:50:42 AM,0.945119,Normal
23/12/2015 5:51:42 AM,0.9771569,Normal
23/12/2015 5:52:42 AM,0.9771569,Normal
23/12/2015 5:53:42 AM,0.961138,Normal
23/12/2015 5:54:42 AM,0.961138,Normal
23/12/2015 5:55:42 AM,1.009195,Normal
23/12/2015 5:56:42 AM,0.961138,Normal
23/12/2015 5:57:42 AM,0.961138,Normal
23/12/2015 5:58:42 AM,0.9771569,Normal
23/12/2015 5:59:42 AM,0.945119,Normal
23/12/2015 6:00:42 AM,0.8810431,Normal
23/12/2015 6:01:42 AM,0.8970621,Normal
23/12/2015 6:02:42 AM,0.961138,Normal
23/12/2015 6:03:42 AM,1.009195,Normal
23/12/2015 6:04:42 AM,0.8810431,Normal
23/12/2015 6:05:42 AM,0.8970621,Normal
23/12/2015 6:06:42 AM,0.961138,Normal
23/12/2015 6:07:42 AM,0.961138,Normal
23/12/2015 6:08:42 AM,1.025214,Normal
23/12/2015 6:09:42 AM,0.8810431,Normal
23/12/2015 6:10:42 AM,0.945119,Normal
23/12/2015 6:11:42 AM,0.961138,Normal
23/12/2015 6:12:42 AM,1.041233,Normal
23/12/2015 6:13:42 AM,0.9291,Normal
23/12/2015 6:14:42 AM,0.9771569,Normal
23/12/2015 6:15:42 AM,0.9771569,Normal
23/12/2015 6:16:42 AM,0.961138,Normal
23/12/2015 6:17:42 AM,0.9771569,Normal
23/12/2015 6:18:42 AM,0.9771569,Normal
23/12/2015 6:19:42 AM,1.009195,Normal
23/12/2015 6:20:42 AM,0.8810431,Normal
23/12/2015 6:21:42 AM,0.9771569,Normal
23/12/2015 6:22:42 AM,1.009195,Normal
23/12/2015 6:23:42 AM,0.9771569,Normal
23/12/2015 6:24:42 AM,0.961138,Normal
23/12/2015 6:25:42 AM,0.9771569,Normal
23/12/2015 6:26:42 AM,0.9771569,Normal
23/12/2015 6:27:42 AM,0.9771569,Normal
23/12/2015 6:28:42 AM,1.009195,Normal
23/12/2015 6:29:42 AM,1.009195,Normal
23/12/2015 6:30:42 AM,0.9771569,Normal
23/12/2015 6:31:42 AM,0.9771569,Normal
23/12/2015 6:32:42 AM,0.9291,Normal
23/12/2015 6:33:42 AM,1.009195,Normal
23/12/2015 6:34:42 AM,0.8650241,Normal
23/12/2015 6:35:42 AM,0.9771569,Normal
23/12/2015 6:36:42 AM,0.961138,Normal
23/12/2015 6:37:42 AM,0.9771569,Normal
23/12/2015 6:38:42 AM,0.8810431,Normal
23/12/2015 6:39:42 AM,0.961138,Normal
23/12/2015 6:40:42 AM,0.945119,Normal
23/12/2015 6:41:42 AM,0.961138,Normal
23/12/2015 6:42:42 AM,0.961138,Normal
23/12/2015 6:43:42 AM,0.961138,Normal
23/12/2015 6:44:42 AM,0.9771569,Normal
23/12/2015 6:45:42 AM,1.041233,Normal
23/12/2015 6:46:42 AM,0.9771569,Normal
23/12/2015 6:47:42 AM,0.961138,Normal
23/12/2015 6:48:42 AM,0.9291,Normal
23/12/2015 6:49:42 AM,0.961138,Normal
23/12/2015 6:50:42 AM,0.9771569,Normal
23/12/2015 6:51:42 AM,0.9771569,Normal
23/12/2015 6:52:42 AM,0.9771569,Normal
23/12/2015 6:53:42 AM,1.009195,Normal
23/12/2015 6:54:42 AM,0.961138,Normal
23/12/2015 6:55:42 AM,1.105309,Normal
23/12/2015 6:56:42 AM,0.9771569,Normal
23/12/2015 6:57:42 AM,0.945119,Normal
23/12/2015 6:58:42 AM,0.961138,Normal
23/12/2015 6:59:42 AM,0.961138,Normal
23/12/2015 7:00:42 AM,0.9771569,Normal
23/12/2015 7:01:42 AM,0.8810431,Normal
23/12/2015 7:02:42 AM,0.8650241,Normal
23/12/2015 7:03:42 AM,0.961138,Normal
23/12/2015 7:04:42 AM,0.8970621,Normal
23/12/2015 7:05:42 AM,0.945119,Normal
23/12/2015 7:06:42 AM,0.8970621,Normal
23/12/2015 7:07:42 AM,1.041233,Normal
23/12/2015 7:08:42 AM,0.961138,Normal
23/12/2015 7:09:42 AM,0.9291,Normal
23/12/2015 7:10:42 AM,0.8810431,Normal
23/12/2015 7:11:42 AM,0.8650241,Normal
23/12/2015 7:12:42 AM,0.8970621,Normal
23/12/2015 7:13:42 AM,0.8650241,Normal
23/12/2015 7:14:42 AM,0.8650241,Normal
23/12/2015 7:15:42 AM,0.9771569,Normal
23/12/2015 7:16:42 AM,0.9291,Normal
23/12/2015 7:17:42 AM,0.8810431,Normal
23/12/2015 7:18:42 AM,0.945119,Normal
23/12/2015 7:19:42 AM,0.8490052,Normal
23/12/2015 7:20:42 AM,0.8970621,Normal
23/12/2015 7:21:42 AM,1.009195,Normal
23/12/2015 7:22:42 AM,0.9771569,Normal
23/12/2015 7:23:42 AM,0.9771569,Normal
23/12/2015 7:24:42 AM,1.009195,Normal
23/12/2015 7:25:42 AM,0.961138,Normal
23/12/2015 7:26:42 AM,1.025214,Normal
23/12/2015 7:27:42 AM,1.041233,Normal
23/12/2015 7:28:42 AM,1.009195,Normal
23/12/2015 7:29:42 AM,1.009195,Normal
23/12/2015 7:30:42 AM,1.08929,Normal
23/12/2015 7:31:42 AM,1.057252,Normal
23/12/2015 7:32:42 AM,1.009195,Normal
23/12/2015 7:33:42 AM,1.041233,Normal
23/12/2015 7:34:42 AM,1.08929,Normal
23/12/2015 7:35:42 AM,1.025214,Normal
23/12/2015 7:36:42 AM,1.041233,Normal
23/12/2015 7:37:42 AM,1.169384,Normal
23/12/2015 7:38:42 AM,1.169384,Normal
23/12/2015 7:39:42 AM,1.105309,Normal
23/12/2015 7:40:42 AM,1.169384,Normal
23/12/2015 7:41:42 AM,1.185403,Normal
23/12/2015 7:42:42 AM,1.185403,Normal
23/12/2015 7:43:42 AM,1.217441,Normal
23/12/2015 7:44:42 AM,1.185403,Normal
23/12/2015 7:45:42 AM,1.217441,Normal
23/12/2015 7:46:42 AM,1.137347,Normal
23/12/2015 7:47:42 AM,1.201422,Normal
23/12/2015 7:48:42 AM,1.217441,Normal
23/12/2015 7:49:42 AM,1.201422,Normal
23/12/2015 7:50:42 AM,1.217441,Normal
23/12/2015 7:51:42 AM,1.217441,Normal
23/12/2015 7:52:42 AM,1.201422,Normal
23/12/2015 7:53:42 AM,1.265498,Normal
23/12/2015 7:54:42 AM,1.281517,Normal
23/12/2015 7:55:42 AM,1.281517,Normal
23/12/2015 7:56:42 AM,1.265498,Normal
23/12/2015 7:57:42 AM,1.281517,Normal
23/12/2015 7:58:42 AM,1.377631,Normal
23/12/2015 7:59:42 AM,1.409669,Normal
23/12/2015 8:00:42 AM,1.217441,Normal
23/12/2015 8:01:42 AM,1.297536,Normal
23/12/2015 8:02:42 AM,1.297536,Normal
23/12/2015 8:03:42 AM,1.265498,Normal
23/12/2015 8:04:42 AM,1.281517,Normal
23/12/2015 8:05:42 AM,1.361612,Normal
23/12/2015 8:06:42 AM,1.281517,Normal
23/12/2015 8:07:42 AM,1.329574,Normal
23/12/2015 8:08:42 AM,1.281517,Normal
23/12/2015 8:09:42 AM,1.297536,Normal
23/12/2015 8:10:42 AM,1.329574,Normal
23/12/2015 8:11:42 AM,1.329574,Normal
23/12/2015 8:12:42 AM,1.361612,Normal
23/12/2015 8:13:42 AM,1.361612,Normal
23/12/2015 8:14:42 AM,1.345593,Normal
23/12/2015 8:15:42 AM,1.377631,Normal
23/12/2015 8:16:42 AM,1.297536,Normal
23/12/2015 8:17:42 AM,1.345593,Normal
23/12/2015 8:18:42 AM,1.265498,Normal
23/12/2015 8:19:42 AM,1.345593,Normal
23/12/2015 8:20:42 AM,1.361612,Normal
23/12/2015 8:21:42 AM,1.361612,Normal
23/12/2015 8:22:42 AM,1.377631,Normal
23/12/2015 8:23:42 AM,1.377631,Normal
23/12/2015 8:24:42 AM,1.361612,Normal
23/12/2015 8:25:42 AM,1.377631,Normal
23/12/2015 8:26:42 AM,1.377631,Normal
23/12/2015 8:27:42 AM,1.361612,Normal
23/12/2015 8:28:42 AM,1.425688,Normal
23/12/2015 8:29:42 AM,1.441707,Normal
23/12/2015 8:30:42 AM,1.377631,Normal
23/12/2015 8:31:42 AM,1.377631,Normal
23/12/2015 8:32:42 AM,1.425688,Normal
23/12/2015 8:33:42 AM,1.409669,Normal
23/12/2015 8:34:42 AM,1.409669,Normal
23/12/2015 8:35:42 AM,1.425688,Normal
23/12/2015 8:36:42 AM,1.361612,Normal
23/12/2015 8:37:42 AM,1.425688,Normal
23/12/2015 8:38:42 AM,1.409669,Normal
23/12/2015 8:39:42 AM,1.409669,Normal
23/12/2015 8:40:42 AM,1.457726,Normal
23/12/2015 8:41:42 AM,1.409669,Normal
23/12/2015 8:42:42 AM,1.441707,Normal
23/12/2015 8:43:42 AM,1.425688,Normal
23/12/2015 8:44:42 AM,1.425688,Normal
23/12/2015 8:45:42 AM,1.505783,Normal
23/12/2015 8:46:42 AM,1.409669,Normal
23/12/2015 8:47:42 AM,1.377631,Normal
23/12/2015 8:48:42 AM,1.377631,Normal
23/12/2015 8:49:42 AM,1.441707,Normal
23/12/2015 8:50:42 AM,1.441707,Normal
23/12/2015 8:51:42 AM,1.489764,Normal
23/12/2015 8:52:42 AM,1.441707,Normal
23/12/2015 8:53:42 AM,1.505783,Normal
23/12/2015 8:54:42 AM,1.441707,Normal
23/12/2015 8:55:42 AM,1.441707,Normal
23/12/2015 8:56:42 AM,1.377631,Normal
23/12/2015 8:57:42 AM,1.377631,Normal
23/12/2015 8:58:42 AM,1.425688,Normal
23/12/2015 8:59:42 AM,1.457726,Normal
23/12/2015 9:00:42 AM,1.489764,Normal
23/12/2015 9:01:42 AM,1.441707,Normal
23/12/2015 9:02:42 AM,1.377631,Normal
23/12/2015 9:03:42 AM,1.441707,Normal
23/12/2015 9:04:42 AM,1.505783,Normal
23/12/2015 9:05:42 AM,1.457726,Normal
23/12/2015 9:06:42 AM,1.489764,Normal
23/12/2015 9:07:42 AM,1.409669,Normal
23/12/2015 9:08:42 AM,1.489764,Normal
23/12/2015 9:09:42 AM,1.489764,Normal
23/12/2015 9:10:42 AM,1.425688,Normal
23/12/2015 9:11:42 AM,1.457726,Normal
23/12/2015 9:12:42 AM,1.489764,Normal
23/12/2015 9:13:42 AM,1.377631,Normal
23/12/2015 9:14:42 AM,1.457726,Normal
23/12/2015 9:15:42 AM,1.361612,Normal
23/12/2015 9:16:42 AM,1.521802,Normal
23/12/2015 9:17:42 AM,1.441707,Normal
23/12/2015 9:18:42 AM,1.537821,Normal
23/12/2015 9:19:42 AM,1.425688,Normal
23/12/2015 9:20:42 AM,1.457726,Normal
23/12/2015 9:21:42 AM,1.425688,Normal
23/12/2015 9:22:42 AM,1.457726,Normal
23/12/2015 9:23:42 AM,1.409669,Normal
23/12/2015 9:24:42 AM,1.457726,Normal
23/12/2015 9:25:42 AM,1.409669,Normal
23/12/2015 9:26:42 AM,1.425688,Normal
23/12/2015 9:27:42 AM,1.441707,Normal
23/12/2015 9:28:42 AM,1.441707,Normal
23/12/2015 9:29:42 AM,1.409669,Normal
23/12/2015 9:30:42 AM,1.377631,Normal
23/12/2015 9:31:42 AM,1.441707,Normal
23/12/2015 9:32:42 AM,1.425688,Normal
23/12/2015 9:33:42 AM,1.377631,Normal
23/12/2015 9:34:42 AM,1.409669,Normal
23/12/2015 9:35:42 AM,1.489764,Normal
23/12/2015 9:36:42 AM,1.361612,Normal
23/12/2015 9:37:42 AM,1.441707,Normal
23/12/2015 9:38:42 AM,1.441707,Normal
23/12/2015 9:39:42 AM,1.457726,Normal
23/12/2015 9:40:42 AM,1.441707,Normal
23/12/2015 9:41:42 AM,1.441707,Normal
23/12/2015 9:42:42 AM,1.425688,Normal
23/12/2015 9:43:42 AM,1.457726,Normal
23/12/2015 9:44:42 AM,1.521802,Normal
23/12/2015 9:45:42 AM,1.441707,Normal
23/12/2015 9:46:42 AM,1.409669,Normal
23/12/2015 9:47:42 AM,1.569859,Normal
23/12/2015 9:48:42 AM,1.505783,Normal
23/12/2015 9:49:42 AM,1.489764,Normal
23/12/2015 9:50:42 AM,1.441707,Normal
23/12/2015 9:51:42 AM,1.505783,Normal
23/12/2015 9:52:42 AM,1.425688,Normal
23/12/2015 9:53:42 AM,1.441707,Normal
23/12/2015 9:54:42 AM,1.601897,Normal
23/12/2015 9:55:42 AM,1.361612,Normal
23/12/2015 9:56:42 AM,1.457726,Normal
23/12/2015 9:57:42 AM,1.489764,Normal
23/12/2015 9:58:42 AM,1.521802,Normal
23/12/2015 9:59:42 AM,1.457726,Normal
23/12/2015 10:00:42 AM,1.457726,Normal
23/12/2015 10:01:42 AM,1.585878,Normal
23/12/2015 10:02:42 AM,1.537821,Normal
23/12/2015 10:03:42 AM,1.505783,Normal
23/12/2015 10:04:42 AM,1.409669,Normal
23/12/2015 10:05:42 AM,1.425688,Normal
23/12/2015 10:06:42 AM,1.441707,Normal
23/12/2015 10:07:42 AM,1.425688,Normal
23/12/2015 10:08:42 AM,1.441707,Normal
23/12/2015 10:09:42 AM,1.537821,Normal
23/12/2015 10:10:42 AM,1.441707,Normal
23/12/2015 10:11:42 AM,1.345593,Normal
23/12/2015 10:12:42 AM,1.425688,Normal
23/12/2015 10:13:42 AM,1.489764,Normal
23/12/2015 10:14:42 AM,1.521802,Normal
23/12/2015 10:15:42 AM,1.505783,Normal
23/12/2015 10:16:42 AM,1.457726,Normal
23/12/2015 10:17:42 AM,1.505783,Normal
23/12/2015 10:18:42 AM,1.441707,Normal
23/12/2015 10:19:42 AM,1.409669,Normal
23/12/2015 10:20:42 AM,1.489764,Normal
23/12/2015 10:21:42 AM,1.457726,Normal
23/12/2015 10:22:42 AM,1.489764,Normal
23/12/2015 10:23:42 AM,1.601897,Normal
23/12/2015 10:24:42 AM,1.505783,Normal
23/12/2015 10:25:42 AM,1.505783,Normal
23/12/2015 10:26:42 AM,1.521802,Normal
23/12/2015 10:27:42 AM,1.505783,Normal
23/12/2015 10:28:42 AM,1.441707,Normal
23/12/2015 10:29:42 AM,1.537821,Normal
23/12/2015 10:30:42 AM,1.569859,Normal
23/12/2015 10:31:42 AM,1.489764,Normal
23/12/2015 10:32:42 AM,1.649953,Normal
23/12/2015 10:33:42 AM,1.521802,Normal
23/12/2015 10:34:42 AM,1.505783,Normal
23/12/2015 10:35:42 AM,1.505783,Normal
23/12/2015 10:36:42 AM,1.425688,Normal
23/12/2015 10:37:42 AM,1.457726,Normal
23/12/2015 10:38:42 AM,1.521802,Normal
23/12/2015 10:39:42 AM,1.441707,Normal
23/12/2015 10:40:42 AM,1.521802,Normal
23/12/2015 10:41:42 AM,1.537821,Normal
23/12/2015 10:42:42 AM,1.505783,Normal
23/12/2015 10:43:42 AM,1.489764,Normal
23/12/2015 10:44:42 AM,1.441707,Normal
23/12/2015 10:45:42 AM,1.521802,Normal
23/12/2015 10:46:42 AM,1.521802,Normal
23/12/2015 10:47:42 AM,1.585878,Normal
23/12/2015 10:48:42 AM,1.457726,Normal
23/12/2015 10:49:42 AM,1.489764,Normal
23/12/2015 10:50:42 AM,1.569859,Normal
23/12/2015 10:51:42 AM,1.505783,Normal
23/12/2015 10:52:42 AM,1.521802,Normal
23/12/2015 10:53:42 AM,1.457726,Normal
23/12/2015 10:54:42 AM,1.505783,Normal
23/12/2015 10:55:42 AM,1.489764,Normal
23/12/2015 10:56:42 AM,1.537821,Normal
23/12/2015 10:57:42 AM,1.505783,Normal
23/12/2015 10:58:42 AM,1.409669,Normal
23/12/2015 10:59:42 AM,1.569859,Normal
23/12/2015 11:00:42 AM,1.505783,Normal
23/12/2015 11:01:42 AM,1.569859,Normal
23/12/2015 11:02:42 AM,1.537821,Normal
23/12/2015 11:03:42 AM,1.441707,Normal
23/12/2015 11:04:42 AM,1.601897,Normal
23/12/2015 11:05:42 AM,1.537821,Normal
23/12/2015 11:06:42 AM,1.521802,Normal
23/12/2015 11:07:42 AM,1.521802,Normal
23/12/2015 11:08:42 AM,1.409669,Normal
23/12/2015 11:09:42 AM,1.489764,Normal
23/12/2015 11:10:42 AM,1.425688,Normal
23/12/2015 11:11:42 AM,1.425688,Normal
23/12/2015 11:12:42 AM,1.409669,Normal
23/12/2015 11:13:42 AM,1.489764,Normal
23/12/2015 11:14:42 AM,1.409669,Normal
23/12/2015 11:15:42 AM,1.521802,Normal
23/12/2015 11:16:42 AM,1.441707,Normal
23/12/2015 11:17:42 AM,1.537821,Normal
23/12/2015 11:18:42 AM,1.489764,Normal
23/12/2015 11:19:42 AM,1.489764,Normal
23/12/2015 11:20:42 AM,1.377631,Normal
23/12/2015 11:21:42 AM,1.441707,Normal
23/12/2015 11:22:42 AM,1.489764,Normal
23/12/2015 11:23:42 AM,1.489764,Normal
23/12/2015 11:24:42 AM,1.489764,Normal
23/12/2015 11:25:42 AM,1.537821,Normal
23/12/2015 11:26:42 AM,1.425688,Normal
23/12/2015 11:27:42 AM,1.505783,Normal
23/12/2015 11:28:42 AM,1.505783,Normal
23/12/2015 11:29:42 AM,1.489764,Normal
23/12/2015 11:30:42 AM,1.489764,Normal
23/12/2015 11:31:42 AM,1.521802,Normal
23/12/2015 11:32:42 AM,1.457726,Normal
23/12/2015 11:33:42 AM,1.585878,Normal
23/12/2015 11:34:42 AM,1.505783,Normal
23/12/2015 11:35:42 AM,1.537821,Normal
23/12/2015 11:36:42 AM,1.505783,Normal
23/12/2015 11:37:42 AM,1.537821,Normal
23/12/2015 11:38:42 AM,1.569859,Normal
23/12/2015 11:39:42 AM,1.537821,Normal
23/12/2015 11:40:42 AM,1.537821,Normal
23/12/2015 11:41:42 AM,1.521802,Normal
23/12/2015 11:42:42 AM,1.441707,Normal
23/12/2015 11:43:42 AM,1.537821,Normal
23/12/2015 11:44:42 AM,1.441707,Normal
23/12/2015 11:45:42 AM,1.569859,Normal
23/12/2015 11:46:42 AM,1.441707,Normal
23/12/2015 11:47:42 AM,1.521802,Normal
23/12/2015 11:48:42 AM,1.569859,Normal
23/12/2015 11:49:42 AM,1.569859,Normal
23/12/2015 11:50:42 AM,1.569859,Normal
23/12/2015 11:51:42 AM,1.521802,Normal
23/12/2015 11:52:42 AM,1.585878,Normal
23/12/2015 11:53:42 AM,1.585878,Normal
23/12/2015 11:54:42 AM,1.537821,Normal
23/12/2015 11:55:42 AM,1.537821,Normal
23/12/2015 11:56:42 AM,1.569859,Normal
23/12/2015 11:57:42 AM,1.569859,Normal
23/12/2015 11:58:42 AM,1.649953,Normal
23/12/2015 11:59:42 AM,1.585878,Normal
23/12/2015 12:00:42 PM,1.585878,Normal
23/12/2015 12:01:42 PM,1.585878,Normal
23/12/2015 12:02:42 PM,1.617916,Normal
23/12/2015 12:03:42 PM,1.601897,Normal
23/12/2015 12:04:42 PM,1.601897,Normal
23/12/2015 12:05:42 PM,1.569859,Normal
23/12/2015 12:06:42 PM,1.601897,Normal
23/12/2015 12:07:42 PM,1.601897,Normal
23/12/2015 12:08:42 PM,1.569859,Normal
23/12/2015 12:09:42 PM,1.569859,Normal
23/12/2015 12:10:42 PM,1.569859,Normal
23/12/2015 12:11:42 PM,1.617916,Normal
23/12/2015 12:12:42 PM,1.585878,Normal
23/12/2015 12:13:42 PM,1.585878,Normal
23/12/2015 12:14:42 PM,1.601897,Normal
23/12/2015 12:15:42 PM,1.537821,Normal
23/12/2015 12:16:42 PM,1.569859,Normal
23/12/2015 12:17:42 PM,1.585878,Normal
23/12/2015 12:18:42 PM,1.489764,Normal
23/12/2015 12:19:42 PM,1.665972,Normal
23/12/2015 12:20:42 PM,1.521802,Normal
23/12/2015 12:21:42 PM,1.569859,Normal
23/12/2015 12:22:42 PM,1.521802,Normal
23/12/2015 12:23:42 PM,1.537821,Normal
23/12/2015 12:24:42 PM,1.537821,Normal
23/12/2015 12:25:42 PM,1.521802,Normal
23/12/2015 12:26:42 PM,1.585878,Normal
23/12/2015 12:27:42 PM,1.537821,Normal
23/12/2015 12:28:42 PM,1.537821,Normal
23/12/2015 12:29:42 PM,1.585878,Normal
23/12/2015 12:30:42 PM,1.585878,Normal
23/12/2015 12:31:42 PM,1.585878,Normal
23/12/2015 12:32:42 PM,1.569859,Normal
23/12/2015 12:33:42 PM,1.569859,Normal
23/12/2015 12:34:42 PM,1.569859,Normal
23/12/2015 12:35:42 PM,1.569859,Normal
23/12/2015 12:36:42 PM,1.585878,Normal
23/12/2015 12:37:42 PM,1.585878,Normal
23/12/2015 12:38:42 PM,1.585878,Normal
23/12/2015 12:39:42 PM,1.569859,Normal
23/12/2015 12:40:42 PM,1.569859,Normal
23/12/2015 12:41:42 PM,1.569859,Normal
23/12/2015 12:42:42 PM,1.569859,Normal
23/12/2015 12:43:42 PM,1.569859,Normal
23/12/2015 12:44:42 PM,1.569859,Normal
23/12/2015 12:45:42 PM,1.617916,Normal
23/12/2015 12:46:42 PM,1.585878,Normal
23/12/2015 12:47:42 PM,1.585878,Normal
23/12/2015 12:48:42 PM,1.601897,Normal
23/12/2015 12:49:42 PM,1.489764,Normal
23/12/2015 12:50:42 PM,1.537821,Normal
23/12/2015 12:51:42 PM,1.569859,Normal
23/12/2015 12:52:42 PM,1.601897,Normal
23/12/2015 12:53:42 PM,1.585878,Normal
23/12/2015 12:54:42 PM,1.681991,Normal
23/12/2015 12:55:42 PM,1.585878,Normal
23/12/2015 12:56:42 PM,1.569859,Normal
23/12/2015 12:57:42 PM,1.569859,Normal
23/12/2015 12:58:42 PM,1.537821,Normal
23/12/2015 12:59:42 PM,1.569859,Normal
23/12/2015 1:00:42 PM,1.585878,Normal
23/12/2015 1:01:42 PM,1.585878,Normal
23/12/2015 1:02:42 PM,1.665972,Normal
23/12/2015 1:03:42 PM,1.569859,Normal
23/12/2015 1:04:42 PM,1.569859,Normal
23/12/2015 1:05:42 PM,1.569859,Normal
23/12/2015 1:06:42 PM,1.585878,Normal
23/12/2015 1:07:42 PM,1.569859,Normal
23/12/2015 1:08:42 PM,1.569859,Normal
23/12/2015 1:09:42 PM,1.585878,Normal
23/12/2015 1:10:42 PM,1.585878,Normal
23/12/2015 1:11:42 PM,1.585878,Normal
23/12/2015 1:12:42 PM,1.585878,Normal
23/12/2015 1:13:42 PM,1.585878,Normal
23/12/2015 1:14:42 PM,1.585878,Normal
23/12/2015 1:15:42 PM,1.585878,Normal
23/12/2015 1:16:42 PM,1.617916,Normal
23/12/2015 1:17:42 PM,1.585878,Normal
23/12/2015 1:18:42 PM,1.585878,Normal
23/12/2015 1:19:42 PM,1.585878,Normal
23/12/2015 1:20:42 PM,1.585878,Normal
23/12/2015 1:21:42 PM,1.617916,Normal
23/12/2015 1:22:42 PM,1.601897,Normal
23/12/2015 1:23:42 PM,1.585878,Normal
23/12/2015 1:24:42 PM,1.585878,Normal
23/12/2015 1:25:42 PM,1.505783,Normal
23/12/2015 1:26:42 PM,1.569859,Normal
23/12/2015 1:27:42 PM,1.537821,Normal
23/12/2015 1:28:42 PM,1.537821,Normal
23/12/2015 1:29:42 PM,1.457726,Normal
23/12/2015 1:30:42 PM,1.569859,Normal
23/12/2015 1:31:42 PM,1.601897,Normal
23/12/2015 1:32:42 PM,1.569859,Normal
23/12/2015 1:33:42 PM,1.569859,Normal
23/12/2015 1:34:42 PM,1.569859,Normal
23/12/2015 1:35:42 PM,1.569859,Normal
23/12/2015 1:36:42 PM,1.537821,Normal
23/12/2015 1:37:42 PM,1.505783,Normal
23/12/2015 1:38:42 PM,1.585878,Normal
23/12/2015 1:39:42 PM,1.585878,Normal
23/12/2015 1:40:42 PM,1.585878,Normal
23/12/2015 1:41:42 PM,1.617916,Normal
23/12/2015 1:42:42 PM,1.601897,Normal
23/12/2015 1:43:42 PM,1.569859,Normal
23/12/2015 1:44:42 PM,1.569859,Normal
23/12/2015 1:45:42 PM,1.585878,Normal
23/12/2015 1:46:42 PM,1.585878,Normal
23/12/2015 1:47:42 PM,1.601897,Normal
23/12/2015 1:48:42 PM,1.585878,Normal
23/12/2015 1:49:42 PM,1.585878,Normal
23/12/2015 1:50:42 PM,1.585878,Normal
23/12/2015 1:51:42 PM,1.585878,Normal
23/12/2015 1:52:42 PM,1.569859,Normal
23/12/2015 1:53:42 PM,1.601897,Normal
23/12/2015 1:54:42 PM,1.601897,Normal
23/12/2015 1:55:42 PM,1.617916,Normal
23/12/2015 1:56:42 PM,1.585878,Normal
23/12/2015 1:57:42 PM,1.601897,Normal
23/12/2015 1:58:42 PM,1.601897,Normal
23/12/2015 1:59:42 PM,1.601897,Normal
23/12/2015 2:00:42 PM,1.601897,Normal
23/12/2015 2:01:42 PM,1.569859,Normal
23/12/2015 2:02:42 PM,1.601897,Normal
23/12/2015 2:03:42 PM,1.569859,Normal
23/12/2015 2:04:42 PM,1.585878,Normal
23/12/2015 2:05:42 PM,1.505783,Normal
23/12/2015 2:06:42 PM,1.601897,Normal
23/12/2015 2:07:42 PM,1.569859,Normal
23/12/2015 2:08:42 PM,1.585878,Normal
23/12/2015 2:09:42 PM,1.585878,Normal
23/12/2015 2:10:42 PM,1.585878,Normal
23/12/2015 2:11:42 PM,1.585878,Normal
23/12/2015 2:12:42 PM,1.585878,Normal
23/12/2015 2:13:42 PM,1.681991,Normal
23/12/2015 2:14:42 PM,1.601897,Normal
23/12/2015 2:15:42 PM,1.441707,Normal
23/12/2015 2:16:42 PM,1.537821,Normal
23/12/2015 2:17:42 PM,1.601897,Normal
23/12/2015 2:18:42 PM,1.585878,Normal
23/12/2015 2:19:42 PM,1.585878,Normal
23/12/2015 2:20:42 PM,1.585878,Normal
23/12/2015 2:21:42 PM,1.617916,Normal
23/12/2015 2:22:42 PM,1.601897,Normal
23/12/2015 2:23:42 PM,1.569859,Normal
23/12/2015 2:24:42 PM,1.521802,Normal
23/12/2015 2:25:42 PM,1.601897,Normal
23/12/2015 2:26:42 PM,1.601897,Normal
23/12/2015 2:27:42 PM,1.601897,Normal
23/12/2015 2:28:42 PM,1.537821,Normal
23/12/2015 2:29:42 PM,1.585878,Normal
23/12/2015 2:30:42 PM,1.585878,Normal
23/12/2015 2:31:42 PM,1.569859,Normal
23/12/2015 2:32:42 PM,1.601897,Normal
23/12/2015 2:33:42 PM,1.601897,Normal
23/12/2015 2:34:42 PM,1.537821,Normal
23/12/2015 2:35:42 PM,1.569859,Normal
23/12/2015 2:36:42 PM,1.665972,Normal
23/12/2015 2:37:42 PM,1.601897,Normal
23/12/2015 2:38:42 PM,1.617916,Normal
23/12/2015 2:39:42 PM,1.569859,Normal
23/12/2015 2:40:42 PM,1.569859,Normal
23/12/2015 2:41:42 PM,1.617916,Normal
23/12/2015 2:42:42 PM,1.585878,Normal
23/12/2015 2:43:42 PM,1.585878,Normal
23/12/2015 2:44:42 PM,1.601897,Normal
23/12/2015 2:45:42 PM,1.585878,Normal
23/12/2015 2:46:42 PM,1.585878,Normal
23/12/2015 2:47:42 PM,1.537821,Normal
23/12/2015 2:48:42 PM,1.601897,Normal
23/12/2015 2:49:42 PM,1.601897,Normal
23/12/2015 2:50:42 PM,1.601897,Normal
23/12/2015 2:51:42 PM,1.601897,Normal
23/12/2015 2:52:42 PM,1.569859,Normal
23/12/2015 2:53:42 PM,1.569859,Normal
23/12/2015 2:54:42 PM,1.585878,Normal
23/12/2015 2:55:42 PM,1.585878,Normal
23/12/2015 2:56:42 PM,1.585878,Normal
23/12/2015 2:57:42 PM,1.601897,Normal
23/12/2015 2:58:42 PM,1.601897,Normal
23/12/2015 2:59:42 PM,1.617916,Normal
23/12/2015 3:00:42 PM,1.569859,Normal
23/12/2015 3:01:42 PM,1.601897,Normal
23/12/2015 3:02:42 PM,1.601897,Normal
23/12/2015 3:03:42 PM,1.601897,Normal
23/12/2015 3:04:42 PM,1.601897,Normal
23/12/2015 3:05:42 PM,1.569859,Normal
23/12/2015 3:06:42 PM,1.585878,Normal
23/12/2015 3:07:42 PM,1.585878,Normal
23/12/2015 3:08:42 PM,1.585878,Normal
23/12/2015 3:09:42 PM,1.585878,Normal
23/12/2015 3:10:42 PM,1.585878,Normal
23/12/2015 3:11:42 PM,1.585878,Normal
23/12/2015 3:12:42 PM,1.569859,Normal
23/12/2015 3:13:42 PM,1.441707,Normal
23/12/2015 3:14:42 PM,1.585878,Normal
23/12/2015 3:15:42 PM,1.489764,Normal
23/12/2015 3:16:42 PM,1.569859,Normal
23/12/2015 3:17:42 PM,1.569859,Normal
23/12/2015 3:18:42 PM,1.569859,Normal
23/12/2015 3:19:42 PM,1.569859,Normal
23/12/2015 3:20:42 PM,1.569859,Normal
23/12/2015 3:21:42 PM,1.569859,Normal
23/12/2015 3:22:42 PM,1.569859,Normal
23/12/2015 3:23:42 PM,1.489764,Normal
23/12/2015 3:24:42 PM,1.585878,Normal
23/12/2015 3:25:42 PM,1.569859,Normal
23/12/2015 3:26:42 PM,1.585878,Normal
23/12/2015 3:27:42 PM,1.665972,Normal
23/12/2015 3:28:42 PM,1.569859,Normal
23/12/2015 3:29:42 PM,1.617916,Normal
23/12/2015 3:30:42 PM,1.521802,Normal
23/12/2015 3:31:42 PM,1.537821,Normal
23/12/2015 3:32:42 PM,1.585878,Normal
23/12/2015 3:33:42 PM,1.649953,Normal
23/12/2015 3:34:42 PM,1.537821,Normal
23/12/2015 3:35:42 PM,1.585878,Normal
23/12/2015 3:36:42 PM,1.569859,Normal
23/12/2015 3:37:42 PM,1.569859,Normal
23/12/2015 3:38:42 PM,1.521802,Normal
23/12/2015 3:39:42 PM,1.601897,Normal
23/12/2015 3:40:42 PM,1.585878,Normal
23/12/2015 3:41:42 PM,1.601897,Normal
23/12/2015 3:42:42 PM,1.649953,Normal
23/12/2015 3:43:42 PM,1.601897,Normal
23/12/2015 3:44:42 PM,1.505783,Normal
23/12/2015 3:45:42 PM,1.585878,Normal
23/12/2015 3:46:42 PM,1.569859,Normal
23/12/2015 3:47:42 PM,1.569859,Normal
23/12/2015 3:48:42 PM,1.649953,Normal
23/12/2015 3:49:42 PM,1.521802,Normal
23/12/2015 3:50:42 PM,1.585878,Normal
23/12/2015 3:51:42 PM,1.585878,Normal
23/12/2015 3:52:42 PM,1.585878,Normal
23/12/2015 3:53:42 PM,1.585878,Normal
23/12/2015 3:54:42 PM,1.585878,Normal
23/12/2015 3:55:42 PM,1.585878,Normal
23/12/2015 3:56:42 PM,1.569859,Normal
23/12/2015 3:57:42 PM,1.537821,Normal
23/12/2015 3:58:42 PM,1.585878,Normal
23/12/2015 3:59:42 PM,1.569859,Normal
23/12/2015 4:00:42 PM,1.569859,Normal
23/12/2015 4:01:42 PM,1.569859,Normal
23/12/2015 4:02:42 PM,1.569859,Normal
23/12/2015 4:03:42 PM,1.601897,Normal
23/12/2015 4:04:42 PM,1.681991,Normal
23/12/2015 4:05:42 PM,1.601897,Normal
23/12/2015 4:06:42 PM,1.601897,Normal
23/12/2015 4:07:42 PM,1.441707,Normal
23/12/2015 4:08:42 PM,1.601897,Normal
23/12/2015 4:09:42 PM,1.601897,Normal
23/12/2015 4:10:42 PM,1.601897,Normal
23/12/2015 4:11:42 PM,1.601897,Normal
23/12/2015 4:12:42 PM,1.585878,Normal
23/12/2015 4:13:42 PM,1.585878,Normal
23/12/2015 4:14:42 PM,1.585878,Normal
23/12/2015 4:15:42 PM,1.601897,Normal
23/12/2015 4:16:42 PM,1.601897,Normal
23/12/2015 4:17:42 PM,1.601897,Normal
23/12/2015 4:18:42 PM,1.601897,Normal
23/12/2015 4:19:42 PM,1.601897,Normal
23/12/2015 4:20:42 PM,1.601897,Normal
23/12/2015 4:21:42 PM,1.585878,Normal
23/12/2015 4:22:42 PM,1.601897,Normal
23/12/2015 4:23:42 PM,1.585878,Normal
23/12/2015 4:24:42 PM,1.585878,Normal
23/12/2015 4:25:42 PM,1.585878,Normal
23/12/2015 4:26:42 PM,1.585878,Normal
23/12/2015 4:27:42 PM,1.585878,Normal
23/12/2015 4:28:42 PM,1.601897,Normal
23/12/2015 4:29:42 PM,1.601897,Normal
23/12/2015 4:30:42 PM,1.585878,Normal
23/12/2015 4:31:42 PM,1.617916,Normal
23/12/2015 4:32:42 PM,1.569859,Normal
23/12/2015 4:33:42 PM,1.537821,Normal
23/12/2015 4:34:42 PM,1.601897,Normal
23/12/2015 4:35:42 PM,1.585878,Normal
23/12/2015 4:36:42 PM,1.681991,Normal
23/12/2015 4:37:42 PM,1.601897,Normal
23/12/2015 4:38:42 PM,1.585878,Normal
23/12/2015 4:39:42 PM,1.585878,Normal
23/12/2015 4:40:42 PM,1.617916,Normal
23/12/2015 4:41:42 PM,1.601897,Normal
23/12/2015 4:42:42 PM,1.601897,Normal
23/12/2015 4:43:42 PM,1.521802,Normal
23/12/2015 4:44:42 PM,1.585878,Normal
23/12/2015 4:45:42 PM,1.585878,Normal
23/12/2015 4:46:42 PM,1.585878,Normal
23/12/2015 4:47:42 PM,1.681991,Normal
23/12/2015 4:48:42 PM,1.601897,Normal
23/12/2015 4:49:42 PM,1.601897,Normal
23/12/2015 4:50:42 PM,1.585878,Normal
23/12/2015 4:51:42 PM,1.585878,Normal
23/12/2015 4:52:42 PM,1.585878,Normal
23/12/2015 4:53:42 PM,1.569859,Normal
23/12/2015 4:54:42 PM,1.569859,Normal
23/12/2015 4:55:42 PM,1.601897,Normal
23/12/2015 4:56:42 PM,1.585878,Normal
23/12/2015 4:57:42 PM,1.617916,Normal
23/12/2015 4:58:42 PM,1.601897,Normal
23/12/2015 4:59:42 PM,1.585878,Normal
23/12/2015 5:00:42 PM,1.585878,Normal
23/12/2015 5:01:42 PM,1.585878,Normal
23/12/2015 5:02:42 PM,1.585878,Normal
23/12/2015 5:03:42 PM,1.585878,Normal
23/12/2015 5:04:42 PM,1.585878,Normal
23/12/2015 5:05:42 PM,1.585878,Normal
23/12/2015 5:06:42 PM,1.585878,Normal
23/12/2015 5:07:42 PM,1.585878,Normal
23/12/2015 5:08:42 PM,1.585878,Normal
23/12/2015 5:09:42 PM,1.585878,Normal
23/12/2015 5:10:42 PM,1.585878,Normal
23/12/2015 5:11:42 PM,1.601897,Normal
23/12/2015 5:12:42 PM,1.601897,Normal
23/12/2015 5:13:42 PM,1.601897,Normal
23/12/2015 5:14:42 PM,1.601897,Normal
23/12/2015 5:15:42 PM,1.601897,Normal
23/12/2015 5:16:42 PM,1.601897,Normal
23/12/2015 5:17:42 PM,1.585878,Normal
23/12/2015 5:18:42 PM,1.585878,Normal
23/12/2015 5:19:42 PM,1.585878,Normal
23/12/2015 5:20:42 PM,1.649953,Normal
23/12/2015 5:21:42 PM,1.601897,Normal
23/12/2015 5:22:42 PM,1.601897,Normal
23/12/2015 5:23:42 PM,1.601897,Normal
23/12/2015 5:24:42 PM,1.585878,Normal
23/12/2015 5:25:42 PM,1.585878,Normal
23/12/2015 5:26:42 PM,1.585878,Normal
23/12/2015 5:27:42 PM,1.585878,Normal
23/12/2015 5:28:42 PM,1.585878,Normal
23/12/2015 5:29:42 PM,1.585878,Normal
23/12/2015 5:30:42 PM,1.585878,Normal
23/12/2015 5:31:42 PM,1.521802,Normal
23/12/2015 5:32:42 PM,1.521802,Normal
23/12/2015 5:33:42 PM,1.601897,Normal
23/12/2015 5:34:42 PM,1.601897,Normal
23/12/2015 5:35:42 PM,1.489764,Normal
23/12/2015 5:36:42 PM,1.569859,Normal
23/12/2015 5:37:42 PM,1.569859,Normal
23/12/2015 5:38:42 PM,1.569859,Normal
23/12/2015 5:39:42 PM,1.457726,Normal
23/12/2015 5:40:42 PM,1.585878,Normal
23/12/2015 5:41:42 PM,1.505783,Normal
23/12/2015 5:42:42 PM,1.569859,Normal
23/12/2015 5:43:42 PM,1.569859,Normal
23/12/2015 5:44:42 PM,1.505783,Normal
23/12/2015 5:45:42 PM,1.585878,Normal
23/12/2015 5:46:42 PM,1.537821,Normal
23/12/2015 5:47:42 PM,1.585878,Normal
23/12/2015 5:48:42 PM,1.537821,Normal
23/12/2015 5:49:42 PM,1.569859,Normal
23/12/2015 5:50:42 PM,1.569859,Normal
23/12/2015 5:51:42 PM,1.569859,Normal
23/12/2015 5:52:42 PM,1.537821,Normal
23/12/2015 5:53:42 PM,1.585878,Normal
23/12/2015 5:54:42 PM,1.569859,Normal
23/12/2015 5:55:42 PM,1.569859,Normal
23/12/2015 5:56:42 PM,1.569859,Normal
23/12/2015 5:57:42 PM,1.569859,Normal
23/12/2015 5:58:42 PM,1.601897,Normal
23/12/2015 5:59:42 PM,1.569859,Normal
23/12/2015 6:00:42 PM,1.489764,Normal
23/12/2015 6:01:42 PM,1.521802,Normal
23/12/2015 6:02:42 PM,1.569859,Normal
23/12/2015 6:03:42 PM,1.521802,Normal
23/12/2015 6:04:42 PM,1.489764,Normal
23/12/2015 6:05:42 PM,1.617916,Normal
23/12/2015 6:06:42 PM,1.537821,Normal
23/12/2015 6:07:42 PM,1.585878,Normal
23/12/2015 6:08:42 PM,1.601897,Normal
23/12/2015 6:09:42 PM,1.537821,Normal
23/12/2015 6:10:42 PM,1.521802,Normal
23/12/2015 6:11:42 PM,1.521802,Normal
23/12/2015 6:12:42 PM,1.521802,Normal
23/12/2015 6:13:42 PM,1.537821,Normal
23/12/2015 6:14:42 PM,1.505783,Normal
23/12/2015 6:15:42 PM,1.441707,Normal
23/12/2015 6:16:42 PM,1.585878,Normal
23/12/2015 6:17:42 PM,1.569859,Normal
23/12/2015 6:18:42 PM,1.617916,Normal
23/12/2015 6:19:42 PM,1.521802,Normal
23/12/2015 6:20:42 PM,1.521802,Normal
23/12/2015 6:21:42 PM,1.569859,Normal
23/12/2015 6:22:42 PM,1.569859,Normal
23/12/2015 6:23:42 PM,1.537821,Normal
23/12/2015 6:24:42 PM,1.569859,Normal
23/12/2015 6:25:42 PM,1.569859,Normal
23/12/2015 6:26:42 PM,1.537821,Normal
23/12/2015 6:27:42 PM,1.585878,Normal
23/12/2015 6:28:42 PM,1.585878,Normal
23/12/2015 6:29:42 PM,1.585878,Normal
23/12/2015 6:30:42 PM,1.585878,Normal
23/12/2015 6:31:42 PM,1.585878,Normal
23/12/2015 6:32:42 PM,1.585878,Normal
23/12/2015 6:33:42 PM,1.521802,Normal
23/12/2015 6:34:42 PM,1.585878,Normal
23/12/2015 6:35:42 PM,1.617916,Normal
23/12/2015 6:36:42 PM,1.537821,Normal
23/12/2015 6:37:42 PM,1.505783,Normal
23/12/2015 6:38:42 PM,1.585878,Normal
23/12/2015 6:39:42 PM,1.585878,Normal
23/12/2015 6:40:42 PM,1.569859,Normal
23/12/2015 6:41:42 PM,1.569859,Normal
23/12/2015 6:42:42 PM,1.569859,Normal
23/12/2015 6:43:42 PM,1.585878,Normal
23/12/2015 6:44:42 PM,1.585878,Normal
23/12/2015 6:45:42 PM,1.585878,Normal
23/12/2015 6:46:42 PM,1.585878,Normal
23/12/2015 6:47:42 PM,1.585878,Normal
23/12/2015 6:48:42 PM,1.585878,Normal
23/12/2015 6:49:42 PM,1.585878,Normal
23/12/2015 6:50:42 PM,1.569859,Normal
23/12/2015 6:51:42 PM,1.601897,Normal
23/12/2015 6:52:42 PM,1.585878,Normal
23/12/2015 6:53:42 PM,1.585878,Normal
23/12/2015 6:54:42 PM,1.585878,Normal
23/12/2015 6:55:42 PM,1.585878,Normal
23/12/2015 6:56:42 PM,1.617916,Normal
23/12/2015 6:57:42 PM,1.617916,Normal
23/12/2015 6:58:42 PM,1.601897,Normal
23/12/2015 6:59:42 PM,1.521802,Normal
23/12/2015 7:00:42 PM,1.601897,Normal
23/12/2015 7:01:42 PM,1.601897,Normal
23/12/2015 7:02:42 PM,1.601897,Normal
23/12/2015 7:03:42 PM,1.601897,Normal
23/12/2015 7:04:42 PM,1.601897,Normal
23/12/2015 7:05:42 PM,1.649953,Normal
23/12/2015 7:06:42 PM,1.585878,Normal
23/12/2015 7:07:42 PM,1.617916,Normal
23/12/2015 7:08:42 PM,1.585878,Normal
23/12/2015 7:09:42 PM,1.601897,Normal
23/12/2015 7:10:42 PM,1.601897,Normal
23/12/2015 7:11:42 PM,1.665972,Normal
23/12/2015 7:12:42 PM,1.585878,Normal
23/12/2015 7:13:42 PM,1.537821,Normal
23/12/2015 7:14:42 PM,1.585878,Normal
23/12/2015 7:15:42 PM,1.569859,Normal
23/12/2015 7:16:42 PM,1.569859,Normal
23/12/2015 7:17:42 PM,1.569859,Normal
23/12/2015 7:18:42 PM,1.617916,Normal
23/12/2015 7:19:42 PM,1.489764,Normal
23/12/2015 7:20:42 PM,1.505783,Normal
23/12/2015 7:21:42 PM,1.489764,Normal
23/12/2015 7:22:42 PM,1.505783,Normal
23/12/2015 7:23:42 PM,1.441707,Normal
23/12/2015 7:24:42 PM,1.521802,Normal
23/12/2015 7:25:42 PM,1.489764,Normal
23/12/2015 7:26:42 PM,1.537821,Normal
23/12/2015 7:27:42 PM,1.521802,Normal
23/12/2015 7:28:42 PM,1.441707,Normal
23/12/2015 7:29:42 PM,1.457726,Normal
23/12/2015 7:30:42 PM,1.505783,Normal
23/12/2015 7:31:42 PM,1.489764,Normal
23/12/2015 7:32:42 PM,1.441707,Normal
23/12/2015 7:33:42 PM,1.457726,Normal
23/12/2015 7:34:42 PM,1.409669,Normal
23/12/2015 7:35:42 PM,1.505783,Normal
23/12/2015 7:36:42 PM,1.489764,Normal
23/12/2015 7:37:42 PM,1.457726,Normal
23/12/2015 7:38:42 PM,1.457726,Normal
23/12/2015 7:39:42 PM,1.457726,Normal
23/12/2015 7:40:42 PM,1.457726,Normal
23/12/2015 7:41:42 PM,1.409669,Normal
23/12/2015 7:42:42 PM,1.585878,Normal
23/12/2015 7:43:42 PM,1.505783,Normal
23/12/2015 7:44:42 PM,1.409669,Normal
23/12/2015 7:45:42 PM,1.457726,Normal
23/12/2015 7:46:42 PM,1.441707,Normal
23/12/2015 7:47:42 PM,1.441707,Normal
23/12/2015 7:48:42 PM,1.409669,Normal
23/12/2015 7:49:42 PM,1.441707,Normal
23/12/2015 7:50:42 PM,1.425688,Normal
23/12/2015 7:51:42 PM,1.377631,Normal
23/12/2015 7:52:42 PM,1.377631,Normal
23/12/2015 7:53:42 PM,1.409669,Normal
23/12/2015 7:54:42 PM,1.409669,Normal
23/12/2015 7:55:42 PM,1.409669,Normal
23/12/2015 7:56:42 PM,1.409669,Normal
23/12/2015 7:57:42 PM,1.345593,Normal
23/12/2015 7:58:42 PM,1.329574,Normal
23/12/2015 7:59:42 PM,1.409669,Normal
23/12/2015 8:00:42 PM,1.361612,Normal
23/12/2015 8:01:42 PM,1.409669,Normal
23/12/2015 8:02:42 PM,1.361612,Normal
23/12/2015 8:03:42 PM,1.425688,Normal
23/12/2015 8:04:42 PM,1.361612,Normal
23/12/2015 8:05:42 PM,1.409669,Normal
23/12/2015 8:06:42 PM,1.361612,Normal
23/12/2015 8:07:42 PM,1.217441,Normal
23/12/2015 8:08:42 PM,1.329574,Normal
23/12/2015 8:09:42 PM,1.329574,Normal
23/12/2015 8:10:42 PM,1.297536,Normal
23/12/2015 8:11:42 PM,1.345593,Normal
23/12/2015 8:12:42 PM,1.345593,Normal
23/12/2015 8:13:42 PM,1.377631,Normal
23/12/2015 8:14:42 PM,1.425688,Normal
23/12/2015 8:15:42 PM,1.345593,Normal
23/12/2015 8:16:42 PM,1.425688,Normal
23/12/2015 8:17:42 PM,1.329574,Normal
23/12/2015 8:18:42 PM,1.425688,Normal
23/12/2015 8:19:42 PM,1.425688,Normal
23/12/2015 8:20:42 PM,1.345593,Normal
23/12/2015 8:21:42 PM,1.361612,Normal
23/12/2015 8:22:42 PM,1.249479,Normal
23/12/2015 8:23:42 PM,1.345593,Normal
23/12/2015 8:24:42 PM,1.281517,Normal
23/12/2015 8:25:42 PM,1.297536,Normal
23/12/2015 8:26:42 PM,1.265498,Normal
23/12/2015 8:27:42 PM,1.297536,Normal
23/12/2015 8:28:42 PM,1.217441,Normal
23/12/2015 8:29:42 PM,1.265498,Normal
23/12/2015 8:30:42 PM,1.265498,Normal
23/12/2015 8:31:42 PM,1.249479,Normal
23/12/2015 8:32:42 PM,1.201422,Normal
23/12/2015 8:33:42 PM,1.249479,Normal
23/12/2015 8:34:42 PM,1.265498,Normal
23/12/2015 8:35:42 PM,1.265498,Normal
23/12/2015 8:36:42 PM,1.185403,Normal
23/12/2015 8:37:42 PM,1.249479,Normal
23/12/2015 8:38:42 PM,1.265498,Normal
23/12/2015 8:39:42 PM,1.201422,Normal
23/12/2015 8:40:42 PM,1.169384,Normal
23/12/2015 8:41:42 PM,1.217441,Normal
23/12/2015 8:42:42 PM,1.281517,Normal
23/12/2015 8:43:42 PM,1.217441,Normal
23/12/2015 8:44:42 PM,1.201422,Normal
23/12/2015 8:45:42 PM,1.297536,Normal
23/12/2015 8:46:42 PM,1.249479,Normal
23/12/2015 8:47:42 PM,1.217441,Normal
23/12/2015 8:48:42 PM,1.265498,Normal
23/12/2015 8:49:42 PM,1.201422,Normal
23/12/2015 8:50:42 PM,1.217441,Normal
23/12/2015 8:51:42 PM,1.217441,Normal
23/12/2015 8:52:42 PM,1.185403,Normal
23/12/2015 8:53:42 PM,1.201422,Normal
23/12/2015 8:54:42 PM,1.217441,Normal
23/12/2015 8:55:42 PM,1.217441,Normal
23/12/2015 8:56:42 PM,1.217441,Normal
23/12/2015 8:57:42 PM,1.185403,Normal
23/12/2015 8:58:42 PM,1.201422,Normal
23/12/2015 8:59:42 PM,1.201422,Normal
23/12/2015 9:00:42 PM,1.201422,Normal
23/12/2015 9:01:42 PM,1.201422,Normal
23/12/2015 9:02:42 PM,1.201422,Normal
23/12/2015 9:03:42 PM,1.201422,Normal
23/12/2015 9:04:42 PM,1.201422,Normal
23/12/2015 9:05:42 PM,1.201422,Normal
23/12/2015 9:06:42 PM,1.217441,Normal
23/12/2015 9:07:42 PM,1.121328,Normal
23/12/2015 9:08:42 PM,1.169384,Normal
23/12/2015 9:09:42 PM,1.217441,Normal
23/12/2015 9:10:42 PM,1.217441,Normal
23/12/2015 9:11:42 PM,1.185403,Normal
23/12/2015 9:12:42 PM,1.185403,Normal
23/12/2015 9:13:42 PM,1.201422,Normal
23/12/2015 9:14:42 PM,1.169384,Normal
23/12/2015 9:15:42 PM,1.217441,Normal
23/12/2015 9:16:42 PM,1.249479,Normal
23/12/2015 9:17:42 PM,1.121328,Normal
23/12/2015 9:18:42 PM,1.201422,Normal
23/12/2015 9:19:42 PM,1.185403,Normal
23/12/2015 9:20:42 PM,1.185403,Normal
23/12/2015 9:21:42 PM,1.201422,Normal
23/12/2015 9:22:42 PM,1.185403,Normal
23/12/2015 9:23:42 PM,1.249479,Normal
23/12/2015 9:24:42 PM,1.201422,Normal
23/12/2015 9:25:42 PM,1.201422,Normal
23/12/2015 9:26:42 PM,1.201422,Normal
23/12/2015 9:27:42 PM,1.201422,Normal
23/12/2015 9:28:42 PM,1.201422,Normal
23/12/2015 9:29:42 PM,1.201422,Normal
23/12/2015 9:30:42 PM,1.201422,Normal
23/12/2015 9:31:42 PM,1.137347,Normal
23/12/2015 9:32:42 PM,1.201422,Normal
23/12/2015 9:33:42 PM,1.217441,Normal
23/12/2015 9:34:42 PM,1.185403,Normal
23/12/2015 9:35:42 PM,1.185403,Normal
23/12/2015 9:36:42 PM,1.185403,Normal
23/12/2015 9:37:42 PM,1.201422,Normal
23/12/2015 9:38:42 PM,1.169384,Normal
23/12/2015 9:39:42 PM,1.169384,Normal
23/12/2015 9:40:42 PM,1.185403,Normal
23/12/2015 9:41:42 PM,1.169384,Normal
23/12/2015 9:42:42 PM,1.169384,Normal
23/12/2015 9:43:42 PM,1.169384,Normal
23/12/2015 9:44:42 PM,1.201422,Normal
23/12/2015 9:45:42 PM,1.201422,Normal
23/12/2015 9:46:42 PM,1.169384,Normal
23/12/2015 9:47:42 PM,1.169384,Normal
23/12/2015 9:48:42 PM,1.201422,Normal
23/12/2015 9:49:42 PM,1.169384,Normal
23/12/2015 9:50:42 PM,1.169384,Normal
23/12/2015 9:51:42 PM,1.169384,Normal
23/12/2015 9:52:42 PM,1.185403,Normal
23/12/2015 9:53:42 PM,1.201422,Normal
23/12/2015 9:54:42 PM,1.08929,Normal
23/12/2015 9:55:42 PM,1.217441,Normal
23/12/2015 9:56:42 PM,1.121328,Normal
23/12/2015 9:57:42 PM,1.169384,Normal
23/12/2015 9:58:42 PM,1.137347,Normal
23/12/2015 9:59:42 PM,1.201422,Normal
23/12/2015 10:00:42 PM,1.137347,Normal
23/12/2015 10:01:42 PM,1.137347,Normal
23/12/2015 10:02:42 PM,1.185403,Normal
23/12/2015 10:03:42 PM,1.185403,Normal
23/12/2015 10:04:42 PM,1.105309,Normal
23/12/2015 10:05:42 PM,1.169384,Normal
23/12/2015 10:06:42 PM,1.169384,Normal
23/12/2015 10:07:42 PM,1.169384,Normal
23/12/2015 10:08:42 PM,1.121328,Normal
23/12/2015 10:09:42 PM,1.169384,Normal
23/12/2015 10:10:42 PM,1.121328,Normal
23/12/2015 10:11:42 PM,1.121328,Normal
23/12/2015 10:12:42 PM,1.121328,Normal
23/12/2015 10:13:42 PM,1.169384,Normal
23/12/2015 10:14:42 PM,1.08929,Normal
23/12/2015 10:15:42 PM,1.041233,Normal
23/12/2015 10:16:42 PM,1.185403,Normal
23/12/2015 10:17:42 PM,1.185403,Normal
23/12/2015 10:18:42 PM,1.169384,Normal
23/12/2015 10:19:42 PM,1.057252,Normal
23/12/2015 10:20:42 PM,1.137347,Normal
23/12/2015 10:21:42 PM,1.121328,Normal
23/12/2015 10:22:42 PM,1.121328,Normal
23/12/2015 10:23:42 PM,1.137347,Normal
23/12/2015 10:24:42 PM,1.121328,Normal
23/12/2015 10:25:42 PM,1.105309,Normal
23/12/2015 10:26:42 PM,1.137347,Normal
23/12/2015 10:27:42 PM,1.185403,Normal
23/12/2015 10:28:42 PM,1.08929,Normal
23/12/2015 10:29:42 PM,1.185403,Normal
23/12/2015 10:30:42 PM,1.041233,Normal
23/12/2015 10:31:42 PM,1.169384,Normal
23/12/2015 10:32:42 PM,1.137347,Normal
23/12/2015 10:33:42 PM,1.185403,Normal
23/12/2015 10:34:42 PM,1.201422,Normal
23/12/2015 10:35:42 PM,1.185403,Normal
23/12/2015 10:36:42 PM,1.201422,Normal
23/12/2015 10:37:42 PM,1.169384,Normal
23/12/2015 10:38:42 PM,1.169384,Normal
23/12/2015 10:39:42 PM,1.185403,Normal
23/12/2015 10:40:42 PM,1.169384,Normal
23/12/2015 10:41:42 PM,1.08929,Normal
23/12/2015 10:42:42 PM,1.121328,Normal
23/12/2015 10:43:42 PM,1.121328,Normal
23/12/2015 10:44:42 PM,1.105309,Normal
23/12/2015 10:45:42 PM,1.08929,Normal
23/12/2015 10:46:42 PM,1.185403,Normal
23/12/2015 10:47:42 PM,1.08929,Normal
23/12/2015 10:48:42 PM,1.121328,Normal
23/12/2015 10:49:42 PM,1.057252,Normal
23/12/2015 10:50:42 PM,1.08929,Normal
23/12/2015 10:51:42 PM,1.201422,Normal
23/12/2015 10:52:42 PM,1.08929,Normal
23/12/2015 10:53:42 PM,1.057252,Normal
23/12/2015 10:54:42 PM,1.041233,Normal
23/12/2015 10:55:42 PM,1.057252,Normal
23/12/2015 10:56:42 PM,1.121328,Normal
23/12/2015 10:57:42 PM,1.08929,Normal
23/12/2015 10:58:42 PM,1.057252,Normal
23/12/2015 10:59:42 PM,1.041233,Normal
23/12/2015 11:00:42 PM,1.169384,Normal
23/12/2015 11:01:42 PM,1.121328,Normal
23/12/2015 11:02:42 PM,1.08929,Normal
23/12/2015 11:03:42 PM,1.105309,Normal
23/12/2015 11:04:42 PM,1.105309,Normal
23/12/2015 11:05:42 PM,1.041233,Normal
23/12/2015 11:06:42 PM,1.08929,Normal
23/12/2015 11:07:42 PM,1.057252,Normal
23/12/2015 11:08:42 PM,1.105309,Normal
23/12/2015 11:09:42 PM,1.08929,Normal
23/12/2015 11:10:42 PM,1.217441,Normal
23/12/2015 11:11:42 PM,1.057252,Normal
23/12/2015 11:12:42 PM,1.105309,Normal
23/12/2015 11:13:42 PM,1.105309,Normal
23/12/2015 11:14:42 PM,1.185403,Normal
23/12/2015 11:15:42 PM,1.201422,Normal
23/12/2015 11:16:42 PM,1.169384,Normal
23/12/2015 11:17:42 PM,1.169384,Normal
23/12/2015 11:18:42 PM,1.105309,Normal
23/12/2015 11:19:42 PM,1.121328,Normal
23/12/2015 11:20:42 PM,1.137347,Normal
23/12/2015 11:21:42 PM,1.137347,Normal
23/12/2015 11:22:42 PM,1.185403,Normal
23/12/2015 11:23:42 PM,1.105309,Normal
23/12/2015 11:24:42 PM,1.121328,Normal
23/12/2015 11:25:42 PM,1.057252,Normal
23/12/2015 11:26:42 PM,1.137347,Normal
23/12/2015 11:27:42 PM,1.08929,Normal
23/12/2015 11:28:42 PM,1.137347,Normal
23/12/2015 11:29:42 PM,1.137347,Normal
23/12/2015 11:30:42 PM,1.137347,Normal
23/12/2015 11:31:42 PM,1.105309,Normal
23/12/2015 11:32:42 PM,1.121328,Normal
23/12/2015 11:33:42 PM,0.9771569,Normal
23/12/2015 11:34:42 PM,1.185403,Normal
23/12/2015 11:35:42 PM,1.169384,Normal
23/12/2015 11:36:42 PM,1.121328,Normal
23/12/2015 11:37:42 PM,1.08929,Normal
23/12/2015 11:38:42 PM,1.169384,Normal
23/12/2015 11:39:42 PM,1.08929,Normal
23/12/2015 11:40:42 PM,1.105309,Normal
23/12/2015 11:41:42 PM,1.105309,Normal
23/12/2015 11:42:42 PM,1.217441,Normal
23/12/2015 11:43:42 PM,1.137347,Normal
23/12/2015 11:44:42 PM,1.057252,Normal
23/12/2015 11:45:42 PM,1.121328,Normal
23/12/2015 11:46:42 PM,1.121328,Normal
23/12/2015 11:47:42 PM,1.121328,Normal
23/12/2015 11:48:42 PM,1.137347,Normal
23/12/2015 11:49:42 PM,1.08929,Normal
23/12/2015 11:50:42 PM,1.009195,Normal
23/12/2015 11:51:42 PM,1.08929,Normal
23/12/2015 11:52:42 PM,1.08929,Normal
23/12/2015 11:53:42 PM,1.057252,Normal
23/12/2015 11:54:42 PM,1.057252,Normal
23/12/2015 11:55:42 PM,1.121328,Normal
23/12/2015 11:56:42 PM,1.057252,Normal
23/12/2015 11:57:42 PM,1.137347,Normal
23/12/2015 11:58:42 PM,1.105309,Normal
23/12/2015 11:59:42 PM,1.025214,Normal
24/12/2015 12:00:42 AM,1.121328,Normal
24/12/2015 12:01:42 AM,1.057252,Normal
24/12/2015 12:02:42 AM,1.025214,Normal
24/12/2015 12:03:42 AM,1.121328,Normal
24/12/2015 12:04:42 AM,1.041233,Normal
24/12/2015 12:05:42 AM,1.169384,Normal
24/12/2015 12:06:42 AM,1.137347,Normal
24/12/2015 12:07:42 AM,1.121328,Normal
24/12/2015 12:08:42 AM,1.041233,Normal
24/12/2015 12:09:42 AM,1.121328,Normal
24/12/2015 12:10:42 AM,1.08929,Normal
24/12/2015 12:11:42 AM,1.185403,Normal
24/12/2015 12:12:42 AM,1.137347,Normal
24/12/2015 12:13:42 AM,1.057252,Normal
24/12/2015 12:14:42 AM,1.009195,Normal
24/12/2015 12:15:42 AM,1.041233,Normal
24/12/2015 12:16:42 AM,1.121328,Normal
24/12/2015 12:17:42 AM,1.041233,Normal
24/12/2015 12:18:42 AM,1.121328,Normal
24/12/2015 12:19:42 AM,1.105309,Normal
24/12/2015 12:20:42 AM,1.137347,Normal
24/12/2015 12:21:42 AM,1.08929,Normal
24/12/2015 12:22:42 AM,1.137347,Normal
24/12/2015 12:23:42 AM,1.08929,Normal
24/12/2015 12:24:42 AM,1.041233,Normal
24/12/2015 12:25:42 AM,1.025214,Normal
24/12/2015 12:26:42 AM,1.105309,Normal
24/12/2015 12:27:42 AM,1.041233,Normal
24/12/2015 12:28:42 AM,1.08929,Normal
24/12/2015 12:29:42 AM,1.201422,Normal
24/12/2015 12:30:42 AM,1.041233,Normal
24/12/2015 12:31:42 AM,1.121328,Normal
24/12/2015 12:32:42 AM,1.105309,Normal
24/12/2015 12:33:42 AM,1.057252,Normal
24/12/2015 12:34:42 AM,1.057252,Normal
24/12/2015 12:35:42 AM,1.105309,Normal
24/12/2015 12:36:42 AM,1.041233,Normal
24/12/2015 12:37:42 AM,1.041233,Normal
24/12/2015 12:38:42 AM,1.105309,Normal
24/12/2015 12:39:42 AM,1.057252,Normal
24/12/2015 12:40:42 AM,1.041233,Normal
24/12/2015 12:41:42 AM,1.025214,Normal
24/12/2015 12:42:42 AM,1.041233,Normal
24/12/2015 12:43:42 AM,1.041233,Normal
24/12/2015 12:44:42 AM,1.041233,Normal
24/12/2015 12:45:42 AM,1.041233,Normal
24/12/2015 12:46:42 AM,1.025214,Normal
24/12/2015 12:47:42 AM,1.025214,Normal
24/12/2015 12:48:42 AM,1.105309,Normal
24/12/2015 12:49:42 AM,1.201422,Normal
24/12/2015 12:50:42 AM,1.041233,Normal
24/12/2015 12:51:42 AM,1.121328,Normal
24/12/2015 12:52:42 AM,1.137347,Normal
24/12/2015 12:53:42 AM,1.057252,Normal
24/12/2015 12:54:42 AM,1.08929,Normal
24/12/2015 12:55:42 AM,1.185403,Normal
24/12/2015 12:56:42 AM,1.025214,Normal
24/12/2015 12:57:42 AM,1.025214,Normal
24/12/2015 12:58:42 AM,1.08929,Normal
24/12/2015 12:59:42 AM,1.057252,Normal
24/12/2015 1:00:42 AM,1.057252,Normal
24/12/2015 1:01:42 AM,1.057252,Normal
24/12/2015 1:02:42 AM,1.121328,Normal
24/12/2015 1:03:42 AM,1.121328,Normal
24/12/2015 1:04:42 AM,1.105309,Normal
24/12/2015 1:05:42 AM,1.041233,Normal
24/12/2015 1:06:42 AM,1.08929,Normal
24/12/2015 1:07:42 AM,1.025214,Normal
24/12/2015 1:08:42 AM,1.041233,Normal
24/12/2015 1:09:42 AM,1.08929,Normal
24/12/2015 1:10:42 AM,0.9771569,Normal
24/12/2015 1:11:42 AM,1.057252,Normal
24/12/2015 1:12:42 AM,1.137347,Normal
24/12/2015 1:13:42 AM,1.08929,Normal
24/12/2015 1:14:42 AM,1.057252,Normal
24/12/2015 1:15:42 AM,1.041233,Normal
24/12/2015 1:16:42 AM,1.057252,Normal
24/12/2015 1:17:42 AM,1.041233,Normal
24/12/2015 1:18:42 AM,1.025214,Normal
24/12/2015 1:19:42 AM,1.041233,Normal
24/12/2015 1:20:42 AM,1.009195,Normal
24/12/2015 1:21:42 AM,1.08929,Normal
24/12/2015 1:22:42 AM,1.041233,Normal
24/12/2015 1:23:42 AM,1.009195,Normal
24/12/2015 1:24:42 AM,0.961138,Normal
24/12/2015 1:25:42 AM,1.009195,Normal
24/12/2015 1:26:42 AM,1.041233,Normal
24/12/2015 1:27:42 AM,1.105309,Normal
24/12/2015 1:28:42 AM,1.08929,Normal
24/12/2015 1:29:42 AM,1.08929,Normal
24/12/2015 1:30:42 AM,1.025214,Normal
24/12/2015 1:31:42 AM,1.041233,Normal
24/12/2015 1:32:42 AM,1.025214,Normal
24/12/2015 1:33:42 AM,1.08929,Normal
24/12/2015 1:34:42 AM,1.169384,Normal
24/12/2015 1:35:42 AM,1.025214,Normal
24/12/2015 1:36:42 AM,1.041233,Normal
24/12/2015 1:37:42 AM,1.08929,Normal
24/12/2015 1:38:42 AM,1.249479,Normal
24/12/2015 1:39:42 AM,1.08929,Normal
24/12/2015 1:40:42 AM,1.009195,Normal
24/12/2015 1:41:42 AM,1.025214,Normal
24/12/2015 1:42:42 AM,0.9291,Normal
24/12/2015 1:43:42 AM,1.025214,Normal
24/12/2015 1:44:42 AM,1.009195,Normal
24/12/2015 1:45:42 AM,1.057252,Normal
24/12/2015 1:46:42 AM,1.057252,Normal
24/12/2015 1:47:42 AM,1.041233,Normal
24/12/2015 1:48:42 AM,1.009195,Normal
24/12/2015 1:49:42 AM,1.041233,Normal
24/12/2015 1:50:42 AM,1.025214,Normal
24/12/2015 1:51:42 AM,1.041233,Normal
24/12/2015 1:52:42 AM,0.9771569,Normal
24/12/2015 1:53:42 AM,1.009195,Normal
24/12/2015 1:54:42 AM,0.961138,Normal
24/12/2015 1:55:42 AM,1.121328,Normal
24/12/2015 1:56:42 AM,1.057252,Normal
24/12/2015 1:57:42 AM,1.025214,Normal
24/12/2015 1:58:42 AM,1.025214,Normal
24/12/2015 1:59:42 AM,1.025214,Normal
24/12/2015 2:00:42 AM,1.041233,Normal
24/12/2015 2:01:42 AM,1.041233,Normal
24/12/2015 2:02:42 AM,1.057252,Normal
24/12/2015 2:03:42 AM,1.08929,Normal
24/12/2015 2:04:42 AM,1.025214,Normal
24/12/2015 2:05:42 AM,0.945119,Normal
24/12/2015 2:06:42 AM,1.041233,Normal
24/12/2015 2:07:42 AM,1.025214,Normal
24/12/2015 2:08:42 AM,1.009195,Normal
24/12/2015 2:09:42 AM,0.945119,Normal
24/12/2015 2:10:42 AM,1.025214,Normal
24/12/2015 2:11:42 AM,1.041233,Normal
24/12/2015 2:12:42 AM,1.105309,Normal
24/12/2015 2:13:42 AM,1.041233,Normal
24/12/2015 2:14:42 AM,1.08929,Normal
24/12/2015 2:15:42 AM,1.025214,Normal
24/12/2015 2:16:42 AM,1.025214,Normal
24/12/2015 2:17:42 AM,0.961138,Normal
24/12/2015 2:18:42 AM,1.057252,Normal
24/12/2015 2:19:42 AM,0.9771569,Normal
24/12/2015 2:20:42 AM,1.105309,Normal
24/12/2015 2:21:42 AM,1.041233,Normal
24/12/2015 2:22:42 AM,1.025214,Normal
24/12/2015 2:23:42 AM,1.057252,Normal
24/12/2015 2:24:42 AM,1.009195,Normal
24/12/2015 2:25:42 AM,0.9771569,Normal
24/12/2015 2:26:42 AM,1.041233,Normal
24/12/2015 2:27:42 AM,1.025214,Normal
24/12/2015 2:28:42 AM,1.025214,Normal
24/12/2015 2:29:42 AM,1.041233,Normal
24/12/2015 2:30:42 AM,1.041233,Normal
24/12/2015 2:31:42 AM,1.025214,Normal
24/12/2015 2:32:42 AM,0.9771569,Normal
24/12/2015 2:33:42 AM,1.105309,Normal
24/12/2015 2:34:42 AM,1.105309,Normal
24/12/2015 2:35:42 AM,1.041233,Normal
24/12/2015 2:36:42 AM,1.009195,Normal
24/12/2015 2:37:42 AM,1.009195,Normal
24/12/2015 2:38:42 AM,1.041233,Normal
24/12/2015 2:39:42 AM,1.009195,Normal
24/12/2015 2:40:42 AM,1.025214,Normal
24/12/2015 2:41:42 AM,1.025214,Normal
24/12/2015 2:42:42 AM,1.057252,Normal
24/12/2015 2:43:42 AM,1.009195,Normal
24/12/2015 2:44:42 AM,1.217441,Normal
24/12/2015 2:45:42 AM,1.041233,Normal
24/12/2015 2:46:42 AM,1.025214,Normal
24/12/2015 2:47:42 AM,0.9771569,Normal
24/12/2015 2:48:42 AM,1.08929,Normal
24/12/2015 2:49:42 AM,1.025214,Normal
24/12/2015 2:50:42 AM,1.025214,Normal
24/12/2015 2:51:42 AM,1.009195,Normal
24/12/2015 2:52:42 AM,1.009195,Normal
24/12/2015 2:53:42 AM,1.169384,Normal
24/12/2015 2:54:42 AM,0.9771569,Normal
24/12/2015 2:55:42 AM,1.041233,Normal
24/12/2015 2:56:42 AM,1.025214,Normal
24/12/2015 2:57:42 AM,1.025214,Normal
24/12/2015 2:58:42 AM,0.9291,Normal
24/12/2015 2:59:42 AM,1.025214,Normal
24/12/2015 3:00:42 AM,1.009195,Normal
24/12/2015 3:01:42 AM,1.025214,Normal
24/12/2015 3:02:42 AM,1.025214,Normal
24/12/2015 3:03:42 AM,1.057252,Normal
24/12/2015 3:04:42 AM,1.009195,Normal
24/12/2015 3:05:42 AM,1.08929,Normal
24/12/2015 3:06:42 AM,1.057252,Normal
24/12/2015 3:07:42 AM,1.025214,Normal
24/12/2015 3:08:42 AM,1.025214,Normal
24/12/2015 3:09:42 AM,1.08929,Normal
24/12/2015 3:10:42 AM,1.185403,Normal
24/12/2015 3:11:42 AM,1.009195,Normal
24/12/2015 3:12:42 AM,1.025214,Normal
24/12/2015 3:13:42 AM,1.041233,Normal
24/12/2015 3:14:42 AM,1.041233,Normal
24/12/2015 3:15:42 AM,1.057252,Normal
24/12/2015 3:16:42 AM,1.025214,Normal
24/12/2015 3:17:42 AM,1.105309,Normal
24/12/2015 3:18:42 AM,1.025214,Normal
24/12/2015 3:19:42 AM,1.025214,Normal
24/12/2015 3:20:42 AM,1.025214,Normal
24/12/2015 3:21:42 AM,1.009195,Normal
24/12/2015 3:22:42 AM,1.041233,Normal
24/12/2015 3:23:42 AM,1.009195,Normal
24/12/2015 3:24:42 AM,1.025214,Normal
24/12/2015 3:25:42 AM,0.9771569,Normal
24/12/2015 3:26:42 AM,1.041233,Normal
24/12/2015 3:27:42 AM,0.9771569,Normal
24/12/2015 3:28:42 AM,1.08929,Normal
24/12/2015 3:29:42 AM,0.961138,Normal
24/12/2015 3:30:42 AM,1.121328,Normal
24/12/2015 3:31:42 AM,1.009195,Normal
24/12/2015 3:32:42 AM,1.105309,Normal
24/12/2015 3:33:42 AM,0.9771569,Normal
24/12/2015 3:34:42 AM,1.025214,Normal
24/12/2015 3:35:42 AM,1.025214,Normal
24/12/2015 3:36:42 AM,1.025214,Normal
24/12/2015 3:37:42 AM,0.9771569,Normal
24/12/2015 3:38:42 AM,0.9771569,Normal
24/12/2015 3:39:42 AM,1.025214,Normal
24/12/2015 3:40:42 AM,1.025214,Normal
24/12/2015 3:41:42 AM,1.025214,Normal
24/12/2015 3:42:42 AM,0.9771569,Normal
24/12/2015 3:43:42 AM,1.08929,Normal
24/12/2015 3:44:42 AM,1.057252,Normal
24/12/2015 3:45:42 AM,1.041233,Normal
24/12/2015 3:46:42 AM,1.137347,Normal
24/12/2015 3:47:42 AM,1.025214,Normal
24/12/2015 3:48:42 AM,1.025214,Normal
24/12/2015 3:49:42 AM,1.057252,Normal
24/12/2015 3:50:42 AM,1.025214,Normal
24/12/2015 3:51:42 AM,1.08929,Normal
24/12/2015 3:52:42 AM,1.041233,Normal
24/12/2015 3:53:42 AM,1.137347,Normal
24/12/2015 3:54:42 AM,1.08929,Normal
24/12/2015 3:55:42 AM,1.185403,Normal
24/12/2015 3:56:42 AM,1.169384,Normal
24/12/2015 3:57:42 AM,1.025214,Normal
24/12/2015 3:58:42 AM,1.025214,Normal
24/12/2015 3:59:42 AM,1.121328,Normal
24/12/2015 4:00:42 AM,1.137347,Normal
24/12/2015 4:01:42 AM,0.9771569,Normal
24/12/2015 4:02:42 AM,1.041233,Normal
24/12/2015 4:03:42 AM,1.041233,Normal
24/12/2015 4:04:42 AM,1.08929,Normal
24/12/2015 4:05:42 AM,1.025214,Normal
24/12/2015 4:06:42 AM,1.041233,Normal
24/12/2015 4:07:42 AM,1.025214,Normal
24/12/2015 4:08:42 AM,0.9771569,Normal
24/12/2015 4:09:42 AM,1.08929,Normal
24/12/2015 4:10:42 AM,0.9771569,Normal
24/12/2015 4:11:42 AM,1.009195,Normal
24/12/2015 4:12:42 AM,1.041233,Normal
24/12/2015 4:13:42 AM,1.041233,Normal
24/12/2015 4:14:42 AM,1.025214,Normal
24/12/2015 4:15:42 AM,1.025214,Normal
24/12/2015 4:16:42 AM,1.08929,Normal
24/12/2015 4:17:42 AM,1.105309,Normal
24/12/2015 4:18:42 AM,1.025214,Normal
24/12/2015 4:19:42 AM,1.009195,Normal
24/12/2015 4:20:42 AM,1.137347,Normal
24/12/2015 4:21:42 AM,1.025214,Normal
24/12/2015 4:22:42 AM,1.041233,Normal
24/12/2015 4:23:42 AM,1.137347,Normal
24/12/2015 4:24:42 AM,1.169384,Normal
24/12/2015 4:25:42 AM,1.169384,Normal
24/12/2015 4:26:42 AM,1.08929,Normal
24/12/2015 4:27:42 AM,1.121328,Normal
24/12/2015 4:28:42 AM,1.169384,Normal
24/12/2015 4:29:42 AM,1.041233,Normal
24/12/2015 4:30:42 AM,1.08929,Normal
24/12/2015 4:31:42 AM,1.025214,Normal
24/12/2015 4:32:42 AM,1.041233,Normal
24/12/2015 4:33:42 AM,1.057252,Normal
24/12/2015 4:34:42 AM,1.057252,Normal
24/12/2015 4:35:42 AM,1.041233,Normal
24/12/2015 4:36:42 AM,1.057252,Normal
24/12/2015 4:37:42 AM,1.041233,Normal
24/12/2015 4:38:42 AM,1.057252,Normal
24/12/2015 4:39:42 AM,1.105309,Normal
24/12/2015 4:40:42 AM,1.057252,Normal
24/12/2015 4:41:42 AM,1.121328,Normal
24/12/2015 4:42:42 AM,1.08929,Normal
24/12/2015 4:43:42 AM,1.121328,Normal
24/12/2015 4:44:42 AM,1.137347,Normal
24/12/2015 4:45:42 AM,1.08929,Normal
24/12/2015 4:46:42 AM,1.169384,Normal
24/12/2015 4:47:42 AM,1.105309,Normal
24/12/2015 4:48:42 AM,1.041233,Normal
24/12/2015 4:49:42 AM,1.121328,Normal
24/12/2015 4:50:42 AM,1.057252,Normal
24/12/2015 4:51:42 AM,1.08929,Normal
24/12/2015 4:52:42 AM,0.9771569,Normal
24/12/2015 4:53:42 AM,1.08929,Normal
24/12/2015 4:54:42 AM,1.08929,Normal
24/12/2015 4:55:42 AM,1.169384,Normal
24/12/2015 4:56:42 AM,1.041233,Normal
24/12/2015 4:57:42 AM,1.041233,Normal
24/12/2015 4:58:42 AM,1.169384,Normal
24/12/2015 4:59:42 AM,1.08929,Normal
24/12/2015 5:00:42 AM,1.057252,Normal
24/12/2015 5:01:42 AM,1.057252,Normal
24/12/2015 5:02:42 AM,1.08929,Normal
24/12/2015 5:03:42 AM,1.009195,Normal
24/12/2015 5:04:42 AM,1.121328,Normal
24/12/2015 5:05:42 AM,1.137347,Normal
24/12/2015 5:06:42 AM,1.041233,Normal
24/12/2015 5:07:42 AM,1.025214,Normal
24/12/2015 5:08:42 AM,1.169384,Normal
24/12/2015 5:09:42 AM,0.961138,Normal
24/12/2015 5:10:42 AM,1.025214,Normal
24/12/2015 5:11:42 AM,1.057252,Normal
24/12/2015 5:12:42 AM,1.105309,Normal
24/12/2015 5:13:42 AM,1.08929,Normal
24/12/2015 5:14:42 AM,1.121328,Normal
24/12/2015 5:15:42 AM,1.105309,Normal
24/12/2015 5:16:42 AM,1.121328,Normal
24/12/2015 5:17:42 AM,1.08929,Normal
24/12/2015 5:18:42 AM,1.105309,Normal
24/12/2015 5:19:42 AM,0.9771569,Normal
24/12/2015 5:20:42 AM,1.041233,Normal
24/12/2015 5:21:42 AM,1.08929,Normal
24/12/2015 5:22:42 AM,1.041233,Normal
24/12/2015 5:23:42 AM,1.009195,Normal
24/12/2015 5:24:42 AM,1.08929,Normal
24/12/2015 5:25:42 AM,1.217441,Normal
24/12/2015 5:26:42 AM,1.009195,Normal
24/12/2015 5:27:42 AM,1.121328,Normal
24/12/2015 5:28:42 AM,1.105309,Normal
24/12/2015 5:29:42 AM,1.057252,Normal
24/12/2015 5:30:42 AM,1.105309,Normal
24/12/2015 5:31:42 AM,0.9771569,Normal
24/12/2015 5:32:42 AM,1.057252,Normal
24/12/2015 5:33:42 AM,1.057252,Normal
24/12/2015 5:34:42 AM,1.105309,Normal
24/12/2015 5:35:42 AM,1.041233,Normal
24/12/2015 5:36:42 AM,1.08929,Normal
24/12/2015 5:37:42 AM,1.08929,Normal
24/12/2015 5:38:42 AM,1.057252,Normal
24/12/2015 5:39:42 AM,1.057252,Normal
24/12/2015 5:40:42 AM,1.009195,Normal
24/12/2015 5:41:42 AM,1.025214,Normal
24/12/2015 5:42:42 AM,1.057252,Normal
24/12/2015 5:43:42 AM,1.041233,Normal
24/12/2015 5:44:42 AM,1.025214,Normal
24/12/2015 5:45:42 AM,1.025214,Normal
24/12/2015 5:46:42 AM,1.025214,Normal
24/12/2015 5:47:42 AM,1.025214,Normal
24/12/2015 5:48:42 AM,1.025214,Normal
24/12/2015 5:49:42 AM,1.041233,Normal
24/12/2015 5:50:42 AM,1.025214,Normal
24/12/2015 5:51:42 AM,1.057252,Normal
24/12/2015 5:52:42 AM,1.025214,Normal
24/12/2015 5:53:42 AM,1.041233,Normal
24/12/2015 5:54:42 AM,1.041233,Normal
24/12/2015 5:55:42 AM,1.041233,Normal
24/12/2015 5:56:42 AM,1.057252,Normal
24/12/2015 5:57:42 AM,1.041233,Normal
24/12/2015 5:58:42 AM,0.961138,Normal
24/12/2015 5:59:42 AM,1.057252,Normal
24/12/2015 6:00:42 AM,1.025214,Normal
24/12/2015 6:01:42 AM,1.121328,Normal
24/12/2015 6:02:42 AM,0.961138,Normal
24/12/2015 6:03:42 AM,1.025214,Normal
24/12/2015 6:04:42 AM,1.025214,Normal
24/12/2015 6:05:42 AM,1.105309,Normal
24/12/2015 6:06:42 AM,1.057252,Normal
24/12/2015 6:07:42 AM,1.025214,Normal
24/12/2015 6:08:42 AM,1.041233,Normal
24/12/2015 6:09:42 AM,1.057252,Normal
24/12/2015 6:10:42 AM,1.025214,Normal
24/12/2015 6:11:42 AM,0.9771569,Normal
24/12/2015 6:12:42 AM,1.025214,Normal
24/12/2015 6:13:42 AM,1.08929,Normal
24/12/2015 6:14:42 AM,0.9771569,Normal
24/12/2015 6:15:42 AM,1.041233,Normal
24/12/2015 6:16:42 AM,1.041233,Normal
24/12/2015 6:17:42 AM,0.9771569,Normal
24/12/2015 6:18:42 AM,1.025214,Normal
24/12/2015 6:19:42 AM,1.025214,Normal
24/12/2015 6:20:42 AM,1.009195,Normal
24/12/2015 6:21:42 AM,1.08929,Normal
24/12/2015 6:22:42 AM,1.041233,Normal
24/12/2015 6:23:42 AM,1.009195,Normal
24/12/2015 6:24:42 AM,1.025214,Normal
24/12/2015 6:25:42 AM,1.041233,Normal
24/12/2015 6:26:42 AM,1.057252,Normal
24/12/2015 6:27:42 AM,1.041233,Normal
24/12/2015 6:28:42 AM,1.025214,Normal
24/12/2015 6:29:42 AM,1.105309,Normal
24/12/2015 6:30:42 AM,1.025214,Normal
24/12/2015 6:31:42 AM,0.9771569,Normal
24/12/2015 6:32:42 AM,1.041233,Normal
24/12/2015 6:33:42 AM,0.9771569,Normal
24/12/2015 6:34:42 AM,1.121328,Normal
24/12/2015 6:35:42 AM,1.08929,Normal
24/12/2015 6:36:42 AM,1.057252,Normal
24/12/2015 6:37:42 AM,1.057252,Normal
24/12/2015 6:38:42 AM,1.08929,Normal
24/12/2015 6:39:42 AM,1.08929,Normal
24/12/2015 6:40:42 AM,1.041233,Normal
24/12/2015 6:41:42 AM,1.041233,Normal
24/12/2015 6:42:42 AM,1.105309,Normal
24/12/2015 6:43:42 AM,1.025214,Normal
24/12/2015 6:44:42 AM,1.041233,Normal
24/12/2015 6:45:42 AM,1.025214,Normal
24/12/2015 6:46:42 AM,1.009195,Normal
24/12/2015 6:47:42 AM,0.9291,Normal
24/12/2015 6:48:42 AM,1.009195,Normal
24/12/2015 6:49:42 AM,1.009195,Normal
24/12/2015 6:50:42 AM,1.025214,Normal
24/12/2015 6:51:42 AM,1.025214,Normal
24/12/2015 6:52:42 AM,1.041233,Normal
24/12/2015 6:53:42 AM,1.08929,Normal
24/12/2015 6:54:42 AM,1.025214,Normal
24/12/2015 6:55:42 AM,1.025214,Normal
24/12/2015 6:56:42 AM,1.009195,Normal
24/12/2015 6:57:42 AM,1.009195,Normal
24/12/2015 6:58:42 AM,1.025214,Normal
24/12/2015 6:59:42 AM,1.025214,Normal
24/12/2015 7:00:42 AM,0.9771569,Normal
24/12/2015 7:01:42 AM,1.041233,Normal
24/12/2015 7:02:42 AM,1.025214,Normal
24/12/2015 7:03:42 AM,0.9771569,Normal
24/12/2015 7:04:42 AM,1.009195,Normal
24/12/2015 7:05:42 AM,1.009195,Normal
24/12/2015 7:06:42 AM,0.9771569,Normal
24/12/2015 7:07:42 AM,1.009195,Normal
24/12/2015 7:08:42 AM,1.105309,Normal
24/12/2015 7:09:42 AM,0.9771569,Normal
24/12/2015 7:10:42 AM,0.9771569,Normal
24/12/2015 7:11:42 AM,1.025214,Normal
24/12/2015 7:12:42 AM,1.041233,Normal
24/12/2015 7:13:42 AM,0.961138,Normal
24/12/2015 7:14:42 AM,1.057252,Normal
24/12/2015 7:15:42 AM,1.121328,Normal
24/12/2015 7:16:42 AM,1.041233,Normal
24/12/2015 7:17:42 AM,1.025214,Normal
24/12/2015 7:18:42 AM,1.057252,Normal
24/12/2015 7:19:42 AM,1.041233,Normal
24/12/2015 7:20:42 AM,1.08929,Normal
24/12/2015 7:21:42 AM,1.057252,Normal
24/12/2015 7:22:42 AM,1.121328,Normal
24/12/2015 7:23:42 AM,1.121328,Normal
24/12/2015 7:24:42 AM,1.121328,Normal
24/12/2015 7:25:42 AM,1.249479,Normal
24/12/2015 7:26:42 AM,1.185403,Normal
24/12/2015 7:27:42 AM,1.169384,Normal
24/12/2015 7:28:42 AM,1.185403,Normal
24/12/2015 7:29:42 AM,1.169384,Normal
24/12/2015 7:30:42 AM,1.169384,Normal
24/12/2015 7:31:42 AM,1.169384,Normal
24/12/2015 7:32:42 AM,1.201422,Normal
24/12/2015 7:33:42 AM,1.201422,Normal
24/12/2015 7:34:42 AM,1.201422,Normal
24/12/2015 7:35:42 AM,1.201422,Normal
24/12/2015 7:36:42 AM,1.217441,Normal
24/12/2015 7:37:42 AM,1.249479,Normal
24/12/2015 7:38:42 AM,1.265498,Normal
24/12/2015 7:39:42 AM,1.185403,Normal
24/12/2015 7:40:42 AM,1.297536,Normal
24/12/2015 7:41:42 AM,1.169384,Normal
24/12/2015 7:42:42 AM,1.249479,Normal
24/12/2015 7:43:42 AM,1.329574,Normal
24/12/2015 7:44:42 AM,1.345593,Normal
24/12/2015 7:45:42 AM,1.345593,Normal
24/12/2015 7:46:42 AM,1.377631,Normal
24/12/2015 7:47:42 AM,1.265498,Normal
24/12/2015 7:48:42 AM,1.297536,Normal
24/12/2015 7:49:42 AM,1.361612,Normal
24/12/2015 7:50:42 AM,1.361612,Normal
24/12/2015 7:51:42 AM,1.377631,Normal
24/12/2015 7:52:42 AM,1.377631,Normal
24/12/2015 7:53:42 AM,1.377631,Normal
24/12/2015 7:54:42 AM,1.377631,Normal
24/12/2015 7:55:42 AM,1.377631,Normal
24/12/2015 7:56:42 AM,1.377631,Normal
24/12/2015 7:57:42 AM,1.377631,Normal
24/12/2015 7:58:42 AM,1.377631,Normal
24/12/2015 7:59:42 AM,1.377631,Normal
24/12/2015 8:00:42 AM,1.377631,Normal
24/12/2015 8:01:42 AM,1.377631,Normal
24/12/2015 8:02:42 AM,1.377631,Normal
24/12/2015 8:03:42 AM,1.425688,Normal
24/12/2015 8:04:42 AM,1.377631,Normal
24/12/2015 8:05:42 AM,1.409669,Normal
24/12/2015 8:06:42 AM,1.409669,Normal
24/12/2015 8:07:42 AM,1.409669,Normal
24/12/2015 8:08:42 AM,1.409669,Normal
24/12/2015 8:09:42 AM,1.409669,Normal
24/12/2015 8:10:42 AM,1.425688,Normal
24/12/2015 8:11:42 AM,1.505783,Normal
24/12/2015 8:12:42 AM,1.489764,Normal
24/12/2015 8:13:42 AM,1.409669,Normal
24/12/2015 8:14:42 AM,1.441707,Normal
24/12/2015 8:15:42 AM,1.457726,Normal
24/12/2015 8:16:42 AM,1.457726,Normal
24/12/2015 8:17:42 AM,1.425688,Normal
24/12/2015 8:18:42 AM,1.457726,Normal
24/12/2015 8:19:42 AM,1.489764,Normal
24/12/2015 8:20:42 AM,1.441707,Normal
24/12/2015 8:21:42 AM,1.329574,Normal
24/12/2015 8:22:42 AM,1.441707,Normal
24/12/2015 8:23:42 AM,1.425688,Normal
24/12/2015 8:24:42 AM,1.409669,Normal
24/12/2015 8:25:42 AM,1.521802,Normal
24/12/2015 8:26:42 AM,1.537821,Normal
24/12/2015 8:27:42 AM,1.425688,Normal
24/12/2015 8:28:42 AM,1.569859,Normal
24/12/2015 8:29:42 AM,1.505783,Normal
24/12/2015 8:30:42 AM,1.489764,Normal
24/12/2015 8:31:42 AM,1.569859,Normal
24/12/2015 8:32:42 AM,1.441707,Normal
24/12/2015 8:33:42 AM,1.489764,Normal
24/12/2015 8:34:42 AM,1.457726,Normal
24/12/2015 8:35:42 AM,1.521802,Normal
24/12/2015 8:36:42 AM,1.521802,Normal
24/12/2015 8:37:42 AM,1.489764,Normal
24/12/2015 8:38:42 AM,1.425688,Normal
24/12/2015 8:39:42 AM,1.505783,Normal
24/12/2015 8:40:42 AM,1.457726,Normal
24/12/2015 8:41:42 AM,1.521802,Normal
24/12/2015 8:42:42 AM,1.505783,Normal
24/12/2015 8:43:42 AM,1.425688,Normal
24/12/2015 8:44:42 AM,1.489764,Normal
24/12/2015 8:45:42 AM,1.585878,Normal
24/12/2015 8:46:42 AM,1.521802,Normal
24/12/2015 8:47:42 AM,1.537821,Normal
24/12/2015 8:48:42 AM,1.441707,Normal
24/12/2015 8:49:42 AM,1.521802,Normal
24/12/2015 8:50:42 AM,1.569859,Normal
24/12/2015 8:51:42 AM,1.569859,Normal
24/12/2015 8:52:42 AM,1.569859,Normal
24/12/2015 8:53:42 AM,1.521802,Normal
24/12/2015 8:54:42 AM,1.569859,Normal
24/12/2015 8:55:42 AM,1.585878,Normal
24/12/2015 8:56:42 AM,1.521802,Normal
24/12/2015 8:57:42 AM,1.489764,Normal
24/12/2015 8:58:42 AM,1.537821,Normal
24/12/2015 8:59:42 AM,1.585878,Normal
24/12/2015 9:00:42 AM,1.569859,Normal
24/12/2015 9:01:42 AM,1.537821,Normal
24/12/2015 9:02:42 AM,1.569859,Normal
24/12/2015 9:03:42 AM,1.521802,Normal
24/12/2015 9:04:42 AM,1.537821,Normal
24/12/2015 9:05:42 AM,1.537821,Normal
24/12/2015 9:06:42 AM,1.537821,Normal
24/12/2015 9:07:42 AM,1.409669,Normal
24/12/2015 9:08:42 AM,1.521802,Normal
24/12/2015 9:09:42 AM,1.457726,Normal
24/12/2015 9:10:42 AM,1.585878,Normal
24/12/2015 9:11:42 AM,1.457726,Normal
24/12/2015 9:12:42 AM,1.505783,Normal
24/12/2015 9:13:42 AM,1.505783,Normal
24/12/2015 9:14:42 AM,1.537821,Normal
24/12/2015 9:15:42 AM,1.585878,Normal
24/12/2015 9:16:42 AM,1.585878,Normal
24/12/2015 9:17:42 AM,1.585878,Normal
24/12/2015 9:18:42 AM,1.585878,Normal
24/12/2015 9:19:42 AM,1.537821,Normal
24/12/2015 9:20:42 AM,1.521802,Normal
24/12/2015 9:21:42 AM,1.569859,Normal
24/12/2015 9:22:42 AM,1.601897,Normal
24/12/2015 9:23:42 AM,1.537821,Normal
24/12/2015 9:24:42 AM,1.537821,Normal
24/12/2015 9:25:42 AM,1.617916,Normal
24/12/2015 9:26:42 AM,1.505783,Normal
24/12/2015 9:27:42 AM,1.489764,Normal
24/12/2015 9:28:42 AM,1.521802,Normal
24/12/2015 9:29:42 AM,1.505783,Normal
24/12/2015 9:30:42 AM,1.537821,Normal
24/12/2015 9:31:42 AM,1.585878,Normal
24/12/2015 9:32:42 AM,1.569859,Normal
24/12/2015 9:33:42 AM,1.569859,Normal
24/12/2015 9:34:42 AM,1.585878,Normal
24/12/2015 9:35:42 AM,1.665972,Normal
24/12/2015 9:36:42 AM,1.537821,Normal
24/12/2015 9:37:42 AM,1.537821,Normal
24/12/2015 9:38:42 AM,1.601897,Normal
24/12/2015 9:39:42 AM,1.585878,Normal
24/12/2015 9:40:42 AM,1.505783,Normal
24/12/2015 9:41:42 AM,1.585878,Normal
24/12/2015 9:42:42 AM,1.505783,Normal
24/12/2015 9:43:42 AM,1.585878,Normal
24/12/2015 9:44:42 AM,1.585878,Normal
24/12/2015 9:45:42 AM,1.585878,Normal
24/12/2015 9:46:42 AM,1.569859,Normal
24/12/2015 9:47:42 AM,1.569859,Normal
24/12/2015 9:48:42 AM,1.569859,Normal
24/12/2015 9:49:42 AM,1.585878,Normal
24/12/2015 9:50:42 AM,1.585878,Normal
24/12/2015 9:51:42 AM,1.585878,Normal
24/12/2015 9:52:42 AM,1.585878,Normal
24/12/2015 9:53:42 AM,1.617916,Normal
24/12/2015 9:54:42 AM,1.681991,Normal
24/12/2015 9:55:42 AM,1.585878,Normal
24/12/2015 9:56:42 AM,1.585878,Normal
24/12/2015 9:57:42 AM,1.585878,Normal
24/12/2015 9:58:42 AM,1.585878,Normal
24/12/2015 9:59:42 AM,1.601897,Normal
24/12/2015 10:00:42 AM,1.601897,Normal
24/12/2015 10:01:42 AM,1.617916,Normal
24/12/2015 10:02:42 AM,1.585878,Normal
24/12/2015 10:03:42 AM,1.585878,Normal
24/12/2015 10:04:42 AM,1.585878,Normal
24/12/2015 10:05:42 AM,1.585878,Normal
24/12/2015 10:06:42 AM,1.585878,Normal
24/12/2015 10:07:42 AM,1.585878,Normal
24/12/2015 10:08:42 AM,1.585878,Normal
24/12/2015 10:09:42 AM,1.569859,Normal
24/12/2015 10:10:42 AM,1.601897,Normal
24/12/2015 10:11:42 AM,1.537821,Normal
24/12/2015 10:12:42 AM,1.585878,Normal
24/12/2015 10:13:42 AM,1.585878,Normal
24/12/2015 10:14:42 AM,1.585878,Normal
24/12/2015 10:15:42 AM,1.585878,Normal
24/12/2015 10:16:42 AM,1.585878,Normal
24/12/2015 10:17:42 AM,1.569859,Normal
24/12/2015 10:18:42 AM,1.665972,Normal
24/12/2015 10:19:42 AM,1.569859,Normal
24/12/2015 10:20:42 AM,1.569859,Normal
24/12/2015 10:21:42 AM,1.569859,Normal
24/12/2015 10:22:42 AM,1.569859,Normal
24/12/2015 10:23:42 AM,1.601897,Normal
24/12/2015 10:24:42 AM,1.537821,Normal
24/12/2015 10:25:42 AM,1.585878,Normal
24/12/2015 10:26:42 AM,1.810143,Normal
24/12/2015 10:27:42 AM,1.569859,Normal
24/12/2015 10:28:42 AM,1.569859,Normal
24/12/2015 10:29:42 AM,1.505783,Normal
24/12/2015 10:30:42 AM,1.585878,Normal
24/12/2015 10:31:42 AM,1.537821,Normal
24/12/2015 10:32:42 AM,1.601897,Normal
24/12/2015 10:33:42 AM,1.569859,Normal
24/12/2015 10:34:42 AM,1.569859,Normal
24/12/2015 10:35:42 AM,1.601897,Normal
24/12/2015 10:36:42 AM,1.569859,Normal
24/12/2015 10:37:42 AM,1.569859,Normal
24/12/2015 10:38:42 AM,1.585878,Normal
24/12/2015 10:39:42 AM,1.585878,Normal
24/12/2015 10:40:42 AM,1.585878,Normal
24/12/2015 10:41:42 AM,1.585878,Normal
24/12/2015 10:42:42 AM,1.489764,Normal
24/12/2015 10:43:42 AM,1.617916,Normal
24/12/2015 10:44:42 AM,1.569859,Normal
24/12/2015 10:45:42 AM,1.569859,Normal
24/12/2015 10:46:42 AM,1.569859,Normal
24/12/2015 10:47:42 AM,1.569859,Normal
24/12/2015 10:48:42 AM,1.601897,Normal
24/12/2015 10:49:42 AM,1.601897,Normal
24/12/2015 10:50:42 AM,1.569859,Normal
24/12/2015 10:51:42 AM,1.505783,Normal
24/12/2015 10:52:42 AM,1.569859,Normal
24/12/2015 10:53:42 AM,1.569859,Normal
24/12/2015 10:54:42 AM,1.537821,Normal
24/12/2015 10:55:42 AM,1.521802,Normal
24/12/2015 10:56:42 AM,1.585878,Normal
24/12/2015 10:57:42 AM,1.569859,Normal
24/12/2015 10:58:42 AM,1.569859,Normal
24/12/2015 10:59:42 AM,1.569859,Normal
24/12/2015 11:00:42 AM,1.569859,Normal
24/12/2015 11:01:42 AM,1.569859,Normal
24/12/2015 11:02:42 AM,1.585878,Normal
24/12/2015 11:03:42 AM,1.537821,Normal
24/12/2015 11:04:42 AM,1.537821,Normal
24/12/2015 11:05:42 AM,1.585878,Normal
24/12/2015 11:06:42 AM,1.585878,Normal
24/12/2015 11:07:42 AM,1.585878,Normal
24/12/2015 11:08:42 AM,1.585878,Normal
24/12/2015 11:09:42 AM,1.585878,Normal
24/12/2015 11:10:42 AM,1.585878,Normal
24/12/2015 11:11:42 AM,1.601897,Normal
24/12/2015 11:12:42 AM,1.585878,Normal
24/12/2015 11:13:42 AM,1.585878,Normal
24/12/2015 11:14:42 AM,1.585878,Normal
24/12/2015 11:15:42 AM,1.601897,Normal
24/12/2015 11:16:42 AM,1.585878,Normal
24/12/2015 11:17:42 AM,1.649953,Normal
24/12/2015 11:18:42 AM,1.601897,Normal
24/12/2015 11:19:42 AM,1.585878,Normal
24/12/2015 11:20:42 AM,1.585878,Normal
24/12/2015 11:21:42 AM,1.585878,Normal
24/12/2015 11:22:42 AM,1.585878,Normal
24/12/2015 11:23:42 AM,1.601897,Normal
24/12/2015 11:24:42 AM,1.569859,Normal
24/12/2015 11:25:42 AM,1.569859,Normal
24/12/2015 11:26:42 AM,1.601897,Normal
24/12/2015 11:27:42 AM,1.521802,Normal
24/12/2015 11:28:42 AM,1.601897,Normal
24/12/2015 11:29:42 AM,1.601897,Normal
24/12/2015 11:30:42 AM,1.505783,Normal
24/12/2015 11:31:42 AM,1.569859,Normal
24/12/2015 11:32:42 AM,1.569859,Normal
24/12/2015 11:33:42 AM,1.585878,Normal
24/12/2015 11:34:42 AM,1.569859,Normal
24/12/2015 11:35:42 AM,1.601897,Normal
24/12/2015 11:36:42 AM,1.601897,Normal
24/12/2015 11:37:42 AM,1.585878,Normal
24/12/2015 11:38:42 AM,1.585878,Normal
24/12/2015 11:39:42 AM,1.585878,Normal
24/12/2015 11:40:42 AM,1.617916,Normal
24/12/2015 11:41:42 AM,1.601897,Normal
24/12/2015 11:42:42 AM,1.601897,Normal
24/12/2015 11:43:42 AM,1.601897,Normal
24/12/2015 11:44:42 AM,1.585878,Normal
24/12/2015 11:45:42 AM,1.601897,Normal
24/12/2015 11:46:42 AM,1.585878,Normal
24/12/2015 11:47:42 AM,1.585878,Normal
24/12/2015 11:48:42 AM,1.585878,Normal
24/12/2015 11:49:42 AM,1.537821,Normal
24/12/2015 11:50:42 AM,1.601897,Normal
24/12/2015 11:51:42 AM,1.601897,Normal
24/12/2015 11:52:42 AM,1.601897,Normal
24/12/2015 11:53:42 AM,1.569859,Normal
24/12/2015 11:54:42 AM,1.425688,Normal
24/12/2015 11:55:42 AM,1.601897,Normal
24/12/2015 11:56:42 AM,1.585878,Normal
24/12/2015 11:57:42 AM,1.585878,Normal
